                                      1 ;--------------------------------------------------------
                                      2 ; File Created by SDCC : free open source ANSI-C Compiler
                                      3 ; Version 4.2.0 #13081 (MINGW64)
                                      4 ;--------------------------------------------------------
                                      5 	.module soccerlg_s9_b3
                                      6 	.optsdcc -mz80
                                      7 	
                                      8 ;--------------------------------------------------------
                                      9 ; Public variables in this module
                                     10 ;--------------------------------------------------------
                                     11 	.globl _CheckFieldBoundaries
                                     12 	.globl _UpdateFieldCamera
                                     13 	.globl _GetPlayerIdleFrame
                                     14 	.globl _GetPlayerAnimFrame
                                     15 	.globl _UpdateReferee
                                     16 	.globl _UpdateBallPhysics
                                     17 	.globl _UpdateGameState_Init
                                     18 	.globl _UpdateGameState_Restarts
                                     19 	.globl _EventOffside
                                     20 	.globl _EventTimeUp
                                     21 	.globl _EventHalfTime
                                     22 	.globl _EventBallKicked
                                     23 	.globl _UpdateGameState_GlobalChecks
                                     24 	.globl _FindReceiver
                                     25 	.globl _PlayerAI
                                     26 	.globl _HideSpriteMessage
                                     27 	.globl _ShowSpriteMessage
                                     28 	.globl _CallFnc_U16_P4B
                                     29 	.globl _CallFnc_U16_P4
                                     30 	.globl _CallFnc_U16_P3
                                     31 	.globl _CallFnc_VOID_16_P1
                                     32 	.globl _CallFnc_VOID_3PTR_U16
                                     33 	.globl _CallFnc_VOID_3PTR
                                     34 	.globl _CallFnc_VOID_P1
                                     35 	.globl _CallFnc_VOID
                                     36 	.globl _PlaySCCEvent
                                     37 	.globl _g_SLTSL
                                     38 	.globl _g_GRPACY
                                     39 	.globl _g_GRPACX
                                     40 	.globl _g_LOGOPR
                                     41 	.globl _g_CMASK
                                     42 	.globl _g_CLOC
                                     43 	.globl _g_FNKSTR
                                     44 	.globl _g_ATRBYT
                                     45 	.globl _g_BDRCLR
                                     46 	.globl _g_BAKCLR
                                     47 	.globl _g_FORCLR
                                     48 	.globl _g_CSRX
                                     49 	.globl _g_CSRY
                                     50 	.globl _g_CLIKSW
                                     51 	.globl _g_MLTPAT
                                     52 	.globl _g_MLTATR
                                     53 	.globl _g_MLTCGP
                                     54 	.globl _g_MLTCOL
                                     55 	.globl _g_MLTNAM
                                     56 	.globl _g_GRPPAT
                                     57 	.globl _g_GRPATR
                                     58 	.globl _g_GRPCGP
                                     59 	.globl _g_GRPCOL
                                     60 	.globl _g_GRPNAM
                                     61 	.globl _g_T32PAT
                                     62 	.globl _g_T32ATR
                                     63 	.globl _g_T32CGP
                                     64 	.globl _g_T32COL
                                     65 	.globl _g_T32NAM
                                     66 	.globl _g_TXTPAT
                                     67 	.globl _g_TXTATR
                                     68 	.globl _g_TXTCGP
                                     69 	.globl _g_TXTCOL
                                     70 	.globl _g_TXTNAM
                                     71 	.globl _g_CLMLST
                                     72 	.globl _g_CRTCNT
                                     73 	.globl _g_LINLEN
                                     74 	.globl _g_LINL32
                                     75 	.globl _g_LINL40
                                     76 	.globl _g_BDOS
                                     77 	.globl _g_MASTER
                                     78 	.globl _g_RAMAD3
                                     79 	.globl _g_RAMAD2
                                     80 	.globl _g_RAMAD1
                                     81 	.globl _g_RAMAD0
                                     82 	.globl _g_BREAKV
                                     83 	.globl _g_DISKVE
                                     84 	.globl _g_KANJTABLE
                                     85 	.globl _g_STRSRC
                                     86 	.globl _g_SUBRID
                                     87 	.globl _g_CHAR_16
                                     88 	.globl _g_MSXMID
                                     89 	.globl _g_MSXVER
                                     90 	.globl _g_ROMVersion
                                     91 	.globl _g_BASRVN
                                     92 	.globl _g_VDP_DW
                                     93 	.globl _g_VDP_DR
                                     94 	.globl _g_CGTABL
                                     95 	.globl _g_SVFFFD
                                     96 	.globl _g_RG27SAV
                                     97 	.globl _g_RG26SAV
                                     98 	.globl _g_RG25SAV
                                     99 	.globl _g_SVFFF8
                                    100 	.globl _g_MINROM
                                    101 	.globl _g_RG23SAV
                                    102 	.globl _g_RG22SAV
                                    103 	.globl _g_RG21SAV
                                    104 	.globl _g_RG20SAV
                                    105 	.globl _g_RG19SAV
                                    106 	.globl _g_RG18SAV
                                    107 	.globl _g_RG17SAV
                                    108 	.globl _g_RG16SAV
                                    109 	.globl _g_RG15SAV
                                    110 	.globl _g_RG14SAV
                                    111 	.globl _g_RG13SAV
                                    112 	.globl _g_RG12SAV
                                    113 	.globl _g_RG11SAV
                                    114 	.globl _g_RG10SAV
                                    115 	.globl _g_RG09SAV
                                    116 	.globl _g_RG08SAV
                                    117 	.globl _g_PROCNM
                                    118 	.globl _g_SLTWRK
                                    119 	.globl _g_SLTATR
                                    120 	.globl _g_SLTTBL
                                    121 	.globl _g_EXPTBL
                                    122 	.globl _g_MNROM
                                    123 	.globl _g_DRWANG
                                    124 	.globl _g_DRWSCL
                                    125 	.globl _g_DRWFLG
                                    126 	.globl _g_GYPOS
                                    127 	.globl _g_GXPOS
                                    128 	.globl _g_BRDATR
                                    129 	.globl _g_CASPRV
                                    130 	.globl _g_OLDSCR
                                    131 	.globl _g_SCRMOD
                                    132 	.globl _g_FLBMEM
                                    133 	.globl _g_KANAMD
                                    134 	.globl _g_KANAST
                                    135 	.globl _g_CAPST
                                    136 	.globl _g_CSTYLE
                                    137 	.globl _g_CSRSW
                                    138 	.globl _g_INSFLG
                                    139 	.globl _g_ESCCNT
                                    140 	.globl _g_GRPHED
                                    141 	.globl _g_WINWID
                                    142 	.globl _g_LOWLIM
                                    143 	.globl _g_INTCNT
                                    144 	.globl _g_INTVAL
                                    145 	.globl _g_JIFFY
                                    146 	.globl _g_PADX
                                    147 	.globl _g_PADY
                                    148 	.globl _g_INTFLG
                                    149 	.globl _g_RTYCNT
                                    150 	.globl _g_TRPTBL
                                    151 	.globl _g_HIMEM
                                    152 	.globl _g_BOTTOM
                                    153 	.globl _g_PATWRK
                                    154 	.globl _g_LINWRK
                                    155 	.globl _g_KEYBUF
                                    156 	.globl _g_NEWKEY
                                    157 	.globl _g_OLDKEY
                                    158 	.globl _g_CLIKFL
                                    159 	.globl _g_ONGSBF
                                    160 	.globl _g_FNKFLG
                                    161 	.globl _g_FNKSWI
                                    162 	.globl _g_CODSAV
                                    163 	.globl _g_FSTPOS
                                    164 	.globl _g_LINTTB
                                    165 	.globl _g_BASROM
                                    166 	.globl _g_ENSTOP
                                    167 	.globl _g_VCBC
                                    168 	.globl _g_VCBB
                                    169 	.globl _g_VCBA
                                    170 	.globl _g_PLYCNT
                                    171 	.globl _g_MUSICF
                                    172 	.globl _g_QUEUEN
                                    173 	.globl _g_MCLPTR
                                    174 	.globl _g_MCLLEN
                                    175 	.globl _g_SAVVOL
                                    176 	.globl _g_VOICEN
                                    177 	.globl _g_SAVSP
                                    178 	.globl _g_PRSCNT
                                    179 	.globl _g_LSTMOD
                                    180 	.globl _g_LSTCOM
                                    181 	.globl _g_COMMSK
                                    182 	.globl _g_ESTBLS
                                    183 	.globl _g_FLAGS
                                    184 	.globl _g_ERRORS
                                    185 	.globl _g_DATCNT
                                    186 	.globl _g_DEVNUM
                                    187 	.globl _g_OLDINT
                                    188 	.globl _g_OLDSTT
                                    189 	.globl _g_MEXBIh
                                    190 	.globl _g_RSIQLN
                                    191 	.globl _g_RSFCB
                                    192 	.globl _g_TOCNT
                                    193 	.globl _g_RSTMP
                                    194 	.globl _g_YSAVE
                                    195 	.globl _g_XSAVE
                                    196 	.globl _g_NORUSE
                                    197 	.globl _g_MODE
                                    198 	.globl _g_ROMA
                                    199 	.globl _g_CHRCNT
                                    200 	.globl _g_EXBRSA
                                    201 	.globl _g_AVCSAV
                                    202 	.globl _g_ACPAGE
                                    203 	.globl _g_DPPAGE
                                    204 	.globl _g_RS2IQ
                                    205 	.globl _g_VOICCQ
                                    206 	.globl _g_VOICBQ
                                    207 	.globl _g_VOICAQ
                                    208 	.globl _g_QUEBAK
                                    209 	.globl _g_QUETAB
                                    210 	.globl _g_ASPCT2
                                    211 	.globl _g_ASPCT1
                                    212 	.globl _g_HEADER
                                    213 	.globl _g_HIGH
                                    214 	.globl _g_LOW
                                    215 	.globl _g_CS240
                                    216 	.globl _g_CS120
                                    217 	.globl _g_GETPNT
                                    218 	.globl _g_PUTPNT
                                    219 	.globl _g_REPCNT
                                    220 	.globl _g_SCNCNT
                                    221 	.globl _g_FRCNEW
                                    222 	.globl _g_QUEUES
                                    223 	.globl _g_MINUPD
                                    224 	.globl _g_MAXUPD
                                    225 	.globl _g_TRGFLG
                                    226 	.globl _g_STATFL
                                    227 	.globl _g_RG7SAV
                                    228 	.globl _g_RG6SAV
                                    229 	.globl _g_RG5SAV
                                    230 	.globl _g_RG4SAV
                                    231 	.globl _g_RG3SAV
                                    232 	.globl _g_RG2SAV
                                    233 	.globl _g_RG1SAV
                                    234 	.globl _g_RG0SAV
                                    235 	.globl _g_CNSDFG
                                    236 	.globl _g_USRTAB
                                    237 	.globl _g_CLPRIM
                                    238 	.globl _g_WRPRIM
                                    239 	.globl _g_RDPRIM
                                    240 	.globl _UpdateGameState
                                    241 ;--------------------------------------------------------
                                    242 ; special function registers
                                    243 ;--------------------------------------------------------
                         000000A8   244 _g_PortPrimarySlot	=	0x00a8
                         000000A9   245 _g_PortReadKeyboard	=	0x00a9
                         000000AA   246 _g_PortAccessKeyboard	=	0x00aa
                         000000AB   247 _g_PortControl	=	0x00ab
                         00000098   248 _g_VDP_DataPort	=	0x0098
                         00000099   249 _g_VDP_RegPort	=	0x0099
                         00000099   250 _g_VDP_AddrPort	=	0x0099
                         00000099   251 _g_VDP_StatPort	=	0x0099
                         0000009A   252 _g_VDP_PalPort	=	0x009a
                         0000009B   253 _g_VDP_IRegPort	=	0x009b
                         000000A0   254 _g_PSG_RegPort	=	0x00a0
                         000000A1   255 _g_PSG_DataPort	=	0x00a1
                         000000A2   256 _g_PSG_StatPort	=	0x00a2
                         00000010   257 _g_PSG_Ext_RegPort	=	0x0010
                         00000011   258 _g_PSG_Ext_DataPort	=	0x0011
                         00000012   259 _g_PSG_Ext_StatPort	=	0x0012
                         0000007C   260 _g_MSXMusic_IndexPort	=	0x007c
                         0000007D   261 _g_MSXMusic_DataPort	=	0x007d
                         000000C0   262 _g_MSXAudio_IndexPort	=	0x00c0
                         000000C1   263 _g_MSXAudio_DataPort	=	0x00c1
                         000000C2   264 _g_MSXAudio_IndexPort2	=	0x00c2
                         000000C3   265 _g_MSXAudio_DataPort2	=	0x00c3
                         000000B4   266 _g_RTC_AddrPort	=	0x00b4
                         000000B5   267 _g_RTC_DataPort	=	0x00b5
                                    268 ;--------------------------------------------------------
                                    269 ; ram data
                                    270 ;--------------------------------------------------------
                                    271 	.area _DATA
                         0000F3AE   272 _g_LINL40	=	0xf3ae
                         0000F3AF   273 _g_LINL32	=	0xf3af
                         0000F3B0   274 _g_LINLEN	=	0xf3b0
                         0000F3B1   275 _g_CRTCNT	=	0xf3b1
                         0000F3B2   276 _g_CLMLST	=	0xf3b2
                         0000F3B3   277 _g_TXTNAM	=	0xf3b3
                         0000F3B5   278 _g_TXTCOL	=	0xf3b5
                         0000F3B7   279 _g_TXTCGP	=	0xf3b7
                         0000F3B9   280 _g_TXTATR	=	0xf3b9
                         0000F3BB   281 _g_TXTPAT	=	0xf3bb
                         0000F3BD   282 _g_T32NAM	=	0xf3bd
                         0000F3BF   283 _g_T32COL	=	0xf3bf
                         0000F3C1   284 _g_T32CGP	=	0xf3c1
                         0000F3C3   285 _g_T32ATR	=	0xf3c3
                         0000F3C5   286 _g_T32PAT	=	0xf3c5
                         0000F3C7   287 _g_GRPNAM	=	0xf3c7
                         0000F3C9   288 _g_GRPCOL	=	0xf3c9
                         0000F3CB   289 _g_GRPCGP	=	0xf3cb
                         0000F3CD   290 _g_GRPATR	=	0xf3cd
                         0000F3CF   291 _g_GRPPAT	=	0xf3cf
                         0000F3D1   292 _g_MLTNAM	=	0xf3d1
                         0000F3D3   293 _g_MLTCOL	=	0xf3d3
                         0000F3D5   294 _g_MLTCGP	=	0xf3d5
                         0000F3D7   295 _g_MLTATR	=	0xf3d7
                         0000F3D9   296 _g_MLTPAT	=	0xf3d9
                         0000F3DB   297 _g_CLIKSW	=	0xf3db
                         0000F3DC   298 _g_CSRY	=	0xf3dc
                         0000F3DD   299 _g_CSRX	=	0xf3dd
                         0000F3E9   300 _g_FORCLR	=	0xf3e9
                         0000F3EA   301 _g_BAKCLR	=	0xf3ea
                         0000F3EB   302 _g_BDRCLR	=	0xf3eb
                         0000F3F2   303 _g_ATRBYT	=	0xf3f2
                         0000F87F   304 _g_FNKSTR	=	0xf87f
                         0000F92A   305 _g_CLOC	=	0xf92a
                         0000F92C   306 _g_CMASK	=	0xf92c
                         0000FB02   307 _g_LOGOPR	=	0xfb02
                         0000FCB7   308 _g_GRPACX	=	0xfcb7
                         0000FCB9   309 _g_GRPACY	=	0xfcb9
                         0000FFFF   310 _g_SLTSL	=	0xffff
                                    311 ;--------------------------------------------------------
                                    312 ; ram data
                                    313 ;--------------------------------------------------------
                                    314 	.area _INITIALIZED
                                    315 ;--------------------------------------------------------
                                    316 ; absolute external ram data
                                    317 ;--------------------------------------------------------
                                    318 	.area _DABS (ABS)
                                    319 ;--------------------------------------------------------
                                    320 ; global & static initialisations
                                    321 ;--------------------------------------------------------
                                    322 	.area _HOME
                                    323 	.area _GSINIT
                                    324 	.area _GSFINAL
                                    325 	.area _GSINIT
                                    326 ;--------------------------------------------------------
                                    327 ; Home
                                    328 ;--------------------------------------------------------
                                    329 	.area _HOME
                                    330 	.area _HOME
                                    331 ;--------------------------------------------------------
                                    332 ; code
                                    333 ;--------------------------------------------------------
                                    334 	.area _SEG9
                                    335 ;E:\Dropbox\FAUSTO\SVILUPPI\MSX\CODE\C\MSXgl\projects\soccerlgMSX2/soccerlg_s9_b3.c:12: void UpdateGameState(u8* game_state, u8* wait_secs, u8* start_sec, u16 target_ly) 
                                    336 ;	---------------------------------
                                    337 ; Function UpdateGameState
                                    338 ; ---------------------------------
    00000000                        339 _UpdateGameState::
    00000000 DD E5            [15]  340 	push	ix
    00000002 DD 21 00 00      [14]  341 	ld	ix,#0
    00000006 DD 39            [15]  342 	add	ix,sp
    00000008 FD 21 CF FF      [14]  343 	ld	iy, #-49
    0000000C FD 39            [15]  344 	add	iy, sp
    0000000E FD F9            [10]  345 	ld	sp, iy
    00000010 DD 75 FD         [19]  346 	ld	-3 (ix), l
    00000013 DD 74 FE         [19]  347 	ld	-2 (ix), h
    00000016 DD 73 FB         [19]  348 	ld	-5 (ix), e
    00000019 DD 72 FC         [19]  349 	ld	-4 (ix), d
                                    350 ;E:\Dropbox\FAUSTO\SVILUPPI\MSX\CODE\C\MSXgl\projects\soccerlgMSX2/soccerlg_s9_b3.c:14: if (*game_state < 3) {
    0000001C DD 6E FD         [19]  351 	ld	l, -3 (ix)
    0000001F DD 66 FE         [19]  352 	ld	h, -2 (ix)
    00000022 7E               [ 7]  353 	ld	a, (hl)
    00000023 DD 77 FF         [19]  354 	ld	-1 (ix), a
    00000026 D6 03            [ 7]  355 	sub	a, #0x03
    00000028 D2rE3r00         [10]  356 	jp	NC, 00408$
                                    357 ;E:\Dropbox\FAUSTO\SVILUPPI\MSX\CODE\C\MSXgl\projects\soccerlgMSX2/soccerlg_s9_b3.c:15: CallFnc_VOID_3PTR_U16(SEG_GAMESTATE_4, UpdateGameState_Init, game_state, wait_secs, start_sec, target_ly);
    0000002B DD 6E 06         [19]  358 	ld	l, 6 (ix)
                                    359 ;	spillPairReg hl
                                    360 ;	spillPairReg hl
    0000002E DD 66 07         [19]  361 	ld	h, 7 (ix)
                                    362 ;	spillPairReg hl
                                    363 ;	spillPairReg hl
    00000031 E5               [11]  364 	push	hl
    00000032 DD 6E 04         [19]  365 	ld	l, 4 (ix)
                                    366 ;	spillPairReg hl
                                    367 ;	spillPairReg hl
    00000035 DD 66 05         [19]  368 	ld	h, 5 (ix)
                                    369 ;	spillPairReg hl
                                    370 ;	spillPairReg hl
    00000038 E5               [11]  371 	push	hl
    00000039 DD 6E FB         [19]  372 	ld	l, -5 (ix)
                                    373 ;	spillPairReg hl
                                    374 ;	spillPairReg hl
    0000003C DD 66 FC         [19]  375 	ld	h, -4 (ix)
                                    376 ;	spillPairReg hl
                                    377 ;	spillPairReg hl
    0000003F E5               [11]  378 	push	hl
    00000040 DD 6E FD         [19]  379 	ld	l, -3 (ix)
                                    380 ;	spillPairReg hl
                                    381 ;	spillPairReg hl
    00000043 DD 66 FE         [19]  382 	ld	h, -2 (ix)
                                    383 ;	spillPairReg hl
                                    384 ;	spillPairReg hl
    00000046 E5               [11]  385 	push	hl
    00000047 11r00r00         [10]  386 	ld	de, #_UpdateGameState_Init
    0000004A 3E 0D            [ 7]  387 	ld	a, #0x0d
    0000004C CDr00r00         [17]  388 	call	_CallFnc_VOID_3PTR_U16
                                    389 ;E:\Dropbox\FAUSTO\SVILUPPI\MSX\CODE\C\MSXgl\projects\soccerlgMSX2/soccerlg_s9_b3.c:17: SwSprite[37].lx = PENALTY_DISH_X; SwSprite[37].frame = SPR_BIG_PENALTY_DISH;
    0000004F 21r53r03         [10]  390 	ld	hl, #(_SwSprite + 851)
    00000052 36 78            [10]  391 	ld	(hl), #0x78
    00000054 21 6D 00         [10]  392 	ld	hl, #0x006d
    00000057 22r62r03         [16]  393 	ld	((_SwSprite + 866)), hl
                                    394 ;E:\Dropbox\FAUSTO\SVILUPPI\MSX\CODE\C\MSXgl\projects\soccerlgMSX2/soccerlg_s9_b3.c:18: SwSprite[37].ly = (SwSprite[14].lx == PENALTY_DISH_X && SwSprite[14].ly == PENALTY_SOUTH_Y) ? 1000 : PENALTY_SOUTH_Y;
    0000005A 3Ar42r01         [13]  395 	ld	a, (#(_SwSprite + 322) + 0)
    0000005D D6 78            [ 7]  396 	sub	a, #0x78
    0000005F 20 24            [12]  397 	jr	NZ, 00423$
    00000061 21r46r01         [10]  398 	ld	hl, #_SwSprite + 326
    00000064 7E               [ 7]  399 	ld	a, (hl)
    00000065 DD 77 F9         [19]  400 	ld	-7 (ix), a
    00000068 23               [ 6]  401 	inc	hl
    00000069 7E               [ 7]  402 	ld	a, (hl)
    0000006A DD 77 FA         [19]  403 	ld	-6 (ix), a
    0000006D DD 4E F9         [19]  404 	ld	c, -7 (ix)
    00000070 DD 46 FA         [19]  405 	ld	b, -6 (ix)
    00000073 79               [ 4]  406 	ld	a, c
    00000074 D6 B2            [ 7]  407 	sub	a, #0xb2
    00000076 20 0D            [12]  408 	jr	NZ, 00423$
    00000078 10 0B            [13]  409 	djnz	00423$
    0000007A DD 36 F9 E8      [19]  410 	ld	-7 (ix), #0xe8
    0000007E DD 36 FA 03      [19]  411 	ld	-6 (ix), #0x03
    00000082 C3r8Dr00         [10]  412 	jp	00424$
    00000085                        413 00423$:
    00000085 DD 36 F9 B2      [19]  414 	ld	-7 (ix), #0xb2
    00000089 DD 36 FA 01      [19]  415 	ld	-6 (ix), #0x01
    0000008D                        416 00424$:
    0000008D 21r57r03         [10]  417 	ld	hl, #(_SwSprite + 855)
    00000090 DD 7E F9         [19]  418 	ld	a, -7 (ix)
    00000093 77               [ 7]  419 	ld	(hl), a
    00000094 23               [ 6]  420 	inc	hl
    00000095 DD 7E FA         [19]  421 	ld	a, -6 (ix)
    00000098 77               [ 7]  422 	ld	(hl), a
                                    423 ;E:\Dropbox\FAUSTO\SVILUPPI\MSX\CODE\C\MSXgl\projects\soccerlgMSX2/soccerlg_s9_b3.c:19: SwSprite[38].lx = PENALTY_DISH_X; SwSprite[38].frame = SPR_BIG_PENALTY_DISH;
    00000099 21r6Ar03         [10]  424 	ld	hl, #(_SwSprite + 874)
    0000009C 36 78            [10]  425 	ld	(hl), #0x78
    0000009E 21 6D 00         [10]  426 	ld	hl, #0x006d
    000000A1 22r79r03         [16]  427 	ld	((_SwSprite + 889)), hl
                                    428 ;E:\Dropbox\FAUSTO\SVILUPPI\MSX\CODE\C\MSXgl\projects\soccerlgMSX2/soccerlg_s9_b3.c:20: SwSprite[38].ly = (SwSprite[14].lx == PENALTY_DISH_X && SwSprite[14].ly == PENALTY_NORTH_Y) ? 1000 : PENALTY_NORTH_Y;
    000000A4 3Ar42r01         [13]  429 	ld	a, (#(_SwSprite + 322) + 0)
    000000A7 D6 78            [ 7]  430 	sub	a, #0x78
    000000A9 20 21            [12]  431 	jr	NZ, 00428$
    000000AB 21r46r01         [10]  432 	ld	hl, #_SwSprite + 326
    000000AE 7E               [ 7]  433 	ld	a, (hl)
    000000AF DD 77 F9         [19]  434 	ld	-7 (ix), a
    000000B2 23               [ 6]  435 	inc	hl
    000000B3 7E               [ 7]  436 	ld	a, (hl)
    000000B4 DD 77 FA         [19]  437 	ld	-6 (ix), a
    000000B7 DD 7E F9         [19]  438 	ld	a, -7 (ix)
    000000BA D6 4A            [ 7]  439 	sub	a, #0x4a
    000000BC DD B6 FA         [19]  440 	or	a, -6 (ix)
    000000BF 20 0B            [12]  441 	jr	NZ, 00428$
    000000C1 DD 36 F9 E8      [19]  442 	ld	-7 (ix), #0xe8
    000000C5 DD 36 FA 03      [19]  443 	ld	-6 (ix), #0x03
    000000C9 C3rD4r00         [10]  444 	jp	00429$
    000000CC                        445 00428$:
    000000CC DD 36 F9 4A      [19]  446 	ld	-7 (ix), #0x4a
    000000D0 DD 36 FA 00      [19]  447 	ld	-6 (ix), #0
    000000D4                        448 00429$:
    000000D4 21r6Er03         [10]  449 	ld	hl, #(_SwSprite + 878)
    000000D7 DD 7E F9         [19]  450 	ld	a, -7 (ix)
    000000DA 77               [ 7]  451 	ld	(hl), a
    000000DB 23               [ 6]  452 	inc	hl
    000000DC DD 7E FA         [19]  453 	ld	a, -6 (ix)
    000000DF 77               [ 7]  454 	ld	(hl), a
    000000E0 C3rE3r1C         [10]  455 	jp	00421$
    000000E3                        456 00408$:
                                    457 ;E:\Dropbox\FAUSTO\SVILUPPI\MSX\CODE\C\MSXgl\projects\soccerlgMSX2/soccerlg_s9_b3.c:21: } else if (*game_state == 3) {
    000000E3 DD 7E FF         [19]  458 	ld	a, -1 (ix)
    000000E6 D6 03            [ 7]  459 	sub	a, #0x03
    000000E8 C2rB6r1C         [10]  460 	jp	NZ,00405$
                                    461 ;E:\Dropbox\FAUSTO\SVILUPPI\MSX\CODE\C\MSXgl\projects\soccerlgMSX2/soccerlg_s9_b3.c:23: if (Mins == 0 && Secs == 0) {
    000000EB 3Ar00r00         [13]  462 	ld	a, (_Mins+0)
    000000EE B7               [ 4]  463 	or	a, a
    000000EF 20 64            [12]  464 	jr	NZ, 00107$
    000000F1 3Ar00r00         [13]  465 	ld	a, (_Secs+0)
    000000F4 B7               [ 4]  466 	or	a, a
    000000F5 20 5E            [12]  467 	jr	NZ, 00107$
                                    468 ;E:\Dropbox\FAUSTO\SVILUPPI\MSX\CODE\C\MSXgl\projects\soccerlgMSX2/soccerlg_s9_b3.c:24: *wait_secs = 2;
    000000F7 DD 6E FB         [19]  469 	ld	l, -5 (ix)
    000000FA DD 66 FC         [19]  470 	ld	h, -4 (ix)
    000000FD 36 02            [10]  471 	ld	(hl), #0x02
                                    472 ;E:\Dropbox\FAUSTO\SVILUPPI\MSX\CODE\C\MSXgl\projects\soccerlgMSX2/soccerlg_s9_b3.c:25: *start_sec = Frms;
    000000FF DD 4E 04         [19]  473 	ld	c, 4 (ix)
    00000102 DD 46 05         [19]  474 	ld	b, 5 (ix)
    00000105 3Ar00r00         [13]  475 	ld	a, (_Frms+0)
    00000108 02               [ 7]  476 	ld	(bc), a
                                    477 ;E:\Dropbox\FAUSTO\SVILUPPI\MSX\CODE\C\MSXgl\projects\soccerlgMSX2/soccerlg_s9_b3.c:26: if (Half == 1) {
    00000109 3Ar00r00         [13]  478 	ld	a, (_Half+0)
    0000010C 3D               [ 4]  479 	dec	a
    0000010D 20 1F            [12]  480 	jr	NZ, 00104$
                                    481 ;E:\Dropbox\FAUSTO\SVILUPPI\MSX\CODE\C\MSXgl\projects\soccerlgMSX2/soccerlg_s9_b3.c:27: *game_state = 4;
    0000010F DD 6E FD         [19]  482 	ld	l, -3 (ix)
    00000112 DD 66 FE         [19]  483 	ld	h, -2 (ix)
    00000115 36 04            [10]  484 	ld	(hl), #0x04
                                    485 ;E:\Dropbox\FAUSTO\SVILUPPI\MSX\CODE\C\MSXgl\projects\soccerlgMSX2/soccerlg_s9_b3.c:28: CallFnc_VOID_16_P1(SEG_DRAW, ShowSpriteMessage, SPR_MSG_HALFTIME);
    00000117 21 44 01         [10]  486 	ld	hl, #0x0144
    0000011A E5               [11]  487 	push	hl
    0000011B 11r00r00         [10]  488 	ld	de, #_ShowSpriteMessage
    0000011E 3E 05            [ 7]  489 	ld	a, #0x05
    00000120 CDr00r00         [17]  490 	call	_CallFnc_VOID_16_P1
                                    491 ;E:\Dropbox\FAUSTO\SVILUPPI\MSX\CODE\C\MSXgl\projects\soccerlgMSX2/soccerlg_s9_b3.c:29: CallFnc_VOID(SEG_EVENTS, EventHalfTime);
    00000123 11r00r00         [10]  492 	ld	de, #_EventHalfTime
    00000126 3E 08            [ 7]  493 	ld	a, #0x08
    00000128 CDr00r00         [17]  494 	call	_CallFnc_VOID
    0000012B C3rE3r1C         [10]  495 	jp	00421$
    0000012E                        496 00104$:
                                    497 ;E:\Dropbox\FAUSTO\SVILUPPI\MSX\CODE\C\MSXgl\projects\soccerlgMSX2/soccerlg_s9_b3.c:30: } else if (Half == 2) {
    0000012E 3Ar00r00         [13]  498 	ld	a, (_Half+0)
    00000131 D6 02            [ 7]  499 	sub	a, #0x02
    00000133 C2rE3r1C         [10]  500 	jp	NZ,00421$
                                    501 ;E:\Dropbox\FAUSTO\SVILUPPI\MSX\CODE\C\MSXgl\projects\soccerlgMSX2/soccerlg_s9_b3.c:31: *game_state = 5;
    00000136 DD 6E FD         [19]  502 	ld	l, -3 (ix)
    00000139 DD 66 FE         [19]  503 	ld	h, -2 (ix)
    0000013C 36 05            [10]  504 	ld	(hl), #0x05
                                    505 ;E:\Dropbox\FAUSTO\SVILUPPI\MSX\CODE\C\MSXgl\projects\soccerlgMSX2/soccerlg_s9_b3.c:32: CallFnc_VOID_16_P1(SEG_DRAW, ShowSpriteMessage, SPR_MSG_TIMEUP);
    0000013E 21 40 01         [10]  506 	ld	hl, #0x0140
    00000141 E5               [11]  507 	push	hl
    00000142 11r00r00         [10]  508 	ld	de, #_ShowSpriteMessage
    00000145 3E 05            [ 7]  509 	ld	a, #0x05
    00000147 CDr00r00         [17]  510 	call	_CallFnc_VOID_16_P1
                                    511 ;E:\Dropbox\FAUSTO\SVILUPPI\MSX\CODE\C\MSXgl\projects\soccerlgMSX2/soccerlg_s9_b3.c:33: CallFnc_VOID(SEG_EVENTS, EventTimeUp);
    0000014A 11r00r00         [10]  512 	ld	de, #_EventTimeUp
    0000014D 3E 08            [ 7]  513 	ld	a, #0x08
    0000014F CDr00r00         [17]  514 	call	_CallFnc_VOID
                                    515 ;E:\Dropbox\FAUSTO\SVILUPPI\MSX\CODE\C\MSXgl\projects\soccerlgMSX2/soccerlg_s9_b3.c:35: return;
    00000152 C3rE3r1C         [10]  516 	jp	00421$
    00000155                        517 00107$:
                                    518 ;E:\Dropbox\FAUSTO\SVILUPPI\MSX\CODE\C\MSXgl\projects\soccerlgMSX2/soccerlg_s9_b3.c:39: if (*wait_secs > 0) {
    00000155 DD 6E FB         [19]  519 	ld	l, -5 (ix)
    00000158 DD 66 FC         [19]  520 	ld	h, -4 (ix)
    0000015B 4E               [ 7]  521 	ld	c, (hl)
    0000015C 79               [ 4]  522 	ld	a, c
    0000015D B7               [ 4]  523 	or	a, a
    0000015E 28 34            [12]  524 	jr	Z, 00114$
                                    525 ;E:\Dropbox\FAUSTO\SVILUPPI\MSX\CODE\C\MSXgl\projects\soccerlgMSX2/soccerlg_s9_b3.c:40: if (*start_sec < Frms) { // Frms wrapped from 1 to 60
    00000160 DD 5E 04         [19]  526 	ld	e, 4 (ix)
    00000163 DD 56 05         [19]  527 	ld	d, 5 (ix)
    00000166 1A               [ 7]  528 	ld	a, (de)
    00000167 47               [ 4]  529 	ld	b, a
    00000168 21r00r00         [10]  530 	ld	hl, #_Frms
    0000016B 78               [ 4]  531 	ld	a, b
    0000016C 96               [ 7]  532 	sub	a, (hl)
    0000016D 30 1E            [12]  533 	jr	NC, 00112$
                                    534 ;E:\Dropbox\FAUSTO\SVILUPPI\MSX\CODE\C\MSXgl\projects\soccerlgMSX2/soccerlg_s9_b3.c:41: (*wait_secs)--;
    0000016F 79               [ 4]  535 	ld	a, c
    00000170 3D               [ 4]  536 	dec	a
    00000171 DD 6E FB         [19]  537 	ld	l, -5 (ix)
    00000174 DD 66 FC         [19]  538 	ld	h, -4 (ix)
    00000177 77               [ 7]  539 	ld	(hl), a
                                    540 ;E:\Dropbox\FAUSTO\SVILUPPI\MSX\CODE\C\MSXgl\projects\soccerlgMSX2/soccerlg_s9_b3.c:42: if (*wait_secs == 0) {
    00000178 B7               [ 4]  541 	or	a, a
    00000179 20 12            [12]  542 	jr	NZ, 00112$
                                    543 ;E:\Dropbox\FAUSTO\SVILUPPI\MSX\CODE\C\MSXgl\projects\soccerlgMSX2/soccerlg_s9_b3.c:43: CallFnc_VOID(SEG_DRAW, HideSpriteMessage);
    0000017B D5               [11]  544 	push	de
    0000017C 11r00r00         [10]  545 	ld	de, #_HideSpriteMessage
    0000017F 3E 05            [ 7]  546 	ld	a, #0x05
    00000181 CDr00r00         [17]  547 	call	_CallFnc_VOID
    00000184 D1               [10]  548 	pop	de
                                    549 ;E:\Dropbox\FAUSTO\SVILUPPI\MSX\CODE\C\MSXgl\projects\soccerlgMSX2/soccerlg_s9_b3.c:44: TimerEnabled = TRUE; // Avvia il cronometro alla sparizione della scritta
    00000185 FD 21r00r00      [14]  550 	ld	iy, #_TimerEnabled
    00000189 FD 36 00 01      [19]  551 	ld	0 (iy), #0x01
    0000018D                        552 00112$:
                                    553 ;E:\Dropbox\FAUSTO\SVILUPPI\MSX\CODE\C\MSXgl\projects\soccerlgMSX2/soccerlg_s9_b3.c:47: *start_sec = Frms;
    0000018D 3Ar00r00         [13]  554 	ld	a, (_Frms+0)
    00000190 12               [ 7]  555 	ld	(de), a
                                    556 ;E:\Dropbox\FAUSTO\SVILUPPI\MSX\CODE\C\MSXgl\projects\soccerlgMSX2/soccerlg_s9_b3.c:49: return; // Ferma l'IA e il gioco finché la scritta non sparisce
    00000191 C3rE3r1C         [10]  557 	jp	00421$
    00000194                        558 00114$:
                                    559 ;E:\Dropbox\FAUSTO\SVILUPPI\MSX\CODE\C\MSXgl\projects\soccerlgMSX2/soccerlg_s9_b3.c:53: CallFnc_VOID(SEG_FIELD, UpdateFieldCamera);
    00000194 11r00r00         [10]  560 	ld	de, #_UpdateFieldCamera
    00000197 3E 0A            [ 7]  561 	ld	a, #0x0a
    00000199 CDr00r00         [17]  562 	call	_CallFnc_VOID
                                    563 ;E:\Dropbox\FAUSTO\SVILUPPI\MSX\CODE\C\MSXgl\projects\soccerlgMSX2/soccerlg_s9_b3.c:54: CallFnc_VOID_3PTR(SEG_FIELD, CheckFieldBoundaries, game_state, wait_secs, start_sec);
    0000019C DD 6E 04         [19]  564 	ld	l, 4 (ix)
                                    565 ;	spillPairReg hl
                                    566 ;	spillPairReg hl
    0000019F DD 66 05         [19]  567 	ld	h, 5 (ix)
                                    568 ;	spillPairReg hl
                                    569 ;	spillPairReg hl
    000001A2 E5               [11]  570 	push	hl
    000001A3 DD 6E FB         [19]  571 	ld	l, -5 (ix)
                                    572 ;	spillPairReg hl
                                    573 ;	spillPairReg hl
    000001A6 DD 66 FC         [19]  574 	ld	h, -4 (ix)
                                    575 ;	spillPairReg hl
                                    576 ;	spillPairReg hl
    000001A9 E5               [11]  577 	push	hl
    000001AA DD 6E FD         [19]  578 	ld	l, -3 (ix)
                                    579 ;	spillPairReg hl
                                    580 ;	spillPairReg hl
    000001AD DD 66 FE         [19]  581 	ld	h, -2 (ix)
                                    582 ;	spillPairReg hl
                                    583 ;	spillPairReg hl
    000001B0 E5               [11]  584 	push	hl
    000001B1 11r00r00         [10]  585 	ld	de, #_CheckFieldBoundaries
    000001B4 3E 0A            [ 7]  586 	ld	a, #0x0a
    000001B6 CDr00r00         [17]  587 	call	_CallFnc_VOID_3PTR
                                    588 ;E:\Dropbox\FAUSTO\SVILUPPI\MSX\CODE\C\MSXgl\projects\soccerlgMSX2/soccerlg_s9_b3.c:59: if (*game_state != 3) return;
    000001B9 DD 6E FD         [19]  589 	ld	l, -3 (ix)
    000001BC DD 66 FE         [19]  590 	ld	h, -2 (ix)
    000001BF 7E               [ 7]  591 	ld	a, (hl)
    000001C0 D6 03            [ 7]  592 	sub	a, #0x03
    000001C2 C2rE3r1C         [10]  593 	jp	NZ,00421$
                                    594 ;E:\Dropbox\FAUSTO\SVILUPPI\MSX\CODE\C\MSXgl\projects\soccerlgMSX2/soccerlg_s9_b3.c:62: g_h_arrow_x += g_h_arrow_dir;
    000001C5 3Ar00r00         [13]  595 	ld	a, (_g_h_arrow_dir+0)
    000001C8 4F               [ 4]  596 	ld	c, a
    000001C9 07               [ 4]  597 	rlca
    000001CA 9F               [ 4]  598 	sbc	a, a
    000001CB 47               [ 4]  599 	ld	b, a
    000001CC 2Ar00r00         [16]  600 	ld	hl, (_g_h_arrow_x)
    000001CF 09               [11]  601 	add	hl, bc
                                    602 ;E:\Dropbox\FAUSTO\SVILUPPI\MSX\CODE\C\MSXgl\projects\soccerlgMSX2/soccerlg_s9_b3.c:63: if (g_h_arrow_x < 80) { g_h_arrow_x = 80; g_h_arrow_dir = 1; }
    000001D0 22r00r00         [16]  603 	ld	(_g_h_arrow_x), hl
    000001D3 7D               [ 4]  604 	ld	a, l
    000001D4 D6 50            [ 7]  605 	sub	a, #0x50
    000001D6 7C               [ 4]  606 	ld	a, h
    000001D7 DE 00            [ 7]  607 	sbc	a, #0x00
    000001D9 30 0E            [12]  608 	jr	NC, 00120$
    000001DB 21 50 00         [10]  609 	ld	hl, #0x0050
    000001DE 22r00r00         [16]  610 	ld	(_g_h_arrow_x), hl
    000001E1 21r00r00         [10]  611 	ld	hl, #_g_h_arrow_dir
    000001E4 36 01            [10]  612 	ld	(hl), #0x01
    000001E6 C3rFCr01         [10]  613 	jp	00121$
    000001E9                        614 00120$:
                                    615 ;E:\Dropbox\FAUSTO\SVILUPPI\MSX\CODE\C\MSXgl\projects\soccerlgMSX2/soccerlg_s9_b3.c:64: else if (g_h_arrow_x > 162) { g_h_arrow_x = 162; g_h_arrow_dir = -1; }
    000001E9 3E A2            [ 7]  616 	ld	a, #0xa2
    000001EB BD               [ 4]  617 	cp	a, l
    000001EC 3E 00            [ 7]  618 	ld	a, #0x00
    000001EE 9C               [ 4]  619 	sbc	a, h
    000001EF 30 0B            [12]  620 	jr	NC, 00121$
    000001F1 21 A2 00         [10]  621 	ld	hl, #0x00a2
    000001F4 22r00r00         [16]  622 	ld	(_g_h_arrow_x), hl
    000001F7 21r00r00         [10]  623 	ld	hl, #_g_h_arrow_dir
    000001FA 36 FF            [10]  624 	ld	(hl), #0xff
    000001FC                        625 00121$:
                                    626 ;E:\Dropbox\FAUSTO\SVILUPPI\MSX\CODE\C\MSXgl\projects\soccerlgMSX2/soccerlg_s9_b3.c:68: if (GameMode == GAMEMODE_P1_VS_P2) {
    000001FC 3Ar00r00         [13]  627 	ld	a, (_GameMode+0)
    000001FF 3D               [ 4]  628 	dec	a
    00000200 20 16            [12]  629 	jr	NZ, 00123$
                                    630 ;E:\Dropbox\FAUSTO\SVILUPPI\MSX\CODE\C\MSXgl\projects\soccerlgMSX2/soccerlg_s9_b3.c:69: SwSprite[24].lx = (u8)g_h_arrow_x;
    00000202 01r28r02         [10]  631 	ld	bc, #_SwSprite + 552
    00000205 3Ar00r00         [13]  632 	ld	a, (_g_h_arrow_x+0)
    00000208 02               [ 7]  633 	ld	(bc), a
                                    634 ;E:\Dropbox\FAUSTO\SVILUPPI\MSX\CODE\C\MSXgl\projects\soccerlgMSX2/soccerlg_s9_b3.c:70: SwSprite[24].ly = 440; 
    00000209 21 B8 01         [10]  635 	ld	hl, #0x01b8
    0000020C 22r2Cr02         [16]  636 	ld	((_SwSprite + 556)), hl
                                    637 ;E:\Dropbox\FAUSTO\SVILUPPI\MSX\CODE\C\MSXgl\projects\soccerlgMSX2/soccerlg_s9_b3.c:71: SwSprite[24].frame = SPR_BIG_ARROW_BOTTOM;
    0000020F 21 6B 00         [10]  638 	ld	hl, #0x006b
    00000212 22r37r02         [16]  639 	ld	((_SwSprite + 567)), hl
    00000215 C3r1Er02         [10]  640 	jp	00124$
    00000218                        641 00123$:
                                    642 ;E:\Dropbox\FAUSTO\SVILUPPI\MSX\CODE\C\MSXgl\projects\soccerlgMSX2/soccerlg_s9_b3.c:73: SwSprite[24].ly = 1000; // Nascondimento assoluto
    00000218 21 E8 03         [10]  643 	ld	hl, #0x03e8
    0000021B 22r2Cr02         [16]  644 	ld	((_SwSprite + 556)), hl
    0000021E                        645 00124$:
                                    646 ;E:\Dropbox\FAUSTO\SVILUPPI\MSX\CODE\C\MSXgl\projects\soccerlgMSX2/soccerlg_s9_b3.c:76: SwSprite[25].lx = (u8)g_h_arrow_x; SwSprite[25].ly = 50; SwSprite[25].frame = SPR_BIG_ARROW_TOP;
    0000021E 01r3Fr02         [10]  647 	ld	bc, #_SwSprite + 575
    00000221 3Ar00r00         [13]  648 	ld	a, (_g_h_arrow_x+0)
    00000224 02               [ 7]  649 	ld	(bc), a
    00000225 21 32 00         [10]  650 	ld	hl, #0x0032
    00000228 22r43r02         [16]  651 	ld	((_SwSprite + 579)), hl
    0000022B 2E 6C            [ 7]  652 	ld	l, #0x6c
    0000022D 22r4Er02         [16]  653 	ld	((_SwSprite + 590)), hl
                                    654 ;E:\Dropbox\FAUSTO\SVILUPPI\MSX\CODE\C\MSXgl\projects\soccerlgMSX2/soccerlg_s9_b3.c:78: struct ObjectInfo* Ball = &SwSprite[14];
                                    655 ;E:\Dropbox\FAUSTO\SVILUPPI\MSX\CODE\C\MSXgl\projects\soccerlgMSX2/soccerlg_s9_b3.c:81: SwSprite[37].lx = PENALTY_DISH_X; SwSprite[37].frame = SPR_BIG_PENALTY_DISH;
    00000230 21r53r03         [10]  656 	ld	hl, #(_SwSprite + 851)
    00000233 36 78            [10]  657 	ld	(hl), #0x78
    00000235 21 6D 00         [10]  658 	ld	hl, #0x006d
    00000238 22r62r03         [16]  659 	ld	((_SwSprite + 866)), hl
                                    660 ;E:\Dropbox\FAUSTO\SVILUPPI\MSX\CODE\C\MSXgl\projects\soccerlgMSX2/soccerlg_s9_b3.c:82: SwSprite[37].ly = (Ball->lx == PENALTY_DISH_X && Ball->ly == PENALTY_SOUTH_Y) ? 1000 : PENALTY_SOUTH_Y;
    0000023B 3Ar42r01         [13]  661 	ld	a, (#(_SwSprite + 322) + 0)
    0000023E D6 78            [ 7]  662 	sub	a, #0x78
    00000240 20 11            [12]  663 	jr	NZ, 00433$
    00000242 2Ar46r01         [16]  664 	ld	hl, (#(_SwSprite + 326) + 0)
    00000245 7D               [ 4]  665 	ld	a, l
    00000246 D6 B2            [ 7]  666 	sub	a, #0xb2
    00000248 20 09            [12]  667 	jr	NZ, 00433$
    0000024A 25               [ 4]  668 	dec	h
    0000024B 20 06            [12]  669 	jr	NZ, 00433$
    0000024D 01 E8 03         [10]  670 	ld	bc, #0x03e8
    00000250 C3r56r02         [10]  671 	jp	00434$
    00000253                        672 00433$:
    00000253 01 B2 01         [10]  673 	ld	bc, #0x01b2
    00000256                        674 00434$:
    00000256 ED 43r57r03      [20]  675 	ld	((_SwSprite + 855)), bc
                                    676 ;E:\Dropbox\FAUSTO\SVILUPPI\MSX\CODE\C\MSXgl\projects\soccerlgMSX2/soccerlg_s9_b3.c:83: SwSprite[38].lx = PENALTY_DISH_X; SwSprite[38].frame = SPR_BIG_PENALTY_DISH;
    0000025A 21r6Ar03         [10]  677 	ld	hl, #(_SwSprite + 874)
    0000025D 36 78            [10]  678 	ld	(hl), #0x78
    0000025F 21 6D 00         [10]  679 	ld	hl, #0x006d
    00000262 22r79r03         [16]  680 	ld	((_SwSprite + 889)), hl
                                    681 ;E:\Dropbox\FAUSTO\SVILUPPI\MSX\CODE\C\MSXgl\projects\soccerlgMSX2/soccerlg_s9_b3.c:84: SwSprite[38].ly = (Ball->lx == PENALTY_DISH_X && Ball->ly == PENALTY_NORTH_Y) ? 1000 : PENALTY_NORTH_Y;
    00000265 3Ar42r01         [13]  682 	ld	a, (#(_SwSprite + 322) + 0)
    00000268 D6 78            [ 7]  683 	sub	a, #0x78
    0000026A 20 0F            [12]  684 	jr	NZ, 00438$
    0000026C 2Ar46r01         [16]  685 	ld	hl, (#(_SwSprite + 326) + 0)
    0000026F 7D               [ 4]  686 	ld	a, l
    00000270 D6 4A            [ 7]  687 	sub	a, #0x4a
    00000272 B4               [ 4]  688 	or	a, h
    00000273 20 06            [12]  689 	jr	NZ, 00438$
    00000275 01 E8 03         [10]  690 	ld	bc, #0x03e8
    00000278 C3r7Er02         [10]  691 	jp	00439$
    0000027B                        692 00438$:
    0000027B 01 4A 00         [10]  693 	ld	bc, #0x004a
    0000027E                        694 00439$:
    0000027E ED 43r6Er03      [20]  695 	ld	((_SwSprite + 878)), bc
                                    696 ;E:\Dropbox\FAUSTO\SVILUPPI\MSX\CODE\C\MSXgl\projects\soccerlgMSX2/soccerlg_s9_b3.c:88: u8 closest_t1 = 1; u16 min_dist_t1 = 0xFFFF;
    00000282 DD 36 ED 01      [19]  697 	ld	-19 (ix), #0x01
    00000286 DD 36 EE FF      [19]  698 	ld	-18 (ix), #0xff
    0000028A DD 36 EF FF      [19]  699 	ld	-17 (ix), #0xff
                                    700 ;E:\Dropbox\FAUSTO\SVILUPPI\MSX\CODE\C\MSXgl\projects\soccerlgMSX2/soccerlg_s9_b3.c:89: u8 closest_t2 = 8; u16 min_dist_t2 = 0xFFFF;
    0000028E DD 36 F0 08      [19]  701 	ld	-16 (ix), #0x08
    00000292 DD 36 F1 FF      [19]  702 	ld	-15 (ix), #0xff
    00000296 DD 36 F2 FF      [19]  703 	ld	-14 (ix), #0xff
                                    704 ;E:\Dropbox\FAUSTO\SVILUPPI\MSX\CODE\C\MSXgl\projects\soccerlgMSX2/soccerlg_s9_b3.c:91: for (u8 i = 1; i < 7; i++) { 
    0000029A DD 36 FF 01      [19]  705 	ld	-1 (ix), #0x01
    0000029E                        706 00411$:
    0000029E DD 7E FF         [19]  707 	ld	a, -1 (ix)
    000002A1 D6 07            [ 7]  708 	sub	a, #0x07
    000002A3 D2r5Cr03         [10]  709 	jp	NC, 00132$
                                    710 ;E:\Dropbox\FAUSTO\SVILUPPI\MSX\CODE\C\MSXgl\projects\soccerlgMSX2/soccerlg_s9_b3.c:92: u8 dx_diff = (u8)(SwSprite[i].lx - Ball->lx);
    000002A6 DD 4E FF         [19]  711 	ld	c, -1 (ix)
    000002A9 06 00            [ 7]  712 	ld	b, #0x00
    000002AB 69               [ 4]  713 	ld	l, c
    000002AC 60               [ 4]  714 	ld	h, b
    000002AD 29               [11]  715 	add	hl, hl
    000002AE 29               [11]  716 	add	hl, hl
    000002AF 09               [11]  717 	add	hl, bc
    000002B0 29               [11]  718 	add	hl, hl
    000002B1 09               [11]  719 	add	hl, bc
    000002B2 29               [11]  720 	add	hl, hl
    000002B3 09               [11]  721 	add	hl, bc
    000002B4 11r00r00         [10]  722 	ld	de, #_SwSprite
    000002B7 19               [11]  723 	add	hl, de
    000002B8 4D               [ 4]  724 	ld	c, l
    000002B9 44               [ 4]  725 	ld	b, h
    000002BA 0A               [ 7]  726 	ld	a, (bc)
    000002BB 21r42r01         [10]  727 	ld	hl, #(_SwSprite + 322)
    000002BE 5E               [ 7]  728 	ld	e, (hl)
    000002BF 93               [ 4]  729 	sub	a, e
                                    730 ;E:\Dropbox\FAUSTO\SVILUPPI\MSX\CODE\C\MSXgl\projects\soccerlgMSX2/soccerlg_s9_b3.c:93: u16 dist_x = (dx_diff < 128) ? dx_diff : (256 - dx_diff);
    000002C0 5F               [ 4]  731 	ld	e, a
    000002C1 16 00            [ 7]  732 	ld	d, #0x00
    000002C3 D6 80            [ 7]  733 	sub	a, #0x80
    000002C5 30 04            [12]  734 	jr	NC, 00443$
    000002C7 7A               [ 4]  735 	ld	a, d
    000002C8 C3rD1r02         [10]  736 	jp	00444$
    000002CB                        737 00443$:
    000002CB AF               [ 4]  738 	xor	a, a
    000002CC 93               [ 4]  739 	sub	a, e
    000002CD 5F               [ 4]  740 	ld	e, a
    000002CE 3E 01            [ 7]  741 	ld	a, #0x01
    000002D0 9A               [ 4]  742 	sbc	a, d
    000002D1                        743 00444$:
    000002D1 DD 73 F5         [19]  744 	ld	-11 (ix), e
    000002D4 DD 77 F6         [19]  745 	ld	-10 (ix), a
                                    746 ;E:\Dropbox\FAUSTO\SVILUPPI\MSX\CODE\C\MSXgl\projects\soccerlgMSX2/soccerlg_s9_b3.c:94: u16 dy_diff = (u16)(SwSprite[i].ly - Ball->ly) & 511;
    000002D7 21 04 00         [10]  747 	ld	hl, #4
    000002DA 09               [11]  748 	add	hl, bc
    000002DB 4E               [ 7]  749 	ld	c, (hl)
    000002DC 23               [ 6]  750 	inc	hl
    000002DD 46               [ 7]  751 	ld	b, (hl)
    000002DE 2Ar46r01         [16]  752 	ld	hl, (#(_SwSprite + 326) + 0)
    000002E1 79               [ 4]  753 	ld	a, c
    000002E2 95               [ 4]  754 	sub	a, l
    000002E3 4F               [ 4]  755 	ld	c, a
    000002E4 78               [ 4]  756 	ld	a, b
    000002E5 9C               [ 4]  757 	sbc	a, h
    000002E6 E6 01            [ 7]  758 	and	a, #0x01
    000002E8 DD 71 F7         [19]  759 	ld	-9 (ix), c
                                    760 ;E:\Dropbox\FAUSTO\SVILUPPI\MSX\CODE\C\MSXgl\projects\soccerlgMSX2/soccerlg_s9_b3.c:95: u16 dist_y = (dy_diff < 256) ? dy_diff : (512 - dy_diff);
    000002EB DD 77 F8         [19]  761 	ld	-8 (ix), a
    000002EE D6 01            [ 7]  762 	sub	a, #0x01
    000002F0 30 0F            [12]  763 	jr	NC, 00445$
    000002F2 DD 7E F7         [19]  764 	ld	a, -9 (ix)
    000002F5 DD 77 F9         [19]  765 	ld	-7 (ix), a
    000002F8 DD 7E F8         [19]  766 	ld	a, -8 (ix)
    000002FB DD 77 FA         [19]  767 	ld	-6 (ix), a
    000002FE C3r10r03         [10]  768 	jp	00446$
    00000301                        769 00445$:
    00000301 AF               [ 4]  770 	xor	a, a
    00000302 DD 96 F7         [19]  771 	sub	a, -9 (ix)
    00000305 DD 77 F9         [19]  772 	ld	-7 (ix), a
    00000308 3E 02            [ 7]  773 	ld	a, #0x02
    0000030A DD 9E F8         [19]  774 	sbc	a, -8 (ix)
    0000030D DD 77 FA         [19]  775 	ld	-6 (ix), a
    00000310                        776 00446$:
    00000310 DD 4E F9         [19]  777 	ld	c, -7 (ix)
    00000313 DD 46 FA         [19]  778 	ld	b, -6 (ix)
                                    779 ;E:\Dropbox\FAUSTO\SVILUPPI\MSX\CODE\C\MSXgl\projects\soccerlgMSX2/soccerlg_s9_b3.c:96: u16 dist = dist_x + dist_y;
    00000316 DD 6E F5         [19]  780 	ld	l, -11 (ix)
    00000319 DD 66 F6         [19]  781 	ld	h, -10 (ix)
    0000031C 09               [11]  782 	add	hl, bc
    0000031D EB               [ 4]  783 	ex	de, hl
                                    784 ;E:\Dropbox\FAUSTO\SVILUPPI\MSX\CODE\C\MSXgl\projects\soccerlgMSX2/soccerlg_s9_b3.c:97: if (LastTouchTeam == TEAM_1 && i == LastTouchPlayer && Ball->anim < 5 && g_is_ball_carried) dist = 0; // Forza il focus sul portatore (solo se ha davvero palla ai piedi)
    0000031E 3Ar00r00         [13]  785 	ld	a, (_LastTouchTeam+0)
    00000321 B7               [ 4]  786 	or	a, a
    00000322 20 1C            [12]  787 	jr	NZ, 00126$
    00000324 3Ar00r00         [13]  788 	ld	a, (_LastTouchPlayer+0)
    00000327 DD 96 FF         [19]  789 	sub	a, -1 (ix)
    0000032A 20 14            [12]  790 	jr	NZ, 00126$
    0000032C 2Ar55r01         [16]  791 	ld	hl, (#(_SwSprite + 341) + 0)
    0000032F 7D               [ 4]  792 	ld	a, l
    00000330 D6 05            [ 7]  793 	sub	a, #0x05
    00000332 7C               [ 4]  794 	ld	a, h
    00000333 DE 00            [ 7]  795 	sbc	a, #0x00
    00000335 30 09            [12]  796 	jr	NC, 00126$
    00000337 3Ar00r00         [13]  797 	ld	a, (_g_is_ball_carried+0)
    0000033A B7               [ 4]  798 	or	a, a
    0000033B 28 03            [12]  799 	jr	Z, 00126$
    0000033D 11 00 00         [10]  800 	ld	de, #0x0000
    00000340                        801 00126$:
                                    802 ;E:\Dropbox\FAUSTO\SVILUPPI\MSX\CODE\C\MSXgl\projects\soccerlgMSX2/soccerlg_s9_b3.c:98: if (dist < min_dist_t1) { min_dist_t1 = dist; closest_t1 = i; }
    00000340 7B               [ 4]  803 	ld	a, e
    00000341 DD 96 EE         [19]  804 	sub	a, -18 (ix)
    00000344 7A               [ 4]  805 	ld	a, d
    00000345 DD 9E EF         [19]  806 	sbc	a, -17 (ix)
    00000348 30 0C            [12]  807 	jr	NC, 00412$
    0000034A DD 73 EE         [19]  808 	ld	-18 (ix), e
    0000034D DD 72 EF         [19]  809 	ld	-17 (ix), d
    00000350 DD 7E FF         [19]  810 	ld	a, -1 (ix)
    00000353 DD 77 ED         [19]  811 	ld	-19 (ix), a
    00000356                        812 00412$:
                                    813 ;E:\Dropbox\FAUSTO\SVILUPPI\MSX\CODE\C\MSXgl\projects\soccerlgMSX2/soccerlg_s9_b3.c:91: for (u8 i = 1; i < 7; i++) { 
    00000356 DD 34 FF         [23]  814 	inc	-1 (ix)
    00000359 C3r9Er02         [10]  815 	jp	00411$
    0000035C                        816 00132$:
                                    817 ;E:\Dropbox\FAUSTO\SVILUPPI\MSX\CODE\C\MSXgl\projects\soccerlgMSX2/soccerlg_s9_b3.c:100: for (u8 i = 8; i < 14; i++) {
    0000035C 0E 08            [ 7]  818 	ld	c, #0x08
    0000035E                        819 00414$:
                                    820 ;E:\Dropbox\FAUSTO\SVILUPPI\MSX\CODE\C\MSXgl\projects\soccerlgMSX2/soccerlg_s9_b3.c:106: if (LastTouchTeam == TEAM_2 && i == LastTouchPlayer && Ball->anim < 5 && g_is_ball_carried) dist = 0; // Forza il focus sul portatore (solo se ha davvero palla ai piedi)
    0000035E 3Ar00r00         [13]  821 	ld	a, (_LastTouchTeam+0)
    00000361 3D               [ 4]  822 	dec	a
    00000362 3E 01            [ 7]  823 	ld	a, #0x01
    00000364 28 01            [12]  824 	jr	Z, 01817$
    00000366 AF               [ 4]  825 	xor	a, a
    00000367                        826 01817$:
    00000367 DD 77 F3         [19]  827 	ld	-13 (ix), a
                                    828 ;E:\Dropbox\FAUSTO\SVILUPPI\MSX\CODE\C\MSXgl\projects\soccerlgMSX2/soccerlg_s9_b3.c:100: for (u8 i = 8; i < 14; i++) {
    0000036A 79               [ 4]  829 	ld	a, c
    0000036B D6 0E            [ 7]  830 	sub	a, #0x0e
    0000036D D2r04r04         [10]  831 	jp	NC, 00140$
                                    832 ;E:\Dropbox\FAUSTO\SVILUPPI\MSX\CODE\C\MSXgl\projects\soccerlgMSX2/soccerlg_s9_b3.c:101: u8 dx_diff = (u8)(SwSprite[i].lx - Ball->lx);
    00000370 06 00            [ 7]  833 	ld	b, #0x00
    00000372 69               [ 4]  834 	ld	l, c
    00000373 60               [ 4]  835 	ld	h, b
    00000374 29               [11]  836 	add	hl, hl
    00000375 29               [11]  837 	add	hl, hl
    00000376 09               [11]  838 	add	hl, bc
    00000377 29               [11]  839 	add	hl, hl
    00000378 09               [11]  840 	add	hl, bc
    00000379 29               [11]  841 	add	hl, hl
    0000037A 09               [11]  842 	add	hl, bc
    0000037B 11r00r00         [10]  843 	ld	de, #_SwSprite
    0000037E 19               [11]  844 	add	hl, de
    0000037F DD 75 F7         [19]  845 	ld	-9 (ix), l
    00000382 DD 74 F8         [19]  846 	ld	-8 (ix), h
    00000385 7E               [ 7]  847 	ld	a, (hl)
    00000386 21r42r01         [10]  848 	ld	hl, #(_SwSprite + 322)
    00000389 46               [ 7]  849 	ld	b, (hl)
    0000038A 90               [ 4]  850 	sub	a, b
                                    851 ;E:\Dropbox\FAUSTO\SVILUPPI\MSX\CODE\C\MSXgl\projects\soccerlgMSX2/soccerlg_s9_b3.c:102: u16 dist_x = (dx_diff < 128) ? dx_diff : (256 - dx_diff);
    0000038B 5F               [ 4]  852 	ld	e, a
    0000038C 16 00            [ 7]  853 	ld	d, #0x00
    0000038E D6 80            [ 7]  854 	sub	a, #0x80
    00000390 30 04            [12]  855 	jr	NC, 00447$
    00000392 7A               [ 4]  856 	ld	a, d
    00000393 C3r9Cr03         [10]  857 	jp	00448$
    00000396                        858 00447$:
    00000396 AF               [ 4]  859 	xor	a, a
    00000397 93               [ 4]  860 	sub	a, e
    00000398 5F               [ 4]  861 	ld	e, a
    00000399 3E 01            [ 7]  862 	ld	a, #0x01
    0000039B 9A               [ 4]  863 	sbc	a, d
    0000039C                        864 00448$:
    0000039C DD 73 F9         [19]  865 	ld	-7 (ix), e
    0000039F DD 77 FA         [19]  866 	ld	-6 (ix), a
                                    867 ;E:\Dropbox\FAUSTO\SVILUPPI\MSX\CODE\C\MSXgl\projects\soccerlgMSX2/soccerlg_s9_b3.c:103: u16 dy_diff = (u16)(SwSprite[i].ly - Ball->ly) & 511;
    000003A2 DD 5E F7         [19]  868 	ld	e, -9 (ix)
    000003A5 DD 56 F8         [19]  869 	ld	d, -8 (ix)
    000003A8 21 04 00         [10]  870 	ld	hl, #4
    000003AB 19               [11]  871 	add	hl, de
    000003AC 5E               [ 7]  872 	ld	e, (hl)
    000003AD 23               [ 6]  873 	inc	hl
    000003AE 56               [ 7]  874 	ld	d, (hl)
    000003AF 2Ar46r01         [16]  875 	ld	hl, (#(_SwSprite + 326) + 0)
    000003B2 7B               [ 4]  876 	ld	a, e
    000003B3 95               [ 4]  877 	sub	a, l
    000003B4 5F               [ 4]  878 	ld	e, a
    000003B5 7A               [ 4]  879 	ld	a, d
    000003B6 9C               [ 4]  880 	sbc	a, h
    000003B7 E6 01            [ 7]  881 	and	a, #0x01
                                    882 ;E:\Dropbox\FAUSTO\SVILUPPI\MSX\CODE\C\MSXgl\projects\soccerlgMSX2/soccerlg_s9_b3.c:104: u16 dist_y = (dy_diff < 256) ? dy_diff : (512 - dy_diff);
                                    883 ;	spillPairReg hl
                                    884 ;	spillPairReg hl
    000003B9 57               [ 4]  885 	ld	d, a
    000003BA D6 01            [ 7]  886 	sub	a, #0x01
    000003BC 38 07            [12]  887 	jr	C, 00450$
    000003BE 21 00 02         [10]  888 	ld	hl, #0x0200
    000003C1 BF               [ 4]  889 	cp	a, a
    000003C2 ED 52            [15]  890 	sbc	hl, de
    000003C4 EB               [ 4]  891 	ex	de, hl
    000003C5                        892 00450$:
                                    893 ;E:\Dropbox\FAUSTO\SVILUPPI\MSX\CODE\C\MSXgl\projects\soccerlgMSX2/soccerlg_s9_b3.c:105: u16 dist = dist_x + dist_y;
    000003C5 DD 6E F9         [19]  894 	ld	l, -7 (ix)
    000003C8 DD 66 FA         [19]  895 	ld	h, -6 (ix)
    000003CB 19               [11]  896 	add	hl, de
    000003CC EB               [ 4]  897 	ex	de, hl
                                    898 ;E:\Dropbox\FAUSTO\SVILUPPI\MSX\CODE\C\MSXgl\projects\soccerlgMSX2/soccerlg_s9_b3.c:106: if (LastTouchTeam == TEAM_2 && i == LastTouchPlayer && Ball->anim < 5 && g_is_ball_carried) dist = 0; // Forza il focus sul portatore (solo se ha davvero palla ai piedi)
    000003CD DD 7E F3         [19]  899 	ld	a, -13 (ix)
    000003D0 B7               [ 4]  900 	or	a, a
    000003D1 28 1A            [12]  901 	jr	Z, 00134$
    000003D3 3Ar00r00         [13]  902 	ld	a, (_LastTouchPlayer+0)
    000003D6 91               [ 4]  903 	sub	a, c
    000003D7 20 14            [12]  904 	jr	NZ, 00134$
    000003D9 2Ar55r01         [16]  905 	ld	hl, (#(_SwSprite + 341) + 0)
    000003DC 7D               [ 4]  906 	ld	a, l
    000003DD D6 05            [ 7]  907 	sub	a, #0x05
    000003DF 7C               [ 4]  908 	ld	a, h
    000003E0 DE 00            [ 7]  909 	sbc	a, #0x00
    000003E2 30 09            [12]  910 	jr	NC, 00134$
    000003E4 3Ar00r00         [13]  911 	ld	a, (_g_is_ball_carried+0)
    000003E7 B7               [ 4]  912 	or	a, a
    000003E8 28 03            [12]  913 	jr	Z, 00134$
    000003EA 11 00 00         [10]  914 	ld	de, #0x0000
    000003ED                        915 00134$:
                                    916 ;E:\Dropbox\FAUSTO\SVILUPPI\MSX\CODE\C\MSXgl\projects\soccerlgMSX2/soccerlg_s9_b3.c:107: if (dist < min_dist_t2) { min_dist_t2 = dist; closest_t2 = i; }
    000003ED 7B               [ 4]  917 	ld	a, e
    000003EE DD 96 F1         [19]  918 	sub	a, -15 (ix)
    000003F1 7A               [ 4]  919 	ld	a, d
    000003F2 DD 9E F2         [19]  920 	sbc	a, -14 (ix)
    000003F5 30 09            [12]  921 	jr	NC, 00415$
    000003F7 DD 73 F1         [19]  922 	ld	-15 (ix), e
    000003FA DD 72 F2         [19]  923 	ld	-14 (ix), d
    000003FD DD 71 F0         [19]  924 	ld	-16 (ix), c
    00000400                        925 00415$:
                                    926 ;E:\Dropbox\FAUSTO\SVILUPPI\MSX\CODE\C\MSXgl\projects\soccerlgMSX2/soccerlg_s9_b3.c:100: for (u8 i = 8; i < 14; i++) {
    00000400 0C               [ 4]  927 	inc	c
    00000401 C3r5Er03         [10]  928 	jp	00414$
    00000404                        929 00140$:
                                    930 ;E:\Dropbox\FAUSTO\SVILUPPI\MSX\CODE\C\MSXgl\projects\soccerlgMSX2/soccerlg_s9_b3.c:110: g_closest_t1 = closest_t1;
    00000404 DD 7E ED         [19]  931 	ld	a, -19 (ix)
    00000407 32r00r00         [13]  932 	ld	(_g_closest_t1+0), a
                                    933 ;E:\Dropbox\FAUSTO\SVILUPPI\MSX\CODE\C\MSXgl\projects\soccerlgMSX2/soccerlg_s9_b3.c:111: g_closest_t2 = closest_t2;
    0000040A DD 7E F0         [19]  934 	ld	a, -16 (ix)
    0000040D 32r00r00         [13]  935 	ld	(_g_closest_t2+0), a
                                    936 ;E:\Dropbox\FAUSTO\SVILUPPI\MSX\CODE\C\MSXgl\projects\soccerlgMSX2/soccerlg_s9_b3.c:114: bool t1_switched = FALSE;
    00000410 DD 36 D9 00      [19]  937 	ld	-39 (ix), #0x00
                                    938 ;E:\Dropbox\FAUSTO\SVILUPPI\MSX\CODE\C\MSXgl\projects\soccerlgMSX2/soccerlg_s9_b3.c:115: bool t2_switched = FALSE;
    00000414 DD 36 DA 00      [19]  939 	ld	-38 (ix), #0x00
                                    940 ;E:\Dropbox\FAUSTO\SVILUPPI\MSX\CODE\C\MSXgl\projects\soccerlgMSX2/soccerlg_s9_b3.c:118: if (LastTouchTeam == TEAM_2 || LastTouchTeam == 0xFF || T2_Carrier == 0xFF) {
    00000418 DD 7E F3         [19]  941 	ld	a, -13 (ix)
    0000041B B7               [ 4]  942 	or	a, a
    0000041C 20 0C            [12]  943 	jr	NZ, 00147$
    0000041E 3Ar00r00         [13]  944 	ld	a, (_LastTouchTeam+0)
    00000421 3C               [ 4]  945 	inc	a
    00000422 28 06            [12]  946 	jr	Z, 00147$
    00000424 3Ar00r00         [13]  947 	ld	a, (_T2_Carrier+0)
    00000427 3C               [ 4]  948 	inc	a
    00000428 20 09            [12]  949 	jr	NZ, 00148$
    0000042A                        950 00147$:
                                    951 ;E:\Dropbox\FAUSTO\SVILUPPI\MSX\CODE\C\MSXgl\projects\soccerlgMSX2/soccerlg_s9_b3.c:119: T2_Carrier = closest_t2;
    0000042A DD 7E F0         [19]  952 	ld	a, -16 (ix)
    0000042D 32r00r00         [13]  953 	ld	(_T2_Carrier+0), a
    00000430 C3r4Er05         [10]  954 	jp	00149$
    00000433                        955 00148$:
                                    956 ;E:\Dropbox\FAUSTO\SVILUPPI\MSX\CODE\C\MSXgl\projects\soccerlgMSX2/soccerlg_s9_b3.c:120: } else if (g_player_input[1].trigger_pressed) {
    00000433 3Ar04r00         [13]  957 	ld	a, (#(_g_player_input + 4) + 0)
    00000436 DD 77 FF         [19]  958 	ld	-1 (ix), a
    00000439 B7               [ 4]  959 	or	a, a
    0000043A CAr4Er05         [10]  960 	jp	Z, 00149$
                                    961 ;E:\Dropbox\FAUSTO\SVILUPPI\MSX\CODE\C\MSXgl\projects\soccerlgMSX2/soccerlg_s9_b3.c:121: u16 b_dist_x = (SwSprite[T2_Carrier].lx > Ball->lx) ? (SwSprite[T2_Carrier].lx - Ball->lx) : (Ball->lx - SwSprite[T2_Carrier].lx);
    0000043D ED 4Br00r00      [20]  962 	ld	bc, (_T2_Carrier)
    00000441 06 00            [ 7]  963 	ld	b, #0x00
    00000443 69               [ 4]  964 	ld	l, c
    00000444 60               [ 4]  965 	ld	h, b
    00000445 29               [11]  966 	add	hl, hl
    00000446 29               [11]  967 	add	hl, hl
    00000447 09               [11]  968 	add	hl, bc
    00000448 29               [11]  969 	add	hl, hl
    00000449 09               [11]  970 	add	hl, bc
    0000044A 29               [11]  971 	add	hl, hl
    0000044B 09               [11]  972 	add	hl, bc
    0000044C DD 75 F9         [19]  973 	ld	-7 (ix), l
    0000044F DD 74 FA         [19]  974 	ld	-6 (ix), h
    00000452 3Er00            [ 7]  975 	ld	a, #<(_SwSprite)
    00000454 DD 86 F9         [19]  976 	add	a, -7 (ix)
    00000457 DD 77 F4         [19]  977 	ld	-12 (ix), a
    0000045A 3Es00            [ 7]  978 	ld	a, #>(_SwSprite)
    0000045C DD 8E FA         [19]  979 	adc	a, -6 (ix)
    0000045F DD 77 F5         [19]  980 	ld	-11 (ix), a
    00000462 DD 6E F4         [19]  981 	ld	l, -12 (ix)
    00000465 DD 66 F5         [19]  982 	ld	h, -11 (ix)
    00000468 7E               [ 7]  983 	ld	a, (hl)
    00000469 DD 77 F6         [19]  984 	ld	-10 (ix), a
    0000046C 3Ar42r01         [13]  985 	ld	a, (#(_SwSprite + 322) + 0)
    0000046F DD 77 FF         [19]  986 	ld	-1 (ix), a
    00000472 DD 7E F6         [19]  987 	ld	a, -10 (ix)
    00000475 DD 77 F7         [19]  988 	ld	-9 (ix), a
    00000478 DD 36 F8 00      [19]  989 	ld	-8 (ix), #0x00
    0000047C DD 7E FF         [19]  990 	ld	a, -1 (ix)
    0000047F DD 77 F9         [19]  991 	ld	-7 (ix), a
    00000482 DD 36 FA 00      [19]  992 	ld	-6 (ix), #0x00
    00000486 DD 7E FF         [19]  993 	ld	a, -1 (ix)
    00000489 DD 96 F6         [19]  994 	sub	a, -10 (ix)
    0000048C 30 15            [12]  995 	jr	NC, 00451$
    0000048E DD 7E F7         [19]  996 	ld	a, -9 (ix)
    00000491 DD 96 F9         [19]  997 	sub	a, -7 (ix)
    00000494 DD 77 EB         [19]  998 	ld	-21 (ix), a
    00000497 DD 7E F8         [19]  999 	ld	a, -8 (ix)
    0000049A DD 9E FA         [19] 1000 	sbc	a, -6 (ix)
    0000049D DD 77 EC         [19] 1001 	ld	-20 (ix), a
    000004A0 C3rB5r04         [10] 1002 	jp	00452$
    000004A3                       1003 00451$:
    000004A3 DD 7E F9         [19] 1004 	ld	a, -7 (ix)
    000004A6 DD 96 F7         [19] 1005 	sub	a, -9 (ix)
    000004A9 DD 77 EB         [19] 1006 	ld	-21 (ix), a
    000004AC DD 7E FA         [19] 1007 	ld	a, -6 (ix)
    000004AF DD 9E F8         [19] 1008 	sbc	a, -8 (ix)
    000004B2 DD 77 EC         [19] 1009 	ld	-20 (ix), a
    000004B5                       1010 00452$:
    000004B5 DD 7E EB         [19] 1011 	ld	a, -21 (ix)
    000004B8 DD 77 F9         [19] 1012 	ld	-7 (ix), a
    000004BB DD 7E EC         [19] 1013 	ld	a, -20 (ix)
    000004BE DD 77 FA         [19] 1014 	ld	-6 (ix), a
                                   1015 ;E:\Dropbox\FAUSTO\SVILUPPI\MSX\CODE\C\MSXgl\projects\soccerlgMSX2/soccerlg_s9_b3.c:122: u16 b_dist_y = (SwSprite[T2_Carrier].ly > Ball->ly) ? (SwSprite[T2_Carrier].ly - Ball->ly) : (Ball->ly - SwSprite[T2_Carrier].ly);
    000004C1 DD 7E F4         [19] 1016 	ld	a, -12 (ix)
    000004C4 DD 77 F7         [19] 1017 	ld	-9 (ix), a
    000004C7 DD 7E F5         [19] 1018 	ld	a, -11 (ix)
    000004CA DD 77 F8         [19] 1019 	ld	-8 (ix), a
    000004CD DD 6E F7         [19] 1020 	ld	l, -9 (ix)
    000004D0 DD 66 F8         [19] 1021 	ld	h, -8 (ix)
    000004D3 11 04 00         [10] 1022 	ld	de, #0x0004
    000004D6 19               [11] 1023 	add	hl, de
    000004D7 7E               [ 7] 1024 	ld	a, (hl)
    000004D8 DD 77 EB         [19] 1025 	ld	-21 (ix), a
    000004DB 23               [ 6] 1026 	inc	hl
    000004DC 7E               [ 7] 1027 	ld	a, (hl)
    000004DD DD 77 EC         [19] 1028 	ld	-20 (ix), a
    000004E0 21r46r01         [10] 1029 	ld	hl, #(_SwSprite + 326)
    000004E3 7E               [ 7] 1030 	ld	a, (hl)
    000004E4 DD 77 F5         [19] 1031 	ld	-11 (ix), a
    000004E7 23               [ 6] 1032 	inc	hl
    000004E8 7E               [ 7] 1033 	ld	a, (hl)
    000004E9 DD 77 F6         [19] 1034 	ld	-10 (ix), a
    000004EC DD 7E F5         [19] 1035 	ld	a, -11 (ix)
    000004EF DD 96 EB         [19] 1036 	sub	a, -21 (ix)
    000004F2 DD 7E F6         [19] 1037 	ld	a, -10 (ix)
    000004F5 DD 9E EC         [19] 1038 	sbc	a, -20 (ix)
    000004F8 30 15            [12] 1039 	jr	NC, 00453$
    000004FA DD 7E EB         [19] 1040 	ld	a, -21 (ix)
    000004FD DD 96 F5         [19] 1041 	sub	a, -11 (ix)
    00000500 DD 77 F7         [19] 1042 	ld	-9 (ix), a
    00000503 DD 7E EC         [19] 1043 	ld	a, -20 (ix)
    00000506 DD 9E F6         [19] 1044 	sbc	a, -10 (ix)
    00000509 DD 77 F8         [19] 1045 	ld	-8 (ix), a
    0000050C C3r21r05         [10] 1046 	jp	00454$
    0000050F                       1047 00453$:
    0000050F DD 7E F5         [19] 1048 	ld	a, -11 (ix)
    00000512 DD 96 EB         [19] 1049 	sub	a, -21 (ix)
    00000515 DD 77 F7         [19] 1050 	ld	-9 (ix), a
    00000518 DD 7E F6         [19] 1051 	ld	a, -10 (ix)
    0000051B DD 9E EC         [19] 1052 	sbc	a, -20 (ix)
    0000051E DD 77 F8         [19] 1053 	ld	-8 (ix), a
    00000521                       1054 00454$:
                                   1055 ;E:\Dropbox\FAUSTO\SVILUPPI\MSX\CODE\C\MSXgl\projects\soccerlgMSX2/soccerlg_s9_b3.c:123: if ((b_dist_x > 48 || b_dist_y > 24) && closest_t2 != T2_Carrier) {
    00000521 3E 30            [ 7] 1056 	ld	a, #0x30
    00000523 DD BE F9         [19] 1057 	cp	a, -7 (ix)
    00000526 3E 00            [ 7] 1058 	ld	a, #0x00
    00000528 DD 9E FA         [19] 1059 	sbc	a, -6 (ix)
    0000052B 38 0E            [12] 1060 	jr	C, 00144$
    0000052D DD 4E F7         [19] 1061 	ld	c, -9 (ix)
    00000530 DD 46 F8         [19] 1062 	ld	b, -8 (ix)
    00000533 3E 18            [ 7] 1063 	ld	a, #0x18
    00000535 B9               [ 4] 1064 	cp	a, c
    00000536 3E 00            [ 7] 1065 	ld	a, #0x00
    00000538 98               [ 4] 1066 	sbc	a, b
    00000539 30 13            [12] 1067 	jr	NC, 00149$
    0000053B                       1068 00144$:
    0000053B DD 7E F0         [19] 1069 	ld	a, -16 (ix)
    0000053E 21r00r00         [10] 1070 	ld	hl, #_T2_Carrier
    00000541 96               [ 7] 1071 	sub	a, (hl)
    00000542 28 0A            [12] 1072 	jr	Z, 00149$
                                   1073 ;E:\Dropbox\FAUSTO\SVILUPPI\MSX\CODE\C\MSXgl\projects\soccerlgMSX2/soccerlg_s9_b3.c:124: T2_Carrier = closest_t2; // Cambio manuale del giocatore in difesa!
    00000544 DD 7E F0         [19] 1074 	ld	a, -16 (ix)
    00000547 32r00r00         [13] 1075 	ld	(_T2_Carrier+0), a
                                   1076 ;E:\Dropbox\FAUSTO\SVILUPPI\MSX\CODE\C\MSXgl\projects\soccerlgMSX2/soccerlg_s9_b3.c:125: t2_switched = TRUE;
    0000054A DD 36 DA 01      [19] 1077 	ld	-38 (ix), #0x01
    0000054E                       1078 00149$:
                                   1079 ;E:\Dropbox\FAUSTO\SVILUPPI\MSX\CODE\C\MSXgl\projects\soccerlgMSX2/soccerlg_s9_b3.c:129: if (GameMode == GAMEMODE_P1_VS_P2) {
    0000054E 3Ar00r00         [13] 1080 	ld	a, (_GameMode+0)
    00000551 3D               [ 4] 1081 	dec	a
    00000552 C2r8Er06         [10] 1082 	jp	NZ,00164$
                                   1083 ;E:\Dropbox\FAUSTO\SVILUPPI\MSX\CODE\C\MSXgl\projects\soccerlgMSX2/soccerlg_s9_b3.c:130: if (LastTouchTeam == TEAM_1 || LastTouchTeam == 0xFF || T1_Carrier == 0xFF) {
    00000555 3Ar00r00         [13] 1084 	ld	a, (_LastTouchTeam+0)
    00000558 B7               [ 4] 1085 	or	a, a
    00000559 28 0C            [12] 1086 	jr	Z, 00158$
    0000055B 3Ar00r00         [13] 1087 	ld	a, (_LastTouchTeam+0)
    0000055E 3C               [ 4] 1088 	inc	a
    0000055F 28 06            [12] 1089 	jr	Z, 00158$
    00000561 3Ar00r00         [13] 1090 	ld	a, (_T1_Carrier+0)
    00000564 3C               [ 4] 1091 	inc	a
    00000565 20 09            [12] 1092 	jr	NZ, 00159$
    00000567                       1093 00158$:
                                   1094 ;E:\Dropbox\FAUSTO\SVILUPPI\MSX\CODE\C\MSXgl\projects\soccerlgMSX2/soccerlg_s9_b3.c:131: T1_Carrier = closest_t1;
    00000567 DD 7E ED         [19] 1095 	ld	a, -19 (ix)
    0000056A 32r00r00         [13] 1096 	ld	(_T1_Carrier+0), a
    0000056D C3r93r06         [10] 1097 	jp	00165$
    00000570                       1098 00159$:
                                   1099 ;E:\Dropbox\FAUSTO\SVILUPPI\MSX\CODE\C\MSXgl\projects\soccerlgMSX2/soccerlg_s9_b3.c:132: } else if (g_player_input[0].trigger_pressed) {
    00000570 3Ar01r00         [13] 1100 	ld	a, (#(_g_player_input + 1) + 0)
    00000573 DD 77 FF         [19] 1101 	ld	-1 (ix), a
    00000576 B7               [ 4] 1102 	or	a, a
    00000577 CAr93r06         [10] 1103 	jp	Z, 00165$
                                   1104 ;E:\Dropbox\FAUSTO\SVILUPPI\MSX\CODE\C\MSXgl\projects\soccerlgMSX2/soccerlg_s9_b3.c:133: u16 b_dist_x = (SwSprite[T1_Carrier].lx > Ball->lx) ? (SwSprite[T1_Carrier].lx - Ball->lx) : (Ball->lx - SwSprite[T1_Carrier].lx);
    0000057A ED 4Br00r00      [20] 1105 	ld	bc, (_T1_Carrier)
    0000057E 06 00            [ 7] 1106 	ld	b, #0x00
    00000580 69               [ 4] 1107 	ld	l, c
    00000581 60               [ 4] 1108 	ld	h, b
    00000582 29               [11] 1109 	add	hl, hl
    00000583 29               [11] 1110 	add	hl, hl
    00000584 09               [11] 1111 	add	hl, bc
    00000585 29               [11] 1112 	add	hl, hl
    00000586 09               [11] 1113 	add	hl, bc
    00000587 29               [11] 1114 	add	hl, hl
    00000588 09               [11] 1115 	add	hl, bc
    00000589 DD 75 F9         [19] 1116 	ld	-7 (ix), l
    0000058C DD 74 FA         [19] 1117 	ld	-6 (ix), h
    0000058F 3Er00            [ 7] 1118 	ld	a, #<(_SwSprite)
    00000591 DD 86 F9         [19] 1119 	add	a, -7 (ix)
    00000594 DD 77 F4         [19] 1120 	ld	-12 (ix), a
    00000597 3Es00            [ 7] 1121 	ld	a, #>(_SwSprite)
    00000599 DD 8E FA         [19] 1122 	adc	a, -6 (ix)
    0000059C DD 77 F5         [19] 1123 	ld	-11 (ix), a
    0000059F DD 6E F4         [19] 1124 	ld	l, -12 (ix)
    000005A2 DD 66 F5         [19] 1125 	ld	h, -11 (ix)
    000005A5 7E               [ 7] 1126 	ld	a, (hl)
    000005A6 DD 77 F6         [19] 1127 	ld	-10 (ix), a
    000005A9 3Ar42r01         [13] 1128 	ld	a, (#(_SwSprite + 322) + 0)
    000005AC DD 77 FF         [19] 1129 	ld	-1 (ix), a
    000005AF DD 7E F6         [19] 1130 	ld	a, -10 (ix)
    000005B2 DD 77 F7         [19] 1131 	ld	-9 (ix), a
    000005B5 DD 36 F8 00      [19] 1132 	ld	-8 (ix), #0x00
    000005B9 DD 7E FF         [19] 1133 	ld	a, -1 (ix)
    000005BC DD 77 F9         [19] 1134 	ld	-7 (ix), a
    000005BF DD 36 FA 00      [19] 1135 	ld	-6 (ix), #0x00
    000005C3 DD 7E FF         [19] 1136 	ld	a, -1 (ix)
    000005C6 DD 96 F6         [19] 1137 	sub	a, -10 (ix)
    000005C9 30 15            [12] 1138 	jr	NC, 00455$
    000005CB DD 7E F7         [19] 1139 	ld	a, -9 (ix)
    000005CE DD 96 F9         [19] 1140 	sub	a, -7 (ix)
    000005D1 DD 77 EB         [19] 1141 	ld	-21 (ix), a
    000005D4 DD 7E F8         [19] 1142 	ld	a, -8 (ix)
    000005D7 DD 9E FA         [19] 1143 	sbc	a, -6 (ix)
    000005DA DD 77 EC         [19] 1144 	ld	-20 (ix), a
    000005DD C3rF2r05         [10] 1145 	jp	00456$
    000005E0                       1146 00455$:
    000005E0 DD 7E F9         [19] 1147 	ld	a, -7 (ix)
    000005E3 DD 96 F7         [19] 1148 	sub	a, -9 (ix)
    000005E6 DD 77 EB         [19] 1149 	ld	-21 (ix), a
    000005E9 DD 7E FA         [19] 1150 	ld	a, -6 (ix)
    000005EC DD 9E F8         [19] 1151 	sbc	a, -8 (ix)
    000005EF DD 77 EC         [19] 1152 	ld	-20 (ix), a
    000005F2                       1153 00456$:
    000005F2 DD 7E EB         [19] 1154 	ld	a, -21 (ix)
    000005F5 DD 77 F9         [19] 1155 	ld	-7 (ix), a
    000005F8 DD 7E EC         [19] 1156 	ld	a, -20 (ix)
    000005FB DD 77 FA         [19] 1157 	ld	-6 (ix), a
                                   1158 ;E:\Dropbox\FAUSTO\SVILUPPI\MSX\CODE\C\MSXgl\projects\soccerlgMSX2/soccerlg_s9_b3.c:134: u16 b_dist_y = (SwSprite[T1_Carrier].ly > Ball->ly) ? (SwSprite[T1_Carrier].ly - Ball->ly) : (Ball->ly - SwSprite[T1_Carrier].ly);
    000005FE DD 7E F4         [19] 1159 	ld	a, -12 (ix)
    00000601 DD 77 F7         [19] 1160 	ld	-9 (ix), a
    00000604 DD 7E F5         [19] 1161 	ld	a, -11 (ix)
    00000607 DD 77 F8         [19] 1162 	ld	-8 (ix), a
    0000060A DD 6E F7         [19] 1163 	ld	l, -9 (ix)
    0000060D DD 66 F8         [19] 1164 	ld	h, -8 (ix)
    00000610 11 04 00         [10] 1165 	ld	de, #0x0004
    00000613 19               [11] 1166 	add	hl, de
    00000614 7E               [ 7] 1167 	ld	a, (hl)
    00000615 DD 77 EB         [19] 1168 	ld	-21 (ix), a
    00000618 23               [ 6] 1169 	inc	hl
    00000619 7E               [ 7] 1170 	ld	a, (hl)
    0000061A DD 77 EC         [19] 1171 	ld	-20 (ix), a
    0000061D 21r46r01         [10] 1172 	ld	hl, #(_SwSprite + 326)
    00000620 7E               [ 7] 1173 	ld	a, (hl)
    00000621 DD 77 F5         [19] 1174 	ld	-11 (ix), a
    00000624 23               [ 6] 1175 	inc	hl
    00000625 7E               [ 7] 1176 	ld	a, (hl)
    00000626 DD 77 F6         [19] 1177 	ld	-10 (ix), a
    00000629 DD 7E F5         [19] 1178 	ld	a, -11 (ix)
    0000062C DD 96 EB         [19] 1179 	sub	a, -21 (ix)
    0000062F DD 7E F6         [19] 1180 	ld	a, -10 (ix)
    00000632 DD 9E EC         [19] 1181 	sbc	a, -20 (ix)
    00000635 30 15            [12] 1182 	jr	NC, 00457$
    00000637 DD 7E EB         [19] 1183 	ld	a, -21 (ix)
    0000063A DD 96 F5         [19] 1184 	sub	a, -11 (ix)
    0000063D DD 77 F7         [19] 1185 	ld	-9 (ix), a
    00000640 DD 7E EC         [19] 1186 	ld	a, -20 (ix)
    00000643 DD 9E F6         [19] 1187 	sbc	a, -10 (ix)
    00000646 DD 77 F8         [19] 1188 	ld	-8 (ix), a
    00000649 C3r5Er06         [10] 1189 	jp	00458$
    0000064C                       1190 00457$:
    0000064C DD 7E F5         [19] 1191 	ld	a, -11 (ix)
    0000064F DD 96 EB         [19] 1192 	sub	a, -21 (ix)
    00000652 DD 77 F7         [19] 1193 	ld	-9 (ix), a
    00000655 DD 7E F6         [19] 1194 	ld	a, -10 (ix)
    00000658 DD 9E EC         [19] 1195 	sbc	a, -20 (ix)
    0000065B DD 77 F8         [19] 1196 	ld	-8 (ix), a
    0000065E                       1197 00458$:
                                   1198 ;E:\Dropbox\FAUSTO\SVILUPPI\MSX\CODE\C\MSXgl\projects\soccerlgMSX2/soccerlg_s9_b3.c:135: if ((b_dist_x > 48 || b_dist_y > 24) && closest_t1 != T1_Carrier) {
    0000065E 3E 30            [ 7] 1199 	ld	a, #0x30
    00000660 DD BE F9         [19] 1200 	cp	a, -7 (ix)
    00000663 3E 00            [ 7] 1201 	ld	a, #0x00
    00000665 DD 9E FA         [19] 1202 	sbc	a, -6 (ix)
    00000668 38 0E            [12] 1203 	jr	C, 00155$
    0000066A DD 4E F7         [19] 1204 	ld	c, -9 (ix)
    0000066D DD 46 F8         [19] 1205 	ld	b, -8 (ix)
    00000670 3E 18            [ 7] 1206 	ld	a, #0x18
    00000672 B9               [ 4] 1207 	cp	a, c
    00000673 3E 00            [ 7] 1208 	ld	a, #0x00
    00000675 98               [ 4] 1209 	sbc	a, b
    00000676 30 1B            [12] 1210 	jr	NC, 00165$
    00000678                       1211 00155$:
    00000678 DD 7E ED         [19] 1212 	ld	a, -19 (ix)
    0000067B 21r00r00         [10] 1213 	ld	hl, #_T1_Carrier
    0000067E 96               [ 7] 1214 	sub	a, (hl)
    0000067F 28 12            [12] 1215 	jr	Z, 00165$
                                   1216 ;E:\Dropbox\FAUSTO\SVILUPPI\MSX\CODE\C\MSXgl\projects\soccerlgMSX2/soccerlg_s9_b3.c:136: T1_Carrier = closest_t1; // Cambio manuale del giocatore in difesa!
    00000681 DD 7E ED         [19] 1217 	ld	a, -19 (ix)
    00000684 32r00r00         [13] 1218 	ld	(_T1_Carrier+0), a
                                   1219 ;E:\Dropbox\FAUSTO\SVILUPPI\MSX\CODE\C\MSXgl\projects\soccerlgMSX2/soccerlg_s9_b3.c:137: t1_switched = TRUE;
    00000687 DD 36 D9 01      [19] 1220 	ld	-39 (ix), #0x01
    0000068B C3r93r06         [10] 1221 	jp	00165$
    0000068E                       1222 00164$:
                                   1223 ;E:\Dropbox\FAUSTO\SVILUPPI\MSX\CODE\C\MSXgl\projects\soccerlgMSX2/soccerlg_s9_b3.c:141: T1_Carrier = 0xFF;
    0000068E 21r00r00         [10] 1224 	ld	hl, #_T1_Carrier
    00000691 36 FF            [10] 1225 	ld	(hl), #0xff
    00000693                       1226 00165$:
                                   1227 ;E:\Dropbox\FAUSTO\SVILUPPI\MSX\CODE\C\MSXgl\projects\soccerlgMSX2/soccerlg_s9_b3.c:146: if (min_dist_t2 <= 24 && (LastTouchTeam == TEAM_2 || LastTouchTeam == 0xFF)) {
    00000693 DD 4E F1         [19] 1228 	ld	c, -15 (ix)
    00000696 DD 46 F2         [19] 1229 	ld	b, -14 (ix)
    00000699 3E 18            [ 7] 1230 	ld	a, #0x18
    0000069B B9               [ 4] 1231 	cp	a, c
    0000069C 3E 00            [ 7] 1232 	ld	a, #0x00
    0000069E 98               [ 4] 1233 	sbc	a, b
    0000069F 38 40            [12] 1234 	jr	C, 00170$
    000006A1 DD 7E F3         [19] 1235 	ld	a, -13 (ix)
    000006A4 B7               [ 4] 1236 	or	a, a
    000006A5 20 06            [12] 1237 	jr	NZ, 00169$
    000006A7 3Ar00r00         [13] 1238 	ld	a, (_LastTouchTeam+0)
    000006AA 3C               [ 4] 1239 	inc	a
    000006AB 20 34            [12] 1240 	jr	NZ, 00170$
    000006AD                       1241 00169$:
                                   1242 ;E:\Dropbox\FAUSTO\SVILUPPI\MSX\CODE\C\MSXgl\projects\soccerlgMSX2/soccerlg_s9_b3.c:147: if (T2_Receiver == 0xFF || (Frms % 8) == 0) // Throttle: evita il cambio repentino di destinatario
    000006AD 3Ar00r00         [13] 1243 	ld	a, (_T2_Receiver+0)
    000006B0 3C               [ 4] 1244 	inc	a
    000006B1 28 07            [12] 1245 	jr	Z, 00166$
    000006B3 3Ar00r00         [13] 1246 	ld	a, (_Frms+0)
    000006B6 E6 07            [ 7] 1247 	and	a, #0x07
    000006B8 20 2C            [12] 1248 	jr	NZ, 00171$
    000006BA                       1249 00166$:
                                   1250 ;E:\Dropbox\FAUSTO\SVILUPPI\MSX\CODE\C\MSXgl\projects\soccerlgMSX2/soccerlg_s9_b3.c:148: T2_Receiver = (u8)CallFnc_U16_P4B(SEG_HELPERS, FindReceiver, T2_Carrier, 0xFF, g_last_dx[1], g_last_dy[1]);
    000006BA 21r01r00         [10] 1251 	ld	hl, #(_g_last_dy + 1)
    000006BD 7E               [ 7] 1252 	ld	a, (hl)
    000006BE DD 77 FF         [19] 1253 	ld	-1 (ix), a
    000006C1 3Ar01r00         [13] 1254 	ld	a, (#(_g_last_dx + 1) + 0)
    000006C4 DD 66 FF         [19] 1255 	ld	h, -1 (ix)
                                   1256 ;	spillPairReg hl
                                   1257 ;	spillPairReg hl
    000006C7 E5               [11] 1258 	push	hl
    000006C8 33               [ 6] 1259 	inc	sp
    000006C9 67               [ 4] 1260 	ld	h, a
    000006CA 2E FF            [ 7] 1261 	ld	l, #0xff
    000006CC E5               [11] 1262 	push	hl
    000006CD 3Ar00r00         [13] 1263 	ld	a, (_T2_Carrier+0)
    000006D0 F5               [11] 1264 	push	af
    000006D1 33               [ 6] 1265 	inc	sp
    000006D2 11r00r00         [10] 1266 	ld	de, #_FindReceiver
    000006D5 3E 14            [ 7] 1267 	ld	a, #0x14
    000006D7 CDr00r00         [17] 1268 	call	_CallFnc_U16_P4B
    000006DA 21r00r00         [10] 1269 	ld	hl, #_T2_Receiver
    000006DD 73               [ 7] 1270 	ld	(hl), e
    000006DE C3rE6r06         [10] 1271 	jp	00171$
    000006E1                       1272 00170$:
                                   1273 ;E:\Dropbox\FAUSTO\SVILUPPI\MSX\CODE\C\MSXgl\projects\soccerlgMSX2/soccerlg_s9_b3.c:149: } else T2_Receiver = 0xFF;
    000006E1 21r00r00         [10] 1274 	ld	hl, #_T2_Receiver
    000006E4 36 FF            [10] 1275 	ld	(hl), #0xff
    000006E6                       1276 00171$:
                                   1277 ;E:\Dropbox\FAUSTO\SVILUPPI\MSX\CODE\C\MSXgl\projects\soccerlgMSX2/soccerlg_s9_b3.c:151: if (GameMode == GAMEMODE_P1_VS_P2) {
    000006E6 3Ar00r00         [13] 1278 	ld	a, (_GameMode+0)
    000006E9 3D               [ 4] 1279 	dec	a
    000006EA 20 5D            [12] 1280 	jr	NZ, 00183$
                                   1281 ;E:\Dropbox\FAUSTO\SVILUPPI\MSX\CODE\C\MSXgl\projects\soccerlgMSX2/soccerlg_s9_b3.c:152: if (min_dist_t1 <= 24 && (LastTouchTeam == TEAM_1 || LastTouchTeam == 0xFF)) {
    000006EC DD 7E EE         [19] 1282 	ld	a, -18 (ix)
    000006EF DD 77 F9         [19] 1283 	ld	-7 (ix), a
    000006F2 DD 7E EF         [19] 1284 	ld	a, -17 (ix)
    000006F5 DD 77 FA         [19] 1285 	ld	-6 (ix), a
    000006F8 3E 18            [ 7] 1286 	ld	a, #0x18
    000006FA DD BE F9         [19] 1287 	cp	a, -7 (ix)
    000006FD 3E 00            [ 7] 1288 	ld	a, #0x00
    000006FF DD 9E FA         [19] 1289 	sbc	a, -6 (ix)
    00000702 38 40            [12] 1290 	jr	C, 00178$
    00000704 3Ar00r00         [13] 1291 	ld	a, (_LastTouchTeam+0)
    00000707 B7               [ 4] 1292 	or	a, a
    00000708 28 06            [12] 1293 	jr	Z, 00177$
    0000070A 3Ar00r00         [13] 1294 	ld	a, (_LastTouchTeam+0)
    0000070D 3C               [ 4] 1295 	inc	a
    0000070E 20 34            [12] 1296 	jr	NZ, 00178$
    00000710                       1297 00177$:
                                   1298 ;E:\Dropbox\FAUSTO\SVILUPPI\MSX\CODE\C\MSXgl\projects\soccerlgMSX2/soccerlg_s9_b3.c:153: if (T1_Receiver == 0xFF || (Frms % 8) == 0) // Throttle: evita il cambio repentino di destinatario
    00000710 3Ar00r00         [13] 1299 	ld	a, (_T1_Receiver+0)
    00000713 3C               [ 4] 1300 	inc	a
    00000714 28 07            [12] 1301 	jr	Z, 00174$
    00000716 3Ar00r00         [13] 1302 	ld	a, (_Frms+0)
    00000719 E6 07            [ 7] 1303 	and	a, #0x07
    0000071B 20 2C            [12] 1304 	jr	NZ, 00183$
    0000071D                       1305 00174$:
                                   1306 ;E:\Dropbox\FAUSTO\SVILUPPI\MSX\CODE\C\MSXgl\projects\soccerlgMSX2/soccerlg_s9_b3.c:154: T1_Receiver = (u8)CallFnc_U16_P4B(SEG_HELPERS, FindReceiver, T1_Carrier, 0xFF, g_last_dx[0], g_last_dy[0]);
    0000071D 21r00r00         [10] 1307 	ld	hl, #_g_last_dy
    00000720 7E               [ 7] 1308 	ld	a, (hl)
    00000721 DD 77 FF         [19] 1309 	ld	-1 (ix), a
    00000724 3Ar00r00         [13] 1310 	ld	a, (#_g_last_dx + 0)
    00000727 DD 66 FF         [19] 1311 	ld	h, -1 (ix)
                                   1312 ;	spillPairReg hl
                                   1313 ;	spillPairReg hl
    0000072A E5               [11] 1314 	push	hl
    0000072B 33               [ 6] 1315 	inc	sp
    0000072C 67               [ 4] 1316 	ld	h, a
    0000072D 2E FF            [ 7] 1317 	ld	l, #0xff
    0000072F E5               [11] 1318 	push	hl
    00000730 3Ar00r00         [13] 1319 	ld	a, (_T1_Carrier+0)
    00000733 F5               [11] 1320 	push	af
    00000734 33               [ 6] 1321 	inc	sp
    00000735 11r00r00         [10] 1322 	ld	de, #_FindReceiver
    00000738 3E 14            [ 7] 1323 	ld	a, #0x14
    0000073A CDr00r00         [17] 1324 	call	_CallFnc_U16_P4B
    0000073D 21r00r00         [10] 1325 	ld	hl, #_T1_Receiver
    00000740 73               [ 7] 1326 	ld	(hl), e
    00000741 C3r49r07         [10] 1327 	jp	00183$
    00000744                       1328 00178$:
                                   1329 ;E:\Dropbox\FAUSTO\SVILUPPI\MSX\CODE\C\MSXgl\projects\soccerlgMSX2/soccerlg_s9_b3.c:155: } else T1_Receiver = 0xFF;
    00000744 21r00r00         [10] 1330 	ld	hl, #_T1_Receiver
    00000747 36 FF            [10] 1331 	ld	(hl), #0xff
    00000749                       1332 00183$:
                                   1333 ;E:\Dropbox\FAUSTO\SVILUPPI\MSX\CODE\C\MSXgl\projects\soccerlgMSX2/soccerlg_s9_b3.c:160: CallFnc_VOID_3PTR(SEG_HELPERS, UpdateGameState_GlobalChecks, game_state, wait_secs, start_sec);
    00000749 DD 6E 04         [19] 1334 	ld	l, 4 (ix)
                                   1335 ;	spillPairReg hl
                                   1336 ;	spillPairReg hl
    0000074C DD 66 05         [19] 1337 	ld	h, 5 (ix)
                                   1338 ;	spillPairReg hl
                                   1339 ;	spillPairReg hl
    0000074F E5               [11] 1340 	push	hl
    00000750 DD 6E FB         [19] 1341 	ld	l, -5 (ix)
                                   1342 ;	spillPairReg hl
                                   1343 ;	spillPairReg hl
    00000753 DD 66 FC         [19] 1344 	ld	h, -4 (ix)
                                   1345 ;	spillPairReg hl
                                   1346 ;	spillPairReg hl
    00000756 E5               [11] 1347 	push	hl
    00000757 DD 6E FD         [19] 1348 	ld	l, -3 (ix)
                                   1349 ;	spillPairReg hl
                                   1350 ;	spillPairReg hl
    0000075A DD 66 FE         [19] 1351 	ld	h, -2 (ix)
                                   1352 ;	spillPairReg hl
                                   1353 ;	spillPairReg hl
    0000075D E5               [11] 1354 	push	hl
    0000075E 11r00r00         [10] 1355 	ld	de, #_UpdateGameState_GlobalChecks
    00000761 3E 14            [ 7] 1356 	ld	a, #0x14
    00000763 CDr00r00         [17] 1357 	call	_CallFnc_VOID_3PTR
                                   1358 ;E:\Dropbox\FAUSTO\SVILUPPI\MSX\CODE\C\MSXgl\projects\soccerlgMSX2/soccerlg_s9_b3.c:161: if (*game_state == 6 || (g_is_penalty_shootout && RestartType == RESTART_GKSAVE)) return;
    00000766 DD 6E FD         [19] 1359 	ld	l, -3 (ix)
    00000769 DD 66 FE         [19] 1360 	ld	h, -2 (ix)
    0000076C 7E               [ 7] 1361 	ld	a, (hl)
    0000076D D6 06            [ 7] 1362 	sub	a, #0x06
    0000076F CArE3r1C         [10] 1363 	jp	Z,00421$
    00000772 3Ar00r00         [13] 1364 	ld	a, (_g_is_penalty_shootout+0)
    00000775 B7               [ 4] 1365 	or	a, a
    00000776 28 08            [12] 1366 	jr	Z, 00185$
    00000778 3Ar00r00         [13] 1367 	ld	a, (_RestartType+0)
    0000077B D6 04            [ 7] 1368 	sub	a, #0x04
    0000077D CArE3r1C         [10] 1369 	jp	Z,00421$
    00000780                       1370 00185$:
                                   1371 ;E:\Dropbox\FAUSTO\SVILUPPI\MSX\CODE\C\MSXgl\projects\soccerlgMSX2/soccerlg_s9_b3.c:164: CallFnc_VOID(SEG_GAMESTATE_8, UpdateBallPhysics);
    00000780 11r00r00         [10] 1372 	ld	de, #_UpdateBallPhysics
    00000783 3E 12            [ 7] 1373 	ld	a, #0x12
    00000785 CDr00r00         [17] 1374 	call	_CallFnc_VOID
                                   1375 ;E:\Dropbox\FAUSTO\SVILUPPI\MSX\CODE\C\MSXgl\projects\soccerlgMSX2/soccerlg_s9_b3.c:167: if (g_pass_receiver & 0x80) {
    00000788 3Ar00r00         [13] 1376 	ld	a, (_g_pass_receiver+0)
    0000078B 4F               [ 4] 1377 	ld	c, a
                                   1378 ;E:\Dropbox\FAUSTO\SVILUPPI\MSX\CODE\C\MSXgl\projects\soccerlgMSX2/soccerlg_s9_b3.c:183: Ball->anim = Ball->dx = Ball->dy = 0;
                                   1379 ;E:\Dropbox\FAUSTO\SVILUPPI\MSX\CODE\C\MSXgl\projects\soccerlgMSX2/soccerlg_s9_b3.c:167: if (g_pass_receiver & 0x80) {
    0000078C CB 79            [ 8] 1380 	bit	7, c
    0000078E CAr3Fr08         [10] 1381 	jp	Z,00198$
                                   1382 ;E:\Dropbox\FAUSTO\SVILUPPI\MSX\CODE\C\MSXgl\projects\soccerlgMSX2/soccerlg_s9_b3.c:168: u8 rec = g_pass_receiver & 0x7F;
    00000791 79               [ 4] 1383 	ld	a, c
    00000792 CB BF            [ 8] 1384 	res	7, a
                                   1385 ;E:\Dropbox\FAUSTO\SVILUPPI\MSX\CODE\C\MSXgl\projects\soccerlgMSX2/soccerlg_s9_b3.c:169: if (rec >= 14) {
    00000794 FE 0E            [ 7] 1386 	cp	a, #0x0e
    00000796 38 08            [12] 1387 	jr	C, 00195$
                                   1388 ;E:\Dropbox\FAUSTO\SVILUPPI\MSX\CODE\C\MSXgl\projects\soccerlgMSX2/soccerlg_s9_b3.c:170: g_pass_receiver = 0xFF;
    00000798 21r00r00         [10] 1389 	ld	hl, #_g_pass_receiver
    0000079B 36 FF            [10] 1390 	ld	(hl), #0xff
    0000079D C3r3Fr08         [10] 1391 	jp	00198$
    000007A0                       1392 00195$:
                                   1393 ;E:\Dropbox\FAUSTO\SVILUPPI\MSX\CODE\C\MSXgl\projects\soccerlgMSX2/soccerlg_s9_b3.c:172: u8 pass_team = (rec < 7) ? TEAM_1 : TEAM_2;
    000007A0 D6 07            [ 7] 1394 	sub	a, #0x07
    000007A2 30 06            [12] 1395 	jr	NC, 00459$
    000007A4 01 00 00         [10] 1396 	ld	bc, #0x0000
    000007A7 C3rADr07         [10] 1397 	jp	00460$
    000007AA                       1398 00459$:
    000007AA 01 01 00         [10] 1399 	ld	bc, #0x0001
    000007AD                       1400 00460$:
                                   1401 ;E:\Dropbox\FAUSTO\SVILUPPI\MSX\CODE\C\MSXgl\projects\soccerlgMSX2/soccerlg_s9_b3.c:174: if (LastTouchTeam != 0xFF && LastTouchTeam != pass_team) {
    000007AD 3Ar00r00         [13] 1402 	ld	a, (_LastTouchTeam+0)
    000007B0 3C               [ 4] 1403 	inc	a
    000007B1 28 0E            [12] 1404 	jr	Z, 00191$
    000007B3 3Ar00r00         [13] 1405 	ld	a, (_LastTouchTeam+0)
    000007B6 91               [ 4] 1406 	sub	a, c
    000007B7 28 08            [12] 1407 	jr	Z, 00191$
                                   1408 ;E:\Dropbox\FAUSTO\SVILUPPI\MSX\CODE\C\MSXgl\projects\soccerlgMSX2/soccerlg_s9_b3.c:175: g_pass_receiver = 0xFF; // Intercettata dagli avversari: annulla offside
    000007B9 21r00r00         [10] 1409 	ld	hl, #_g_pass_receiver
    000007BC 36 FF            [10] 1410 	ld	(hl), #0xff
    000007BE C3r3Fr08         [10] 1411 	jp	00198$
    000007C1                       1412 00191$:
                                   1413 ;E:\Dropbox\FAUSTO\SVILUPPI\MSX\CODE\C\MSXgl\projects\soccerlgMSX2/soccerlg_s9_b3.c:176: } else if (Ball->anim == 5) {
    000007C1 2Ar55r01         [16] 1414 	ld	hl, (#(_SwSprite + 341) + 0)
    000007C4 7D               [ 4] 1415 	ld	a, l
    000007C5 D6 05            [ 7] 1416 	sub	a, #0x05
    000007C7 B4               [ 4] 1417 	or	a, h
    000007C8 20 75            [12] 1418 	jr	NZ, 00198$
                                   1419 ;E:\Dropbox\FAUSTO\SVILUPPI\MSX\CODE\C\MSXgl\projects\soccerlgMSX2/soccerlg_s9_b3.c:178: *game_state = 6;
    000007CA DD 6E FD         [19] 1420 	ld	l, -3 (ix)
    000007CD DD 66 FE         [19] 1421 	ld	h, -2 (ix)
    000007D0 36 06            [10] 1422 	ld	(hl), #0x06
                                   1423 ;E:\Dropbox\FAUSTO\SVILUPPI\MSX\CODE\C\MSXgl\projects\soccerlgMSX2/soccerlg_s9_b3.c:179: RestartType = RESTART_OFFSIDE;
    000007D2 21r00r00         [10] 1424 	ld	hl, #_RestartType
    000007D5 36 07            [10] 1425 	ld	(hl), #0x07
                                   1426 ;E:\Dropbox\FAUSTO\SVILUPPI\MSX\CODE\C\MSXgl\projects\soccerlgMSX2/soccerlg_s9_b3.c:180: RestartSideX = (u8)g_pass_target_x;
    000007D7 3Ar00r00         [13] 1427 	ld	a, (_g_pass_target_x+0)
    000007DA 32r00r00         [13] 1428 	ld	(_RestartSideX+0), a
                                   1429 ;E:\Dropbox\FAUSTO\SVILUPPI\MSX\CODE\C\MSXgl\projects\soccerlgMSX2/soccerlg_s9_b3.c:181: RestartSideY = g_pass_target_y;
    000007DD 2Ar00r00         [16] 1430 	ld	hl, (_g_pass_target_y)
    000007E0 22r00r00         [16] 1431 	ld	(_RestartSideY), hl
                                   1432 ;E:\Dropbox\FAUSTO\SVILUPPI\MSX\CODE\C\MSXgl\projects\soccerlgMSX2/soccerlg_s9_b3.c:182: CallFnc_VOID(SEG_EVENTS, EventOffside);
    000007E3 11r00r00         [10] 1433 	ld	de, #_EventOffside
    000007E6 3E 08            [ 7] 1434 	ld	a, #0x08
    000007E8 CDr00r00         [17] 1435 	call	_CallFnc_VOID
                                   1436 ;E:\Dropbox\FAUSTO\SVILUPPI\MSX\CODE\C\MSXgl\projects\soccerlgMSX2/soccerlg_s9_b3.c:183: Ball->anim = Ball->dx = Ball->dy = 0;
    000007EB 21r54r01         [10] 1437 	ld	hl, #(_SwSprite + 340)
    000007EE 36 00            [10] 1438 	ld	(hl), #0x00
    000007F0 21r53r01         [10] 1439 	ld	hl, #(_SwSprite + 339)
    000007F3 36 00            [10] 1440 	ld	(hl), #0x00
    000007F5 21 00 00         [10] 1441 	ld	hl, #0x0000
    000007F8 22r55r01         [16] 1442 	ld	((_SwSprite + 341)), hl
                                   1443 ;E:\Dropbox\FAUSTO\SVILUPPI\MSX\CODE\C\MSXgl\projects\soccerlgMSX2/soccerlg_s9_b3.c:184: Ball->lx = g_pass_target_x;
    000007FB 3Ar00r00         [13] 1444 	ld	a, (_g_pass_target_x+0)
    000007FE 32r42r01         [13] 1445 	ld	(#(_SwSprite + 322)),a
                                   1446 ;E:\Dropbox\FAUSTO\SVILUPPI\MSX\CODE\C\MSXgl\projects\soccerlgMSX2/soccerlg_s9_b3.c:185: Ball->ly = g_pass_target_y;
    00000801 21r46r01         [10] 1447 	ld	hl, #(_SwSprite + 326)
    00000804 3Ar00r00         [13] 1448 	ld	a, (_g_pass_target_y+0)
    00000807 77               [ 7] 1449 	ld	(hl), a
    00000808 23               [ 6] 1450 	inc	hl
    00000809 3Ar01r00         [13] 1451 	ld	a, (_g_pass_target_y+1)
    0000080C 77               [ 7] 1452 	ld	(hl), a
                                   1453 ;E:\Dropbox\FAUSTO\SVILUPPI\MSX\CODE\C\MSXgl\projects\soccerlgMSX2/soccerlg_s9_b3.c:186: Ball->frame = SPR_BALL_SIZE_1;
    0000080D 21 60 00         [10] 1454 	ld	hl, #0x0060
    00000810 22r51r01         [16] 1455 	ld	((_SwSprite + 337)), hl
                                   1456 ;E:\Dropbox\FAUSTO\SVILUPPI\MSX\CODE\C\MSXgl\projects\soccerlgMSX2/soccerlg_s9_b3.c:187: T1_Carrier = T2_Carrier = 0xFF;
    00000813 21r00r00         [10] 1457 	ld	hl, #_T2_Carrier
    00000816 36 FF            [10] 1458 	ld	(hl), #0xff
    00000818 21r00r00         [10] 1459 	ld	hl, #_T1_Carrier
    0000081B 36 FF            [10] 1460 	ld	(hl), #0xff
                                   1461 ;E:\Dropbox\FAUSTO\SVILUPPI\MSX\CODE\C\MSXgl\projects\soccerlgMSX2/soccerlg_s9_b3.c:188: g_pass_receiver = 0xFF;
    0000081D 21r00r00         [10] 1462 	ld	hl, #_g_pass_receiver
    00000820 36 FF            [10] 1463 	ld	(hl), #0xff
                                   1464 ;E:\Dropbox\FAUSTO\SVILUPPI\MSX\CODE\C\MSXgl\projects\soccerlgMSX2/soccerlg_s9_b3.c:189: TimerEnabled = FALSE;
    00000822 FD 21r00r00      [14] 1465 	ld	iy, #_TimerEnabled
    00000826 FD 36 00 00      [19] 1466 	ld	0 (iy), #0x00
                                   1467 ;E:\Dropbox\FAUSTO\SVILUPPI\MSX\CODE\C\MSXgl\projects\soccerlgMSX2/soccerlg_s9_b3.c:190: *wait_secs = 2; *start_sec = Frms;
    0000082A DD 6E FB         [19] 1468 	ld	l, -5 (ix)
    0000082D DD 66 FC         [19] 1469 	ld	h, -4 (ix)
    00000830 36 02            [10] 1470 	ld	(hl), #0x02
    00000832 DD 4E 04         [19] 1471 	ld	c, 4 (ix)
    00000835 DD 46 05         [19] 1472 	ld	b, 5 (ix)
    00000838 3Ar00r00         [13] 1473 	ld	a, (_Frms+0)
    0000083B 02               [ 7] 1474 	ld	(bc), a
                                   1475 ;E:\Dropbox\FAUSTO\SVILUPPI\MSX\CODE\C\MSXgl\projects\soccerlgMSX2/soccerlg_s9_b3.c:191: return;
    0000083C C3rE3r1C         [10] 1476 	jp	00421$
    0000083F                       1477 00198$:
                                   1478 ;E:\Dropbox\FAUSTO\SVILUPPI\MSX\CODE\C\MSXgl\projects\soccerlgMSX2/soccerlg_s9_b3.c:196: g_is_ball_carried = FALSE;
    0000083F FD 21r00r00      [14] 1479 	ld	iy, #_g_is_ball_carried
    00000843 FD 36 00 00      [19] 1480 	ld	0 (iy), #0x00
                                   1481 ;E:\Dropbox\FAUSTO\SVILUPPI\MSX\CODE\C\MSXgl\projects\soccerlgMSX2/soccerlg_s9_b3.c:197: if (LastTouchPlayer != 0xFF && Ball->anim < 5) {
    00000847 3Ar00r00         [13] 1482 	ld	a, (_LastTouchPlayer+0)
    0000084A 3C               [ 4] 1483 	inc	a
    0000084B CArDAr08         [10] 1484 	jp	Z,00203$
    0000084E 2Ar55r01         [16] 1485 	ld	hl, (#(_SwSprite + 341) + 0)
    00000851 11 05 00         [10] 1486 	ld	de, #0x0005
    00000854 BF               [ 4] 1487 	cp	a, a
    00000855 ED 52            [15] 1488 	sbc	hl, de
    00000857 D2rDAr08         [10] 1489 	jp	NC, 00203$
                                   1490 ;E:\Dropbox\FAUSTO\SVILUPPI\MSX\CODE\C\MSXgl\projects\soccerlgMSX2/soccerlg_s9_b3.c:198: u16 c_dist_x = (SwSprite[LastTouchPlayer].lx > Ball->lx) ? (SwSprite[LastTouchPlayer].lx - Ball->lx) : (Ball->lx - SwSprite[LastTouchPlayer].lx);
    0000085A ED 4Br00r00      [20] 1491 	ld	bc, (_LastTouchPlayer)
    0000085E 06 00            [ 7] 1492 	ld	b, #0x00
    00000860 69               [ 4] 1493 	ld	l, c
    00000861 60               [ 4] 1494 	ld	h, b
    00000862 29               [11] 1495 	add	hl, hl
    00000863 29               [11] 1496 	add	hl, hl
    00000864 09               [11] 1497 	add	hl, bc
    00000865 29               [11] 1498 	add	hl, hl
    00000866 09               [11] 1499 	add	hl, bc
    00000867 29               [11] 1500 	add	hl, hl
    00000868 09               [11] 1501 	add	hl, bc
    00000869 11r00r00         [10] 1502 	ld	de, #_SwSprite
    0000086C 19               [11] 1503 	add	hl, de
    0000086D DD 75 F7         [19] 1504 	ld	-9 (ix), l
    00000870 DD 74 F8         [19] 1505 	ld	-8 (ix), h
    00000873 5E               [ 7] 1506 	ld	e, (hl)
    00000874 21r42r01         [10] 1507 	ld	hl, #(_SwSprite + 322)
    00000877 56               [ 7] 1508 	ld	d, (hl)
    00000878 4B               [ 4] 1509 	ld	c, e
    00000879 06 00            [ 7] 1510 	ld	b, #0x00
    0000087B 6A               [ 4] 1511 	ld	l, d
                                   1512 ;	spillPairReg hl
                                   1513 ;	spillPairReg hl
    0000087C 26 00            [ 7] 1514 	ld	h, #0x00
                                   1515 ;	spillPairReg hl
                                   1516 ;	spillPairReg hl
    0000087E 7A               [ 4] 1517 	ld	a, d
    0000087F 93               [ 4] 1518 	sub	a, e
    00000880 30 09            [12] 1519 	jr	NC, 00461$
    00000882 79               [ 4] 1520 	ld	a, c
    00000883 95               [ 4] 1521 	sub	a, l
    00000884 4F               [ 4] 1522 	ld	c, a
    00000885 78               [ 4] 1523 	ld	a, b
    00000886 9C               [ 4] 1524 	sbc	a, h
    00000887 47               [ 4] 1525 	ld	b, a
    00000888 C3r91r08         [10] 1526 	jp	00462$
    0000088B                       1527 00461$:
    0000088B 7D               [ 4] 1528 	ld	a, l
    0000088C 91               [ 4] 1529 	sub	a, c
    0000088D 4F               [ 4] 1530 	ld	c, a
    0000088E 7C               [ 4] 1531 	ld	a, h
    0000088F 98               [ 4] 1532 	sbc	a, b
    00000890 47               [ 4] 1533 	ld	b, a
    00000891                       1534 00462$:
    00000891 DD 71 F9         [19] 1535 	ld	-7 (ix), c
    00000894 DD 70 FA         [19] 1536 	ld	-6 (ix), b
                                   1537 ;E:\Dropbox\FAUSTO\SVILUPPI\MSX\CODE\C\MSXgl\projects\soccerlgMSX2/soccerlg_s9_b3.c:199: u16 c_dist_y = (SwSprite[LastTouchPlayer].ly > Ball->ly) ? (SwSprite[LastTouchPlayer].ly - Ball->ly) : (Ball->ly - SwSprite[LastTouchPlayer].ly);
    00000897 DD 4E F7         [19] 1538 	ld	c, -9 (ix)
    0000089A DD 46 F8         [19] 1539 	ld	b, -8 (ix)
    0000089D 21 04 00         [10] 1540 	ld	hl, #4
    000008A0 09               [11] 1541 	add	hl, bc
    000008A1 4E               [ 7] 1542 	ld	c, (hl)
    000008A2 23               [ 6] 1543 	inc	hl
    000008A3 46               [ 7] 1544 	ld	b, (hl)
    000008A4 ED 5Br46r01      [20] 1545 	ld	de, (#(_SwSprite + 326) + 0)
    000008A8 7B               [ 4] 1546 	ld	a, e
    000008A9 91               [ 4] 1547 	sub	a, c
    000008AA 7A               [ 4] 1548 	ld	a, d
    000008AB 98               [ 4] 1549 	sbc	a, b
    000008AC 30 08            [12] 1550 	jr	NC, 00463$
    000008AE 79               [ 4] 1551 	ld	a, c
    000008AF 93               [ 4] 1552 	sub	a, e
    000008B0 4F               [ 4] 1553 	ld	c, a
    000008B1 78               [ 4] 1554 	ld	a, b
    000008B2 9A               [ 4] 1555 	sbc	a, d
    000008B3 C3rBBr08         [10] 1556 	jp	00464$
    000008B6                       1557 00463$:
    000008B6 7B               [ 4] 1558 	ld	a, e
    000008B7 91               [ 4] 1559 	sub	a, c
    000008B8 4F               [ 4] 1560 	ld	c, a
    000008B9 7A               [ 4] 1561 	ld	a, d
    000008BA 98               [ 4] 1562 	sbc	a, b
    000008BB                       1563 00464$:
    000008BB 47               [ 4] 1564 	ld	b, a
                                   1565 ;E:\Dropbox\FAUSTO\SVILUPPI\MSX\CODE\C\MSXgl\projects\soccerlgMSX2/soccerlg_s9_b3.c:200: if (c_dist_x <= 24 && c_dist_y <= 24) g_is_ball_carried = TRUE;
    000008BC DD 5E F9         [19] 1566 	ld	e, -7 (ix)
    000008BF DD 56 FA         [19] 1567 	ld	d, -6 (ix)
    000008C2 3E 18            [ 7] 1568 	ld	a, #0x18
    000008C4 BB               [ 4] 1569 	cp	a, e
    000008C5 3E 00            [ 7] 1570 	ld	a, #0x00
    000008C7 9A               [ 4] 1571 	sbc	a, d
    000008C8 38 10            [12] 1572 	jr	C, 00203$
    000008CA 3E 18            [ 7] 1573 	ld	a, #0x18
    000008CC B9               [ 4] 1574 	cp	a, c
    000008CD 3E 00            [ 7] 1575 	ld	a, #0x00
    000008CF 98               [ 4] 1576 	sbc	a, b
    000008D0 38 08            [12] 1577 	jr	C, 00203$
    000008D2 FD 21r00r00      [14] 1578 	ld	iy, #_g_is_ball_carried
    000008D6 FD 36 00 01      [19] 1579 	ld	0 (iy), #0x01
    000008DA                       1580 00203$:
                                   1581 ;E:\Dropbox\FAUSTO\SVILUPPI\MSX\CODE\C\MSXgl\projects\soccerlgMSX2/soccerlg_s9_b3.c:204: u8 carriers[2] = {T1_Carrier, T2_Carrier};
    000008DA 3Ar00r00         [13] 1582 	ld	a, (_T1_Carrier+0)
    000008DD DD 77 D1         [19] 1583 	ld	-47 (ix), a
    000008E0 3Ar00r00         [13] 1584 	ld	a, (_T2_Carrier+0)
    000008E3 DD 77 D2         [19] 1585 	ld	-46 (ix), a
                                   1586 ;E:\Dropbox\FAUSTO\SVILUPPI\MSX\CODE\C\MSXgl\projects\soccerlgMSX2/soccerlg_s9_b3.c:205: u8 receivers[2] = {T1_Receiver, T2_Receiver};
    000008E6 3Ar00r00         [13] 1587 	ld	a, (_T1_Receiver+0)
    000008E9 DD 77 D3         [19] 1588 	ld	-45 (ix), a
    000008EC 3Ar00r00         [13] 1589 	ld	a, (_T2_Receiver+0)
    000008EF DD 77 D4         [19] 1590 	ld	-44 (ix), a
                                   1591 ;E:\Dropbox\FAUSTO\SVILUPPI\MSX\CODE\C\MSXgl\projects\soccerlgMSX2/soccerlg_s9_b3.c:207: for (u8 i = 0; i < 2; i++) { // i=0 per Team 1 (P2/CPU), i=1 per Team 2 (P1)
    000008F2 DD 36 FF 00      [19] 1592 	ld	-1 (ix), #0x00
    000008F6                       1593 00417$:
    000008F6 DD 7E FF         [19] 1594 	ld	a, -1 (ix)
    000008F9 D6 02            [ 7] 1595 	sub	a, #0x02
    000008FB D2r94r1C         [10] 1596 	jp	NC, 00402$
                                   1597 ;E:\Dropbox\FAUSTO\SVILUPPI\MSX\CODE\C\MSXgl\projects\soccerlgMSX2/soccerlg_s9_b3.c:208: u8 carrier = carriers[i];
    000008FE DD 5E FF         [19] 1598 	ld	e, -1 (ix)
    00000901 16 00            [ 7] 1599 	ld	d, #0x00
    00000903 21 02 00         [10] 1600 	ld	hl, #2
    00000906 39               [11] 1601 	add	hl, sp
    00000907 19               [11] 1602 	add	hl, de
    00000908 DD 75 F9         [19] 1603 	ld	-7 (ix), l
    0000090B DD 74 FA         [19] 1604 	ld	-6 (ix), h
    0000090E 7E               [ 7] 1605 	ld	a, (hl)
                                   1606 ;E:\Dropbox\FAUSTO\SVILUPPI\MSX\CODE\C\MSXgl\projects\soccerlgMSX2/soccerlg_s9_b3.c:209: if (carrier == 0xFF) continue;
    0000090F DD 77 DB         [19] 1607 	ld	-37 (ix), a
    00000912 3C               [ 4] 1608 	inc	a
    00000913 CAr8Er1C         [10] 1609 	jp	Z,00401$
                                   1610 ;E:\Dropbox\FAUSTO\SVILUPPI\MSX\CODE\C\MSXgl\projects\soccerlgMSX2/soccerlg_s9_b3.c:211: u8 dir = g_player_input[i].direction;
    00000916 DD 4E FF         [19] 1611 	ld	c, -1 (ix)
    00000919 06 00            [ 7] 1612 	ld	b, #0x00
    0000091B 69               [ 4] 1613 	ld	l, c
    0000091C 60               [ 4] 1614 	ld	h, b
    0000091D 29               [11] 1615 	add	hl, hl
    0000091E 09               [11] 1616 	add	hl, bc
    0000091F 11r00r00         [10] 1617 	ld	de, #_g_player_input
    00000922 19               [11] 1618 	add	hl, de
    00000923 DD 75 DC         [19] 1619 	ld	-36 (ix), l
    00000926 DD 74 DD         [19] 1620 	ld	-35 (ix), h
    00000929 7E               [ 7] 1621 	ld	a, (hl)
    0000092A DD 77 FA         [19] 1622 	ld	-6 (ix), a
                                   1623 ;E:\Dropbox\FAUSTO\SVILUPPI\MSX\CODE\C\MSXgl\projects\soccerlgMSX2/soccerlg_s9_b3.c:212: bool trigger_pressed = g_player_input[i].trigger_pressed;
    0000092D DD 4E DC         [19] 1624 	ld	c, -36 (ix)
    00000930 DD 46 DD         [19] 1625 	ld	b, -35 (ix)
    00000933 03               [ 6] 1626 	inc	bc
    00000934 0A               [ 7] 1627 	ld	a, (bc)
    00000935 DD 77 DE         [19] 1628 	ld	-34 (ix), a
                                   1629 ;E:\Dropbox\FAUSTO\SVILUPPI\MSX\CODE\C\MSXgl\projects\soccerlgMSX2/soccerlg_s9_b3.c:215: if (i == 0 && t1_switched) trigger_pressed = FALSE;
    00000938 DD 7E FF         [19] 1630 	ld	a, -1 (ix)
    0000093B B7               [ 4] 1631 	or	a, a
    0000093C 20 0A            [12] 1632 	jr	NZ, 00208$
    0000093E DD 7E D9         [19] 1633 	ld	a, -39 (ix)
    00000941 B7               [ 4] 1634 	or	a, a
    00000942 28 04            [12] 1635 	jr	Z, 00208$
    00000944 DD 36 DE 00      [19] 1636 	ld	-34 (ix), #0x00
    00000948                       1637 00208$:
                                   1638 ;E:\Dropbox\FAUSTO\SVILUPPI\MSX\CODE\C\MSXgl\projects\soccerlgMSX2/soccerlg_s9_b3.c:216: if (i == 1 && t2_switched) trigger_pressed = FALSE;
    00000948 DD 7E FF         [19] 1639 	ld	a, -1 (ix)
    0000094B 3D               [ 4] 1640 	dec	a
    0000094C 3E 01            [ 7] 1641 	ld	a, #0x01
    0000094E 28 01            [12] 1642 	jr	Z, 01853$
    00000950 AF               [ 4] 1643 	xor	a, a
    00000951                       1644 01853$:
    00000951 DD 77 DF         [19] 1645 	ld	-33 (ix), a
    00000954 B7               [ 4] 1646 	or	a, a
    00000955 28 0A            [12] 1647 	jr	Z, 00211$
    00000957 DD 7E DA         [19] 1648 	ld	a, -38 (ix)
    0000095A B7               [ 4] 1649 	or	a, a
    0000095B 28 04            [12] 1650 	jr	Z, 00211$
    0000095D DD 36 DE 00      [19] 1651 	ld	-34 (ix), #0x00
    00000961                       1652 00211$:
                                   1653 ;E:\Dropbox\FAUSTO\SVILUPPI\MSX\CODE\C\MSXgl\projects\soccerlgMSX2/soccerlg_s9_b3.c:218: struct ObjectInfo* Carrier = &SwSprite[carrier];
    00000961 DD 4E DB         [19] 1654 	ld	c, -37 (ix)
    00000964 06 00            [ 7] 1655 	ld	b, #0x00
    00000966 69               [ 4] 1656 	ld	l, c
    00000967 60               [ 4] 1657 	ld	h, b
    00000968 29               [11] 1658 	add	hl, hl
    00000969 29               [11] 1659 	add	hl, hl
    0000096A 09               [11] 1660 	add	hl, bc
    0000096B 29               [11] 1661 	add	hl, hl
    0000096C 09               [11] 1662 	add	hl, bc
    0000096D 29               [11] 1663 	add	hl, hl
    0000096E 09               [11] 1664 	add	hl, bc
    0000096F 11r00r00         [10] 1665 	ld	de, #_SwSprite
    00000972 19               [11] 1666 	add	hl, de
    00000973 DD 75 E0         [19] 1667 	ld	-32 (ix), l
    00000976 DD 74 E1         [19] 1668 	ld	-31 (ix), h
                                   1669 ;E:\Dropbox\FAUSTO\SVILUPPI\MSX\CODE\C\MSXgl\projects\soccerlgMSX2/soccerlg_s9_b3.c:219: u8 carrier_team = (carrier < 7) ? TEAM_1 : TEAM_2;
    00000979 DD 7E DB         [19] 1670 	ld	a, -37 (ix)
    0000097C D6 07            [ 7] 1671 	sub	a, #0x07
    0000097E 3E 00            [ 7] 1672 	ld	a, #0x00
    00000980 17               [ 4] 1673 	rla
    00000981 DD 77 E2         [19] 1674 	ld	-30 (ix), a
    00000984 B7               [ 4] 1675 	or	a, a
    00000985 28 06            [12] 1676 	jr	Z, 00465$
    00000987 01 00 00         [10] 1677 	ld	bc, #0x0000
    0000098A C3r90r09         [10] 1678 	jp	00466$
    0000098D                       1679 00465$:
    0000098D 01 01 00         [10] 1680 	ld	bc, #0x0001
    00000990                       1681 00466$:
    00000990 DD 71 E3         [19] 1682 	ld	-29 (ix), c
                                   1683 ;E:\Dropbox\FAUSTO\SVILUPPI\MSX\CODE\C\MSXgl\projects\soccerlgMSX2/soccerlg_s9_b3.c:222: if (Carrier->count > 0) {
    00000993 DD 7E E0         [19] 1684 	ld	a, -32 (ix)
    00000996 C6 15            [ 7] 1685 	add	a, #0x15
    00000998 DD 77 E4         [19] 1686 	ld	-28 (ix), a
    0000099B DD 7E E1         [19] 1687 	ld	a, -31 (ix)
    0000099E CE 00            [ 7] 1688 	adc	a, #0x00
    000009A0 DD 77 E5         [19] 1689 	ld	-27 (ix), a
    000009A3 DD 6E E4         [19] 1690 	ld	l, -28 (ix)
    000009A6 DD 66 E5         [19] 1691 	ld	h, -27 (ix)
    000009A9 7E               [ 7] 1692 	ld	a, (hl)
    000009AA DD 77 F8         [19] 1693 	ld	-8 (ix), a
    000009AD 23               [ 6] 1694 	inc	hl
    000009AE 7E               [ 7] 1695 	ld	a, (hl)
    000009AF DD 77 F9         [19] 1696 	ld	-7 (ix), a
                                   1697 ;E:\Dropbox\FAUSTO\SVILUPPI\MSX\CODE\C\MSXgl\projects\soccerlgMSX2/soccerlg_s9_b3.c:234: Carrier->frame = (Carrier->dx > 0) ? 
    000009B2 DD 7E E0         [19] 1698 	ld	a, -32 (ix)
    000009B5 C6 0F            [ 7] 1699 	add	a, #0x0f
    000009B7 DD 77 F3         [19] 1700 	ld	-13 (ix), a
    000009BA DD 7E E1         [19] 1701 	ld	a, -31 (ix)
    000009BD CE 00            [ 7] 1702 	adc	a, #0x00
    000009BF DD 77 F4         [19] 1703 	ld	-12 (ix), a
                                   1704 ;E:\Dropbox\FAUSTO\SVILUPPI\MSX\CODE\C\MSXgl\projects\soccerlgMSX2/soccerlg_s9_b3.c:222: if (Carrier->count > 0) {
    000009C2 DD 7E F9         [19] 1705 	ld	a, -7 (ix)
    000009C5 DD B6 F8         [19] 1706 	or	a, -8 (ix)
    000009C8 CAr5Fr0E         [10] 1707 	jp	Z, 00245$
                                   1708 ;E:\Dropbox\FAUSTO\SVILUPPI\MSX\CODE\C\MSXgl\projects\soccerlgMSX2/soccerlg_s9_b3.c:223: Carrier->count--;
    000009CB DD 7E F8         [19] 1709 	ld	a, -8 (ix)
    000009CE C6 FF            [ 7] 1710 	add	a, #0xff
    000009D0 DD 77 F6         [19] 1711 	ld	-10 (ix), a
    000009D3 DD 7E F9         [19] 1712 	ld	a, -7 (ix)
    000009D6 CE FF            [ 7] 1713 	adc	a, #0xff
    000009D8 DD 77 F7         [19] 1714 	ld	-9 (ix), a
    000009DB DD 6E E4         [19] 1715 	ld	l, -28 (ix)
    000009DE DD 66 E5         [19] 1716 	ld	h, -27 (ix)
    000009E1 DD 7E F6         [19] 1717 	ld	a, -10 (ix)
    000009E4 77               [ 7] 1718 	ld	(hl), a
    000009E5 23               [ 6] 1719 	inc	hl
    000009E6 DD 7E F7         [19] 1720 	ld	a, -9 (ix)
    000009E9 77               [ 7] 1721 	ld	(hl), a
                                   1722 ;E:\Dropbox\FAUSTO\SVILUPPI\MSX\CODE\C\MSXgl\projects\soccerlgMSX2/soccerlg_s9_b3.c:225: if (Carrier->count >= 20) {
    000009EA DD 6E E4         [19] 1723 	ld	l, -28 (ix)
    000009ED DD 66 E5         [19] 1724 	ld	h, -27 (ix)
    000009F0 7E               [ 7] 1725 	ld	a, (hl)
    000009F1 DD 77 F1         [19] 1726 	ld	-15 (ix), a
    000009F4 23               [ 6] 1727 	inc	hl
    000009F5 7E               [ 7] 1728 	ld	a, (hl)
    000009F6 DD 77 F2         [19] 1729 	ld	-14 (ix), a
    000009F9 DD 7E F6         [19] 1730 	ld	a, -10 (ix)
    000009FC DD 77 F9         [19] 1731 	ld	-7 (ix), a
    000009FF DD 7E F7         [19] 1732 	ld	a, -9 (ix)
    00000A02 DD 77 FA         [19] 1733 	ld	-6 (ix), a
    00000A05 DD 7E F9         [19] 1734 	ld	a, -7 (ix)
    00000A08 D6 14            [ 7] 1735 	sub	a, #0x14
    00000A0A DD 7E FA         [19] 1736 	ld	a, -6 (ix)
    00000A0D DE 00            [ 7] 1737 	sbc	a, #0x00
    00000A0F DArBCr0D         [10] 1738 	jp	C, 00242$
                                   1739 ;E:\Dropbox\FAUSTO\SVILUPPI\MSX\CODE\C\MSXgl\projects\soccerlgMSX2/soccerlg_s9_b3.c:226: Carrier->lx += Carrier->dx;
    00000A12 DD 6E E0         [19] 1740 	ld	l, -32 (ix)
    00000A15 DD 66 E1         [19] 1741 	ld	h, -31 (ix)
    00000A18 7E               [ 7] 1742 	ld	a, (hl)
    00000A19 DD 77 FA         [19] 1743 	ld	-6 (ix), a
    00000A1C DD 7E E0         [19] 1744 	ld	a, -32 (ix)
    00000A1F C6 11            [ 7] 1745 	add	a, #0x11
    00000A21 DD 77 EF         [19] 1746 	ld	-17 (ix), a
    00000A24 DD 7E E1         [19] 1747 	ld	a, -31 (ix)
    00000A27 CE 00            [ 7] 1748 	adc	a, #0x00
    00000A29 DD 77 F0         [19] 1749 	ld	-16 (ix), a
    00000A2C DD 6E EF         [19] 1750 	ld	l, -17 (ix)
    00000A2F DD 66 F0         [19] 1751 	ld	h, -16 (ix)
    00000A32 7E               [ 7] 1752 	ld	a, (hl)
    00000A33 DD 77 F9         [19] 1753 	ld	-7 (ix), a
    00000A36 DD 7E FA         [19] 1754 	ld	a, -6 (ix)
    00000A39 DD 86 F9         [19] 1755 	add	a, -7 (ix)
    00000A3C DD 6E E0         [19] 1756 	ld	l, -32 (ix)
    00000A3F DD 66 E1         [19] 1757 	ld	h, -31 (ix)
    00000A42 77               [ 7] 1758 	ld	(hl), a
                                   1759 ;E:\Dropbox\FAUSTO\SVILUPPI\MSX\CODE\C\MSXgl\projects\soccerlgMSX2/soccerlg_s9_b3.c:227: Carrier->ly += Carrier->dy;
    00000A43 DD 7E E0         [19] 1760 	ld	a, -32 (ix)
    00000A46 C6 04            [ 7] 1761 	add	a, #0x04
    00000A48 DD 77 F1         [19] 1762 	ld	-15 (ix), a
    00000A4B DD 7E E1         [19] 1763 	ld	a, -31 (ix)
    00000A4E CE 00            [ 7] 1764 	adc	a, #0x00
    00000A50 DD 77 F2         [19] 1765 	ld	-14 (ix), a
    00000A53 DD 6E F1         [19] 1766 	ld	l, -15 (ix)
    00000A56 DD 66 F2         [19] 1767 	ld	h, -14 (ix)
    00000A59 7E               [ 7] 1768 	ld	a, (hl)
    00000A5A DD 77 F7         [19] 1769 	ld	-9 (ix), a
    00000A5D 23               [ 6] 1770 	inc	hl
    00000A5E 7E               [ 7] 1771 	ld	a, (hl)
    00000A5F DD 77 F8         [19] 1772 	ld	-8 (ix), a
    00000A62 DD 7E E0         [19] 1773 	ld	a, -32 (ix)
    00000A65 DD 77 F9         [19] 1774 	ld	-7 (ix), a
    00000A68 DD 7E E1         [19] 1775 	ld	a, -31 (ix)
    00000A6B DD 77 FA         [19] 1776 	ld	-6 (ix), a
    00000A6E DD 6E F9         [19] 1777 	ld	l, -7 (ix)
    00000A71 DD 66 FA         [19] 1778 	ld	h, -6 (ix)
    00000A74 11 12 00         [10] 1779 	ld	de, #0x0012
    00000A77 19               [11] 1780 	add	hl, de
    00000A78 7E               [ 7] 1781 	ld	a, (hl)
    00000A79 DD 77 FA         [19] 1782 	ld	-6 (ix), a
    00000A7C DD 77 F9         [19] 1783 	ld	-7 (ix), a
    00000A7F 07               [ 4] 1784 	rlca
    00000A80 9F               [ 4] 1785 	sbc	a, a
    00000A81 DD 77 FA         [19] 1786 	ld	-6 (ix), a
    00000A84 DD 7E F7         [19] 1787 	ld	a, -9 (ix)
    00000A87 DD 77 F5         [19] 1788 	ld	-11 (ix), a
    00000A8A DD 7E F8         [19] 1789 	ld	a, -8 (ix)
    00000A8D DD 77 F6         [19] 1790 	ld	-10 (ix), a
    00000A90 DD 7E F9         [19] 1791 	ld	a, -7 (ix)
    00000A93 DD 77 F7         [19] 1792 	ld	-9 (ix), a
    00000A96 DD 7E FA         [19] 1793 	ld	a, -6 (ix)
    00000A99 DD 77 F8         [19] 1794 	ld	-8 (ix), a
    00000A9C DD 7E F7         [19] 1795 	ld	a, -9 (ix)
    00000A9F DD 86 F5         [19] 1796 	add	a, -11 (ix)
    00000AA2 DD 77 F9         [19] 1797 	ld	-7 (ix), a
    00000AA5 DD 7E F8         [19] 1798 	ld	a, -8 (ix)
    00000AA8 DD 8E F6         [19] 1799 	adc	a, -10 (ix)
    00000AAB DD 77 FA         [19] 1800 	ld	-6 (ix), a
    00000AAE DD 6E F1         [19] 1801 	ld	l, -15 (ix)
    00000AB1 DD 66 F2         [19] 1802 	ld	h, -14 (ix)
    00000AB4 DD 7E F9         [19] 1803 	ld	a, -7 (ix)
    00000AB7 77               [ 7] 1804 	ld	(hl), a
    00000AB8 23               [ 6] 1805 	inc	hl
    00000AB9 DD 7E FA         [19] 1806 	ld	a, -6 (ix)
    00000ABC 77               [ 7] 1807 	ld	(hl), a
                                   1808 ;E:\Dropbox\FAUSTO\SVILUPPI\MSX\CODE\C\MSXgl\projects\soccerlgMSX2/soccerlg_s9_b3.c:229: if (Carrier->lx < 16) Carrier->lx = 16;
    00000ABD DD 6E E0         [19] 1809 	ld	l, -32 (ix)
    00000AC0 DD 66 E1         [19] 1810 	ld	h, -31 (ix)
    00000AC3 7E               [ 7] 1811 	ld	a, (hl)
    00000AC4 D6 10            [ 7] 1812 	sub	a, #0x10
    00000AC6 30 08            [12] 1813 	jr	NC, 00214$
    00000AC8 DD 6E E0         [19] 1814 	ld	l, -32 (ix)
    00000ACB DD 66 E1         [19] 1815 	ld	h, -31 (ix)
    00000ACE 36 10            [10] 1816 	ld	(hl), #0x10
    00000AD0                       1817 00214$:
                                   1818 ;E:\Dropbox\FAUSTO\SVILUPPI\MSX\CODE\C\MSXgl\projects\soccerlgMSX2/soccerlg_s9_b3.c:230: if (Carrier->lx > 224) Carrier->lx = 224;
    00000AD0 DD 6E E0         [19] 1819 	ld	l, -32 (ix)
    00000AD3 DD 66 E1         [19] 1820 	ld	h, -31 (ix)
    00000AD6 4E               [ 7] 1821 	ld	c, (hl)
    00000AD7 3E E0            [ 7] 1822 	ld	a, #0xe0
    00000AD9 91               [ 4] 1823 	sub	a, c
    00000ADA 30 08            [12] 1824 	jr	NC, 00216$
    00000ADC DD 6E E0         [19] 1825 	ld	l, -32 (ix)
    00000ADF DD 66 E1         [19] 1826 	ld	h, -31 (ix)
    00000AE2 36 E0            [10] 1827 	ld	(hl), #0xe0
    00000AE4                       1828 00216$:
                                   1829 ;E:\Dropbox\FAUSTO\SVILUPPI\MSX\CODE\C\MSXgl\projects\soccerlgMSX2/soccerlg_s9_b3.c:231: if (Carrier->ly < 24) Carrier->ly = 24;
    00000AE4 DD 6E F1         [19] 1830 	ld	l, -15 (ix)
    00000AE7 DD 66 F2         [19] 1831 	ld	h, -14 (ix)
    00000AEA 4E               [ 7] 1832 	ld	c, (hl)
    00000AEB 23               [ 6] 1833 	inc	hl
    00000AEC 46               [ 7] 1834 	ld	b, (hl)
    00000AED 79               [ 4] 1835 	ld	a, c
    00000AEE D6 18            [ 7] 1836 	sub	a, #0x18
    00000AF0 78               [ 4] 1837 	ld	a, b
    00000AF1 DE 00            [ 7] 1838 	sbc	a, #0x00
    00000AF3 30 0B            [12] 1839 	jr	NC, 00218$
    00000AF5 DD 6E F1         [19] 1840 	ld	l, -15 (ix)
    00000AF8 DD 66 F2         [19] 1841 	ld	h, -14 (ix)
    00000AFB 36 18            [10] 1842 	ld	(hl), #0x18
    00000AFD 23               [ 6] 1843 	inc	hl
    00000AFE 36 00            [10] 1844 	ld	(hl), #0x00
    00000B00                       1845 00218$:
                                   1846 ;E:\Dropbox\FAUSTO\SVILUPPI\MSX\CODE\C\MSXgl\projects\soccerlgMSX2/soccerlg_s9_b3.c:232: if (Carrier->ly > 488) Carrier->ly = 488;
    00000B00 DD 6E F1         [19] 1847 	ld	l, -15 (ix)
    00000B03 DD 66 F2         [19] 1848 	ld	h, -14 (ix)
    00000B06 4E               [ 7] 1849 	ld	c, (hl)
    00000B07 23               [ 6] 1850 	inc	hl
    00000B08 46               [ 7] 1851 	ld	b, (hl)
    00000B09 3E E8            [ 7] 1852 	ld	a, #0xe8
    00000B0B B9               [ 4] 1853 	cp	a, c
    00000B0C 3E 01            [ 7] 1854 	ld	a, #0x01
    00000B0E 98               [ 4] 1855 	sbc	a, b
    00000B0F 30 0B            [12] 1856 	jr	NC, 00220$
    00000B11 DD 6E F1         [19] 1857 	ld	l, -15 (ix)
    00000B14 DD 66 F2         [19] 1858 	ld	h, -14 (ix)
    00000B17 36 E8            [10] 1859 	ld	(hl), #0xe8
    00000B19 23               [ 6] 1860 	inc	hl
    00000B1A 36 01            [10] 1861 	ld	(hl), #0x01
    00000B1C                       1862 00220$:
                                   1863 ;E:\Dropbox\FAUSTO\SVILUPPI\MSX\CODE\C\MSXgl\projects\soccerlgMSX2/soccerlg_s9_b3.c:234: Carrier->frame = (Carrier->dx > 0) ? 
    00000B1C DD 6E EF         [19] 1864 	ld	l, -17 (ix)
    00000B1F DD 66 F0         [19] 1865 	ld	h, -16 (ix)
    00000B22 4E               [ 7] 1866 	ld	c, (hl)
    00000B23 AF               [ 4] 1867 	xor	a, a
    00000B24 91               [ 4] 1868 	sub	a, c
    00000B25 E2r2Ar0B         [10] 1869 	jp	PO, 01854$
    00000B28 EE 80            [ 7] 1870 	xor	a, #0x80
    00000B2A                       1871 01854$:
    00000B2A F2r49r0B         [10] 1872 	jp	P, 00467$
                                   1873 ;E:\Dropbox\FAUSTO\SVILUPPI\MSX\CODE\C\MSXgl\projects\soccerlgMSX2/soccerlg_s9_b3.c:235: ((carrier_team == TEAM_1) ? SPR_T1_PLAYER_TACKLE_FROM_WEST : SPR_T2_PLAYER_TACKLE_FROM_WEST) :
    00000B2D DD 7E E3         [19] 1874 	ld	a, -29 (ix)
    00000B30 B7               [ 4] 1875 	or	a, a
    00000B31 20 0B            [12] 1876 	jr	NZ, 00469$
    00000B33 DD 36 F9 1E      [19] 1877 	ld	-7 (ix), #0x1e
    00000B37 DD 36 FA 00      [19] 1878 	ld	-6 (ix), #0
    00000B3B C3r62r0B         [10] 1879 	jp	00468$
    00000B3E                       1880 00469$:
    00000B3E DD 36 F9 8E      [19] 1881 	ld	-7 (ix), #0x8e
    00000B42 DD 36 FA 00      [19] 1882 	ld	-6 (ix), #0
    00000B46 C3r62r0B         [10] 1883 	jp	00468$
    00000B49                       1884 00467$:
                                   1885 ;E:\Dropbox\FAUSTO\SVILUPPI\MSX\CODE\C\MSXgl\projects\soccerlgMSX2/soccerlg_s9_b3.c:236: ((carrier_team == TEAM_1) ? SPR_T1_PLAYER_TACKLE_FROM_EAST : SPR_T2_PLAYER_TACKLE_FROM_EAST);
    00000B49 DD 7E E3         [19] 1886 	ld	a, -29 (ix)
    00000B4C B7               [ 4] 1887 	or	a, a
    00000B4D 20 0B            [12] 1888 	jr	NZ, 00471$
    00000B4F DD 36 F9 1F      [19] 1889 	ld	-7 (ix), #0x1f
    00000B53 DD 36 FA 00      [19] 1890 	ld	-6 (ix), #0
    00000B57 C3r62r0B         [10] 1891 	jp	00472$
    00000B5A                       1892 00471$:
    00000B5A DD 36 F9 8F      [19] 1893 	ld	-7 (ix), #0x8f
    00000B5E DD 36 FA 00      [19] 1894 	ld	-6 (ix), #0
    00000B62                       1895 00472$:
    00000B62                       1896 00468$:
    00000B62 DD 4E F9         [19] 1897 	ld	c, -7 (ix)
    00000B65 DD 46 FA         [19] 1898 	ld	b, -6 (ix)
    00000B68 DD 6E F3         [19] 1899 	ld	l, -13 (ix)
    00000B6B DD 66 F4         [19] 1900 	ld	h, -12 (ix)
    00000B6E 71               [ 7] 1901 	ld	(hl), c
    00000B6F 23               [ 6] 1902 	inc	hl
    00000B70 70               [ 7] 1903 	ld	(hl), b
                                   1904 ;E:\Dropbox\FAUSTO\SVILUPPI\MSX\CODE\C\MSXgl\projects\soccerlgMSX2/soccerlg_s9_b3.c:226: Carrier->lx += Carrier->dx;
    00000B71 DD 6E E0         [19] 1905 	ld	l, -32 (ix)
    00000B74 DD 66 E1         [19] 1906 	ld	h, -31 (ix)
    00000B77 7E               [ 7] 1907 	ld	a, (hl)
    00000B78 DD 77 FA         [19] 1908 	ld	-6 (ix), a
                                   1909 ;E:\Dropbox\FAUSTO\SVILUPPI\MSX\CODE\C\MSXgl\projects\soccerlgMSX2/soccerlg_s9_b3.c:239: u16 b_dist_x = (Carrier->lx > Ball->lx) ? (Carrier->lx - Ball->lx) : (Ball->lx - Carrier->lx);
    00000B7B 3Ar42r01         [13] 1910 	ld	a, (#(_SwSprite + 322) + 0)
    00000B7E DD 77 F9         [19] 1911 	ld	-7 (ix), a
    00000B81 DD 77 F5         [19] 1912 	ld	-11 (ix), a
    00000B84 DD 36 F6 00      [19] 1913 	ld	-10 (ix), #0x00
                                   1914 ;E:\Dropbox\FAUSTO\SVILUPPI\MSX\CODE\C\MSXgl\projects\soccerlgMSX2/soccerlg_s9_b3.c:309: u16 dist_x = (Carrier->lx > Ball->lx) ? (Carrier->lx - Ball->lx) : (Ball->lx - Carrier->lx);
    00000B88 DD 7E FA         [19] 1915 	ld	a, -6 (ix)
    00000B8B DD 77 F7         [19] 1916 	ld	-9 (ix), a
    00000B8E DD 36 F8 00      [19] 1917 	ld	-8 (ix), #0x00
                                   1918 ;E:\Dropbox\FAUSTO\SVILUPPI\MSX\CODE\C\MSXgl\projects\soccerlgMSX2/soccerlg_s9_b3.c:239: u16 b_dist_x = (Carrier->lx > Ball->lx) ? (Carrier->lx - Ball->lx) : (Ball->lx - Carrier->lx);
    00000B92 DD 7E F9         [19] 1919 	ld	a, -7 (ix)
    00000B95 DD 96 FA         [19] 1920 	sub	a, -6 (ix)
    00000B98 30 15            [12] 1921 	jr	NC, 00473$
    00000B9A DD 7E F7         [19] 1922 	ld	a, -9 (ix)
    00000B9D DD 96 F5         [19] 1923 	sub	a, -11 (ix)
    00000BA0 DD 77 F9         [19] 1924 	ld	-7 (ix), a
    00000BA3 DD 7E F8         [19] 1925 	ld	a, -8 (ix)
    00000BA6 DD 9E F6         [19] 1926 	sbc	a, -10 (ix)
    00000BA9 DD 77 FA         [19] 1927 	ld	-6 (ix), a
    00000BAC C3rC1r0B         [10] 1928 	jp	00474$
    00000BAF                       1929 00473$:
    00000BAF DD 7E F5         [19] 1930 	ld	a, -11 (ix)
    00000BB2 DD 96 F7         [19] 1931 	sub	a, -9 (ix)
    00000BB5 DD 77 F9         [19] 1932 	ld	-7 (ix), a
    00000BB8 DD 7E F6         [19] 1933 	ld	a, -10 (ix)
    00000BBB DD 9E F8         [19] 1934 	sbc	a, -8 (ix)
    00000BBE DD 77 FA         [19] 1935 	ld	-6 (ix), a
    00000BC1                       1936 00474$:
    00000BC1 DD 7E F9         [19] 1937 	ld	a, -7 (ix)
    00000BC4 DD 77 F7         [19] 1938 	ld	-9 (ix), a
    00000BC7 DD 7E FA         [19] 1939 	ld	a, -6 (ix)
    00000BCA DD 77 F8         [19] 1940 	ld	-8 (ix), a
                                   1941 ;E:\Dropbox\FAUSTO\SVILUPPI\MSX\CODE\C\MSXgl\projects\soccerlgMSX2/soccerlg_s9_b3.c:227: Carrier->ly += Carrier->dy;
    00000BCD DD 6E F1         [19] 1942 	ld	l, -15 (ix)
    00000BD0 DD 66 F2         [19] 1943 	ld	h, -14 (ix)
    00000BD3 7E               [ 7] 1944 	ld	a, (hl)
    00000BD4 DD 77 F9         [19] 1945 	ld	-7 (ix), a
    00000BD7 23               [ 6] 1946 	inc	hl
    00000BD8 7E               [ 7] 1947 	ld	a, (hl)
    00000BD9 DD 77 FA         [19] 1948 	ld	-6 (ix), a
                                   1949 ;E:\Dropbox\FAUSTO\SVILUPPI\MSX\CODE\C\MSXgl\projects\soccerlgMSX2/soccerlg_s9_b3.c:240: u16 b_dist_y = (Carrier->ly > Ball->ly) ? (Carrier->ly - Ball->ly) : (Ball->ly - Carrier->ly);
    00000BDC 21r46r01         [10] 1950 	ld	hl, #(_SwSprite + 326)
    00000BDF 7E               [ 7] 1951 	ld	a, (hl)
    00000BE0 DD 77 F3         [19] 1952 	ld	-13 (ix), a
    00000BE3 23               [ 6] 1953 	inc	hl
    00000BE4 7E               [ 7] 1954 	ld	a, (hl)
    00000BE5 DD 77 F4         [19] 1955 	ld	-12 (ix), a
    00000BE8 DD 7E F3         [19] 1956 	ld	a, -13 (ix)
    00000BEB DD 96 F9         [19] 1957 	sub	a, -7 (ix)
    00000BEE DD 7E F4         [19] 1958 	ld	a, -12 (ix)
    00000BF1 DD 9E FA         [19] 1959 	sbc	a, -6 (ix)
    00000BF4 30 15            [12] 1960 	jr	NC, 00475$
    00000BF6 DD 7E F9         [19] 1961 	ld	a, -7 (ix)
    00000BF9 DD 96 F3         [19] 1962 	sub	a, -13 (ix)
    00000BFC DD 77 F5         [19] 1963 	ld	-11 (ix), a
    00000BFF DD 7E FA         [19] 1964 	ld	a, -6 (ix)
    00000C02 DD 9E F4         [19] 1965 	sbc	a, -12 (ix)
    00000C05 DD 77 F6         [19] 1966 	ld	-10 (ix), a
    00000C08 C3r1Dr0C         [10] 1967 	jp	00476$
    00000C0B                       1968 00475$:
    00000C0B DD 7E F3         [19] 1969 	ld	a, -13 (ix)
    00000C0E DD 96 F9         [19] 1970 	sub	a, -7 (ix)
    00000C11 DD 77 F5         [19] 1971 	ld	-11 (ix), a
    00000C14 DD 7E F4         [19] 1972 	ld	a, -12 (ix)
    00000C17 DD 9E FA         [19] 1973 	sbc	a, -6 (ix)
    00000C1A DD 77 F6         [19] 1974 	ld	-10 (ix), a
    00000C1D                       1975 00476$:
                                   1976 ;E:\Dropbox\FAUSTO\SVILUPPI\MSX\CODE\C\MSXgl\projects\soccerlgMSX2/soccerlg_s9_b3.c:242: bool can_steal = (b_dist_x <= 24 && b_dist_y <= 24);
    00000C1D DD 7E F7         [19] 1977 	ld	a, -9 (ix)
    00000C20 DD 77 F2         [19] 1978 	ld	-14 (ix), a
    00000C23 DD 7E F8         [19] 1979 	ld	a, -8 (ix)
    00000C26 DD 77 F3         [19] 1980 	ld	-13 (ix), a
    00000C29 3E 18            [ 7] 1981 	ld	a, #0x18
    00000C2B DD BE F2         [19] 1982 	cp	a, -14 (ix)
    00000C2E 3E 00            [ 7] 1983 	ld	a, #0x00
    00000C30 DD 9E F3         [19] 1984 	sbc	a, -13 (ix)
    00000C33 38 18            [12] 1985 	jr	C, 00477$
    00000C35 DD 7E F5         [19] 1986 	ld	a, -11 (ix)
    00000C38 DD 77 F7         [19] 1987 	ld	-9 (ix), a
    00000C3B DD 7E F6         [19] 1988 	ld	a, -10 (ix)
    00000C3E DD 77 F8         [19] 1989 	ld	-8 (ix), a
    00000C41 3E 18            [ 7] 1990 	ld	a, #0x18
    00000C43 DD BE F7         [19] 1991 	cp	a, -9 (ix)
    00000C46 3E 00            [ 7] 1992 	ld	a, #0x00
    00000C48 DD 9E F8         [19] 1993 	sbc	a, -8 (ix)
    00000C4B 30 07            [12] 1994 	jr	NC, 00478$
    00000C4D                       1995 00477$:
    00000C4D DD 36 F8 00      [19] 1996 	ld	-8 (ix), #0x00
    00000C51 C3r58r0C         [10] 1997 	jp	00479$
    00000C54                       1998 00478$:
    00000C54 DD 36 F8 01      [19] 1999 	ld	-8 (ix), #0x01
    00000C58                       2000 00479$:
    00000C58 DD 7E F8         [19] 2001 	ld	a, -8 (ix)
    00000C5B DD 77 F4         [19] 2002 	ld	-12 (ix), a
                                   2003 ;E:\Dropbox\FAUSTO\SVILUPPI\MSX\CODE\C\MSXgl\projects\soccerlgMSX2/soccerlg_s9_b3.c:243: if (!can_steal && g_is_ball_carried && LastTouchPlayer != 0xFF && LastTouchTeam != carrier_team) {
    00000C5E DD 7E F8         [19] 2004 	ld	a, -8 (ix)
    00000C61 B7               [ 4] 2005 	or	a, a
    00000C62 C2r11r0D         [10] 2006 	jp	NZ, 00225$
    00000C65 3Ar00r00         [13] 2007 	ld	a, (_g_is_ball_carried+0)
    00000C68 B7               [ 4] 2008 	or	a, a
    00000C69 CAr11r0D         [10] 2009 	jp	Z, 00225$
    00000C6C 3Ar00r00         [13] 2010 	ld	a, (_LastTouchPlayer+0)
    00000C6F 3C               [ 4] 2011 	inc	a
    00000C70 CAr11r0D         [10] 2012 	jp	Z,00225$
    00000C73 3Ar00r00         [13] 2013 	ld	a, (_LastTouchTeam+0)
    00000C76 DD 96 E3         [19] 2014 	sub	a, -29 (ix)
    00000C79 CAr11r0D         [10] 2015 	jp	Z,00225$
                                   2016 ;E:\Dropbox\FAUSTO\SVILUPPI\MSX\CODE\C\MSXgl\projects\soccerlgMSX2/soccerlg_s9_b3.c:244: u16 c_dist_y = (Carrier->ly > SwSprite[LastTouchPlayer].ly) ? (Carrier->ly - SwSprite[LastTouchPlayer].ly) : (SwSprite[LastTouchPlayer].ly - Carrier->ly);
    00000C7C ED 4Br00r00      [20] 2017 	ld	bc, (_LastTouchPlayer)
    00000C80 06 00            [ 7] 2018 	ld	b, #0x00
    00000C82 69               [ 4] 2019 	ld	l, c
    00000C83 60               [ 4] 2020 	ld	h, b
    00000C84 29               [11] 2021 	add	hl, hl
    00000C85 29               [11] 2022 	add	hl, hl
    00000C86 09               [11] 2023 	add	hl, bc
    00000C87 29               [11] 2024 	add	hl, hl
    00000C88 09               [11] 2025 	add	hl, bc
    00000C89 29               [11] 2026 	add	hl, hl
    00000C8A 09               [11] 2027 	add	hl, bc
    00000C8B DD 75 F5         [19] 2028 	ld	-11 (ix), l
    00000C8E DD 74 F6         [19] 2029 	ld	-10 (ix), h
    00000C91 3Er00            [ 7] 2030 	ld	a, #<(_SwSprite)
    00000C93 DD 86 F5         [19] 2031 	add	a, -11 (ix)
    00000C96 DD 77 F7         [19] 2032 	ld	-9 (ix), a
    00000C99 3Es00            [ 7] 2033 	ld	a, #>(_SwSprite)
    00000C9B DD 8E F6         [19] 2034 	adc	a, -10 (ix)
    00000C9E DD 77 F8         [19] 2035 	ld	-8 (ix), a
    00000CA1 DD 6E F7         [19] 2036 	ld	l, -9 (ix)
    00000CA4 DD 66 F8         [19] 2037 	ld	h, -8 (ix)
    00000CA7 11 04 00         [10] 2038 	ld	de, #0x0004
    00000CAA 19               [11] 2039 	add	hl, de
    00000CAB 7E               [ 7] 2040 	ld	a, (hl)
    00000CAC DD 77 F5         [19] 2041 	ld	-11 (ix), a
    00000CAF 23               [ 6] 2042 	inc	hl
    00000CB0 7E               [ 7] 2043 	ld	a, (hl)
    00000CB1 DD 77 F6         [19] 2044 	ld	-10 (ix), a
    00000CB4 DD 7E F5         [19] 2045 	ld	a, -11 (ix)
    00000CB7 DD 96 F9         [19] 2046 	sub	a, -7 (ix)
    00000CBA DD 7E F6         [19] 2047 	ld	a, -10 (ix)
    00000CBD DD 9E FA         [19] 2048 	sbc	a, -6 (ix)
    00000CC0 30 15            [12] 2049 	jr	NC, 00480$
    00000CC2 DD 7E F9         [19] 2050 	ld	a, -7 (ix)
    00000CC5 DD 96 F5         [19] 2051 	sub	a, -11 (ix)
    00000CC8 DD 77 F7         [19] 2052 	ld	-9 (ix), a
    00000CCB DD 7E FA         [19] 2053 	ld	a, -6 (ix)
    00000CCE DD 9E F6         [19] 2054 	sbc	a, -10 (ix)
    00000CD1 DD 77 F8         [19] 2055 	ld	-8 (ix), a
    00000CD4 C3rE9r0C         [10] 2056 	jp	00481$
    00000CD7                       2057 00480$:
    00000CD7 DD 7E F5         [19] 2058 	ld	a, -11 (ix)
    00000CDA DD 96 F9         [19] 2059 	sub	a, -7 (ix)
    00000CDD DD 77 F7         [19] 2060 	ld	-9 (ix), a
    00000CE0 DD 7E F6         [19] 2061 	ld	a, -10 (ix)
    00000CE3 DD 9E FA         [19] 2062 	sbc	a, -6 (ix)
    00000CE6 DD 77 F8         [19] 2063 	ld	-8 (ix), a
    00000CE9                       2064 00481$:
    00000CE9 DD 7E F7         [19] 2065 	ld	a, -9 (ix)
    00000CEC DD 77 F9         [19] 2066 	ld	-7 (ix), a
    00000CEF DD 7E F8         [19] 2067 	ld	a, -8 (ix)
    00000CF2 DD 77 FA         [19] 2068 	ld	-6 (ix), a
                                   2069 ;E:\Dropbox\FAUSTO\SVILUPPI\MSX\CODE\C\MSXgl\projects\soccerlgMSX2/soccerlg_s9_b3.c:245: if (b_dist_x <= 32 && c_dist_y <= 24) can_steal = TRUE;
    00000CF5 3E 20            [ 7] 2070 	ld	a, #0x20
    00000CF7 DD BE F2         [19] 2071 	cp	a, -14 (ix)
    00000CFA 3E 00            [ 7] 2072 	ld	a, #0x00
    00000CFC DD 9E F3         [19] 2073 	sbc	a, -13 (ix)
    00000CFF 38 10            [12] 2074 	jr	C, 00225$
    00000D01 3E 18            [ 7] 2075 	ld	a, #0x18
    00000D03 DD BE F9         [19] 2076 	cp	a, -7 (ix)
    00000D06 3E 00            [ 7] 2077 	ld	a, #0x00
    00000D08 DD 9E FA         [19] 2078 	sbc	a, -6 (ix)
    00000D0B 38 04            [12] 2079 	jr	C, 00225$
    00000D0D DD 36 F4 01      [19] 2080 	ld	-12 (ix), #0x01
    00000D11                       2081 00225$:
                                   2082 ;E:\Dropbox\FAUSTO\SVILUPPI\MSX\CODE\C\MSXgl\projects\soccerlgMSX2/soccerlg_s9_b3.c:248: bool is_immune_tackle = (Ball->count > 0 && LastTouchTeam != carrier_team && LastTouchTeam != 0xFF);
    00000D11 21r57r01         [10] 2083 	ld	hl, #(_SwSprite + 343)
    00000D14 7E               [ 7] 2084 	ld	a, (hl)
    00000D15 DD 77 F9         [19] 2085 	ld	-7 (ix), a
    00000D18 23               [ 6] 2086 	inc	hl
    00000D19 7E               [ 7] 2087 	ld	a, (hl)
    00000D1A DD 77 FA         [19] 2088 	ld	-6 (ix), a
    00000D1D DD B6 F9         [19] 2089 	or	a, -7 (ix)
    00000D20 28 0E            [12] 2090 	jr	Z, 00482$
    00000D22 3Ar00r00         [13] 2091 	ld	a, (_LastTouchTeam+0)
    00000D25 DD 96 E3         [19] 2092 	sub	a, -29 (ix)
    00000D28 28 06            [12] 2093 	jr	Z, 00482$
    00000D2A 3Ar00r00         [13] 2094 	ld	a, (_LastTouchTeam+0)
    00000D2D 3C               [ 4] 2095 	inc	a
    00000D2E 20 07            [12] 2096 	jr	NZ, 00483$
    00000D30                       2097 00482$:
    00000D30 DD 36 FA 00      [19] 2098 	ld	-6 (ix), #0x00
    00000D34 C3r3Br0D         [10] 2099 	jp	00484$
    00000D37                       2100 00483$:
    00000D37 DD 36 FA 01      [19] 2101 	ld	-6 (ix), #0x01
    00000D3B                       2102 00484$:
                                   2103 ;E:\Dropbox\FAUSTO\SVILUPPI\MSX\CODE\C\MSXgl\projects\soccerlgMSX2/soccerlg_s9_b3.c:250: if (can_steal && Ball->anim < 5 && RestartType == 0 && !is_immune_tackle) {
    00000D3B DD 7E F4         [19] 2104 	ld	a, -12 (ix)
    00000D3E B7               [ 4] 2105 	or	a, a
    00000D3F CAr8Er1C         [10] 2106 	jp	Z, 00401$
    00000D42 21r55r01         [10] 2107 	ld	hl, #(_SwSprite + 341)
    00000D45 7E               [ 7] 2108 	ld	a, (hl)
    00000D46 DD 77 F8         [19] 2109 	ld	-8 (ix), a
    00000D49 23               [ 6] 2110 	inc	hl
    00000D4A 7E               [ 7] 2111 	ld	a, (hl)
    00000D4B DD 77 F9         [19] 2112 	ld	-7 (ix), a
    00000D4E DD 7E F8         [19] 2113 	ld	a, -8 (ix)
    00000D51 D6 05            [ 7] 2114 	sub	a, #0x05
    00000D53 DD 7E F9         [19] 2115 	ld	a, -7 (ix)
    00000D56 DE 00            [ 7] 2116 	sbc	a, #0x00
    00000D58 D2r8Er1C         [10] 2117 	jp	NC, 00401$
    00000D5B 3Ar00r00         [13] 2118 	ld	a, (_RestartType+0)
    00000D5E B7               [ 4] 2119 	or	a, a
    00000D5F C2r8Er1C         [10] 2120 	jp	NZ, 00401$
    00000D62 DD 7E FA         [19] 2121 	ld	a, -6 (ix)
    00000D65 B7               [ 4] 2122 	or	a, a
    00000D66 C2r8Er1C         [10] 2123 	jp	NZ, 00401$
                                   2124 ;E:\Dropbox\FAUSTO\SVILUPPI\MSX\CODE\C\MSXgl\projects\soccerlgMSX2/soccerlg_s9_b3.c:251: if (LastTouchTeam != carrier_team) {
    00000D69 3Ar00r00         [13] 2125 	ld	a, (_LastTouchTeam+0)
    00000D6C DD 96 E3         [19] 2126 	sub	a, -29 (ix)
    00000D6F 28 0E            [12] 2127 	jr	Z, 00230$
                                   2128 ;E:\Dropbox\FAUSTO\SVILUPPI\MSX\CODE\C\MSXgl\projects\soccerlgMSX2/soccerlg_s9_b3.c:252: Ball->count = 30; // Immunità aumentata
    00000D71 21 1E 00         [10] 2129 	ld	hl, #0x001e
    00000D74 22r57r01         [16] 2130 	ld	((_SwSprite + 343)), hl
                                   2131 ;E:\Dropbox\FAUSTO\SVILUPPI\MSX\CODE\C\MSXgl\projects\soccerlgMSX2/soccerlg_s9_b3.c:253: g_pass_receiver = 0xFF; // Intercetto: disinnesca fuorigioco
    00000D77 FD 21r00r00      [14] 2132 	ld	iy, #_g_pass_receiver
    00000D7B FD 36 00 FF      [19] 2133 	ld	0 (iy), #0xff
    00000D7F                       2134 00230$:
                                   2135 ;E:\Dropbox\FAUSTO\SVILUPPI\MSX\CODE\C\MSXgl\projects\soccerlgMSX2/soccerlg_s9_b3.c:255: LastTouchTeam = carrier_team;
    00000D7F DD 7E E3         [19] 2136 	ld	a, -29 (ix)
    00000D82 32r00r00         [13] 2137 	ld	(_LastTouchTeam+0), a
                                   2138 ;E:\Dropbox\FAUSTO\SVILUPPI\MSX\CODE\C\MSXgl\projects\soccerlgMSX2/soccerlg_s9_b3.c:256: LastTouchPlayer = carrier;
    00000D85 DD 7E DB         [19] 2139 	ld	a, -37 (ix)
    00000D88 32r00r00         [13] 2140 	ld	(_LastTouchPlayer+0), a
                                   2141 ;E:\Dropbox\FAUSTO\SVILUPPI\MSX\CODE\C\MSXgl\projects\soccerlgMSX2/soccerlg_s9_b3.c:257: if (Ball->anim > 3) Ball->anim = 3;
    00000D8B 21r55r01         [10] 2142 	ld	hl, #(_SwSprite + 341)
    00000D8E 7E               [ 7] 2143 	ld	a, (hl)
    00000D8F DD 77 F9         [19] 2144 	ld	-7 (ix), a
    00000D92 23               [ 6] 2145 	inc	hl
    00000D93 7E               [ 7] 2146 	ld	a, (hl)
    00000D94 DD 77 FA         [19] 2147 	ld	-6 (ix), a
    00000D97 3E 03            [ 7] 2148 	ld	a, #0x03
    00000D99 DD BE F9         [19] 2149 	cp	a, -7 (ix)
    00000D9C 3E 00            [ 7] 2150 	ld	a, #0x00
    00000D9E DD 9E FA         [19] 2151 	sbc	a, -6 (ix)
    00000DA1 30 06            [12] 2152 	jr	NC, 00232$
    00000DA3 21 03 00         [10] 2153 	ld	hl, #0x0003
    00000DA6 22r55r01         [16] 2154 	ld	((_SwSprite + 341)), hl
    00000DA9                       2155 00232$:
                                   2156 ;E:\Dropbox\FAUSTO\SVILUPPI\MSX\CODE\C\MSXgl\projects\soccerlgMSX2/soccerlg_s9_b3.c:258: Ball->frame = SPR_BALL_SIZE_1;
    00000DA9 21 60 00         [10] 2157 	ld	hl, #0x0060
    00000DAC 22r51r01         [16] 2158 	ld	((_SwSprite + 337)), hl
                                   2159 ;E:\Dropbox\FAUSTO\SVILUPPI\MSX\CODE\C\MSXgl\projects\soccerlgMSX2/soccerlg_s9_b3.c:259: Carrier->count = 0; // Ferma la scivolata appena ruba palla
    00000DAF DD 6E E4         [19] 2160 	ld	l, -28 (ix)
    00000DB2 DD 66 E5         [19] 2161 	ld	h, -27 (ix)
    00000DB5 AF               [ 4] 2162 	xor	a, a
    00000DB6 77               [ 7] 2163 	ld	(hl), a
    00000DB7 23               [ 6] 2164 	inc	hl
    00000DB8 77               [ 7] 2165 	ld	(hl), a
    00000DB9 C3r8Er1C         [10] 2166 	jp	00401$
    00000DBC                       2167 00242$:
                                   2168 ;E:\Dropbox\FAUSTO\SVILUPPI\MSX\CODE\C\MSXgl\projects\soccerlgMSX2/soccerlg_s9_b3.c:262: if (Carrier->count >= 10) {
    00000DBC DD 7E F1         [19] 2169 	ld	a, -15 (ix)
    00000DBF DD 46 F2         [19] 2170 	ld	b, -14 (ix)
    00000DC2 D6 0A            [ 7] 2171 	sub	a, #0x0a
    00000DC4 78               [ 4] 2172 	ld	a, b
    00000DC5 DE 00            [ 7] 2173 	sbc	a, #0x00
    00000DC7 38 5C            [12] 2174 	jr	C, 00239$
                                   2175 ;E:\Dropbox\FAUSTO\SVILUPPI\MSX\CODE\C\MSXgl\projects\soccerlgMSX2/soccerlg_s9_b3.c:263: Carrier->frame = (Carrier->dx > 0) ? 
    00000DC9 DD 4E E0         [19] 2176 	ld	c, -32 (ix)
    00000DCC DD 46 E1         [19] 2177 	ld	b, -31 (ix)
    00000DCF 21 11 00         [10] 2178 	ld	hl, #17
    00000DD2 09               [11] 2179 	add	hl, bc
    00000DD3 4E               [ 7] 2180 	ld	c, (hl)
    00000DD4 AF               [ 4] 2181 	xor	a, a
    00000DD5 91               [ 4] 2182 	sub	a, c
    00000DD6 E2rDBr0D         [10] 2183 	jp	PO, 01861$
    00000DD9 EE 80            [ 7] 2184 	xor	a, #0x80
    00000DDB                       2185 01861$:
    00000DDB F2rFAr0D         [10] 2186 	jp	P, 00488$
                                   2187 ;E:\Dropbox\FAUSTO\SVILUPPI\MSX\CODE\C\MSXgl\projects\soccerlgMSX2/soccerlg_s9_b3.c:264: ((carrier_team == TEAM_1) ? SPR_T1_PLAYER_TACKLE_FROM_WEST : SPR_T2_PLAYER_TACKLE_FROM_WEST) :
    00000DDE DD 7E E3         [19] 2188 	ld	a, -29 (ix)
    00000DE1 B7               [ 4] 2189 	or	a, a
    00000DE2 20 0B            [12] 2190 	jr	NZ, 00490$
    00000DE4 DD 36 F9 1E      [19] 2191 	ld	-7 (ix), #0x1e
    00000DE8 DD 36 FA 00      [19] 2192 	ld	-6 (ix), #0
    00000DEC C3r13r0E         [10] 2193 	jp	00489$
    00000DEF                       2194 00490$:
    00000DEF DD 36 F9 8E      [19] 2195 	ld	-7 (ix), #0x8e
    00000DF3 DD 36 FA 00      [19] 2196 	ld	-6 (ix), #0
    00000DF7 C3r13r0E         [10] 2197 	jp	00489$
    00000DFA                       2198 00488$:
                                   2199 ;E:\Dropbox\FAUSTO\SVILUPPI\MSX\CODE\C\MSXgl\projects\soccerlgMSX2/soccerlg_s9_b3.c:265: ((carrier_team == TEAM_1) ? SPR_T1_PLAYER_TACKLE_FROM_EAST : SPR_T2_PLAYER_TACKLE_FROM_EAST);
    00000DFA DD 7E E3         [19] 2200 	ld	a, -29 (ix)
    00000DFD B7               [ 4] 2201 	or	a, a
    00000DFE 20 0B            [12] 2202 	jr	NZ, 00492$
    00000E00 DD 36 F9 1F      [19] 2203 	ld	-7 (ix), #0x1f
    00000E04 DD 36 FA 00      [19] 2204 	ld	-6 (ix), #0
    00000E08 C3r13r0E         [10] 2205 	jp	00493$
    00000E0B                       2206 00492$:
    00000E0B DD 36 F9 8F      [19] 2207 	ld	-7 (ix), #0x8f
    00000E0F DD 36 FA 00      [19] 2208 	ld	-6 (ix), #0
    00000E13                       2209 00493$:
    00000E13                       2210 00489$:
    00000E13 DD 4E F9         [19] 2211 	ld	c, -7 (ix)
    00000E16 DD 46 FA         [19] 2212 	ld	b, -6 (ix)
    00000E19 DD 6E F3         [19] 2213 	ld	l, -13 (ix)
    00000E1C DD 66 F4         [19] 2214 	ld	h, -12 (ix)
    00000E1F 71               [ 7] 2215 	ld	(hl), c
    00000E20 23               [ 6] 2216 	inc	hl
    00000E21 70               [ 7] 2217 	ld	(hl), b
    00000E22 C3r8Er1C         [10] 2218 	jp	00401$
    00000E25                       2219 00239$:
                                   2220 ;E:\Dropbox\FAUSTO\SVILUPPI\MSX\CODE\C\MSXgl\projects\soccerlgMSX2/soccerlg_s9_b3.c:267: Carrier->frame = CallFnc_U16_P3(SEG_GAMESTATE_9, GetPlayerIdleFrame, carrier, 0, (carrier_team == TEAM_1) ? 1 : -1);
    00000E25 DD 7E E3         [19] 2221 	ld	a, -29 (ix)
    00000E28 B7               [ 4] 2222 	or	a, a
    00000E29 20 0B            [12] 2223 	jr	NZ, 00494$
    00000E2B DD 36 F9 01      [19] 2224 	ld	-7 (ix), #0x01
    00000E2F DD 36 FA 00      [19] 2225 	ld	-6 (ix), #0
    00000E33 C3r3Er0E         [10] 2226 	jp	00495$
    00000E36                       2227 00494$:
    00000E36 DD 36 F9 FF      [19] 2228 	ld	-7 (ix), #0xff
    00000E3A DD 36 FA FF      [19] 2229 	ld	-6 (ix), #0xff
    00000E3E                       2230 00495$:
    00000E3E DD 7E F9         [19] 2231 	ld	a, -7 (ix)
    00000E41 F5               [11] 2232 	push	af
    00000E42 33               [ 6] 2233 	inc	sp
    00000E43 AF               [ 4] 2234 	xor	a, a
    00000E44 F5               [11] 2235 	push	af
    00000E45 33               [ 6] 2236 	inc	sp
    00000E46 DD 7E DB         [19] 2237 	ld	a, -37 (ix)
    00000E49 F5               [11] 2238 	push	af
    00000E4A 33               [ 6] 2239 	inc	sp
    00000E4B 11r00r00         [10] 2240 	ld	de, #_GetPlayerIdleFrame
    00000E4E 3E 13            [ 7] 2241 	ld	a, #0x13
    00000E50 CDr00r00         [17] 2242 	call	_CallFnc_U16_P3
    00000E53 DD 6E F3         [19] 2243 	ld	l, -13 (ix)
    00000E56 DD 66 F4         [19] 2244 	ld	h, -12 (ix)
    00000E59 73               [ 7] 2245 	ld	(hl), e
    00000E5A 23               [ 6] 2246 	inc	hl
    00000E5B 72               [ 7] 2247 	ld	(hl), d
                                   2248 ;E:\Dropbox\FAUSTO\SVILUPPI\MSX\CODE\C\MSXgl\projects\soccerlgMSX2/soccerlg_s9_b3.c:270: continue; // Salta il resto dei comandi e dell'animazione
    00000E5C C3r8Er1C         [10] 2249 	jp	00401$
    00000E5F                       2250 00245$:
                                   2251 ;E:\Dropbox\FAUSTO\SVILUPPI\MSX\CODE\C\MSXgl\projects\soccerlgMSX2/soccerlg_s9_b3.c:273: Carrier->dx = 0; Carrier->dy = 0;
    00000E5F DD 7E E0         [19] 2252 	ld	a, -32 (ix)
    00000E62 C6 11            [ 7] 2253 	add	a, #0x11
    00000E64 DD 77 E6         [19] 2254 	ld	-26 (ix), a
    00000E67 DD 7E E1         [19] 2255 	ld	a, -31 (ix)
    00000E6A CE 00            [ 7] 2256 	adc	a, #0x00
    00000E6C DD 77 E7         [19] 2257 	ld	-25 (ix), a
    00000E6F DD 6E E6         [19] 2258 	ld	l, -26 (ix)
    00000E72 DD 66 E7         [19] 2259 	ld	h, -25 (ix)
    00000E75 36 00            [10] 2260 	ld	(hl), #0x00
    00000E77 DD 7E E0         [19] 2261 	ld	a, -32 (ix)
    00000E7A C6 12            [ 7] 2262 	add	a, #0x12
    00000E7C DD 77 E8         [19] 2263 	ld	-24 (ix), a
    00000E7F DD 7E E1         [19] 2264 	ld	a, -31 (ix)
    00000E82 CE 00            [ 7] 2265 	adc	a, #0x00
    00000E84 DD 77 E9         [19] 2266 	ld	-23 (ix), a
    00000E87 DD 6E E8         [19] 2267 	ld	l, -24 (ix)
    00000E8A DD 66 E9         [19] 2268 	ld	h, -23 (ix)
    00000E8D 36 00            [10] 2269 	ld	(hl), #0x00
                                   2270 ;E:\Dropbox\FAUSTO\SVILUPPI\MSX\CODE\C\MSXgl\projects\soccerlgMSX2/soccerlg_s9_b3.c:274: switch(dir) {
    00000E8F 3E 08            [ 7] 2271 	ld	a, #0x08
    00000E91 DD 96 FA         [19] 2272 	sub	a, -6 (ix)
    00000E94 DAr33r0F         [10] 2273 	jp	C, 00254$
    00000E97 DD 4E FA         [19] 2274 	ld	c, -6 (ix)
    00000E9A 06 00            [ 7] 2275 	ld	b, #0x00
    00000E9C 21rA3r0E         [10] 2276 	ld	hl, #01862$
    00000E9F 09               [11] 2277 	add	hl, bc
    00000EA0 09               [11] 2278 	add	hl, bc
    00000EA1 09               [11] 2279 	add	hl, bc
    00000EA2 E9               [ 4] 2280 	jp	(hl)
    00000EA3                       2281 01862$:
    00000EA3 C3r33r0F         [10] 2282 	jp	00254$
    00000EA6 C3rBEr0E         [10] 2283 	jp	00246$
    00000EA9 C3rC9r0E         [10] 2284 	jp	00247$
    00000EAC C3rDCr0E         [10] 2285 	jp	00248$
    00000EAF C3rE7r0E         [10] 2286 	jp	00249$
    00000EB2 C3rFAr0E         [10] 2287 	jp	00250$
    00000EB5 C3r05r0F         [10] 2288 	jp	00251$
    00000EB8 C3r18r0F         [10] 2289 	jp	00252$
    00000EBB C3r23r0F         [10] 2290 	jp	00253$
                                   2291 ;E:\Dropbox\FAUSTO\SVILUPPI\MSX\CODE\C\MSXgl\projects\soccerlgMSX2/soccerlg_s9_b3.c:275: case DIRECTION_UP: Carrier->dy = -2; break;
    00000EBE                       2292 00246$:
    00000EBE DD 6E E8         [19] 2293 	ld	l, -24 (ix)
    00000EC1 DD 66 E9         [19] 2294 	ld	h, -23 (ix)
    00000EC4 36 FE            [10] 2295 	ld	(hl), #0xfe
    00000EC6 C3r33r0F         [10] 2296 	jp	00254$
                                   2297 ;E:\Dropbox\FAUSTO\SVILUPPI\MSX\CODE\C\MSXgl\projects\soccerlgMSX2/soccerlg_s9_b3.c:276: case DIRECTION_UP_RIGHT: Carrier->dy = -2; Carrier->dx = 2; break;
    00000EC9                       2298 00247$:
    00000EC9 DD 6E E8         [19] 2299 	ld	l, -24 (ix)
    00000ECC DD 66 E9         [19] 2300 	ld	h, -23 (ix)
    00000ECF 36 FE            [10] 2301 	ld	(hl), #0xfe
    00000ED1 DD 6E E6         [19] 2302 	ld	l, -26 (ix)
    00000ED4 DD 66 E7         [19] 2303 	ld	h, -25 (ix)
    00000ED7 36 02            [10] 2304 	ld	(hl), #0x02
    00000ED9 C3r33r0F         [10] 2305 	jp	00254$
                                   2306 ;E:\Dropbox\FAUSTO\SVILUPPI\MSX\CODE\C\MSXgl\projects\soccerlgMSX2/soccerlg_s9_b3.c:277: case DIRECTION_RIGHT: Carrier->dx = 2; break;
    00000EDC                       2307 00248$:
    00000EDC DD 6E E6         [19] 2308 	ld	l, -26 (ix)
    00000EDF DD 66 E7         [19] 2309 	ld	h, -25 (ix)
    00000EE2 36 02            [10] 2310 	ld	(hl), #0x02
    00000EE4 C3r33r0F         [10] 2311 	jp	00254$
                                   2312 ;E:\Dropbox\FAUSTO\SVILUPPI\MSX\CODE\C\MSXgl\projects\soccerlgMSX2/soccerlg_s9_b3.c:278: case DIRECTION_DOWN_RIGHT: Carrier->dy = 2; Carrier->dx = 2; break;
    00000EE7                       2313 00249$:
    00000EE7 DD 6E E8         [19] 2314 	ld	l, -24 (ix)
    00000EEA DD 66 E9         [19] 2315 	ld	h, -23 (ix)
    00000EED 36 02            [10] 2316 	ld	(hl), #0x02
    00000EEF DD 6E E6         [19] 2317 	ld	l, -26 (ix)
    00000EF2 DD 66 E7         [19] 2318 	ld	h, -25 (ix)
    00000EF5 36 02            [10] 2319 	ld	(hl), #0x02
    00000EF7 C3r33r0F         [10] 2320 	jp	00254$
                                   2321 ;E:\Dropbox\FAUSTO\SVILUPPI\MSX\CODE\C\MSXgl\projects\soccerlgMSX2/soccerlg_s9_b3.c:279: case DIRECTION_DOWN: Carrier->dy = 2; break;
    00000EFA                       2322 00250$:
    00000EFA DD 6E E8         [19] 2323 	ld	l, -24 (ix)
    00000EFD DD 66 E9         [19] 2324 	ld	h, -23 (ix)
    00000F00 36 02            [10] 2325 	ld	(hl), #0x02
    00000F02 C3r33r0F         [10] 2326 	jp	00254$
                                   2327 ;E:\Dropbox\FAUSTO\SVILUPPI\MSX\CODE\C\MSXgl\projects\soccerlgMSX2/soccerlg_s9_b3.c:280: case DIRECTION_DOWN_LEFT: Carrier->dy = 2; Carrier->dx = -2; break;
    00000F05                       2328 00251$:
    00000F05 DD 6E E8         [19] 2329 	ld	l, -24 (ix)
    00000F08 DD 66 E9         [19] 2330 	ld	h, -23 (ix)
    00000F0B 36 02            [10] 2331 	ld	(hl), #0x02
    00000F0D DD 6E E6         [19] 2332 	ld	l, -26 (ix)
    00000F10 DD 66 E7         [19] 2333 	ld	h, -25 (ix)
    00000F13 36 FE            [10] 2334 	ld	(hl), #0xfe
    00000F15 C3r33r0F         [10] 2335 	jp	00254$
                                   2336 ;E:\Dropbox\FAUSTO\SVILUPPI\MSX\CODE\C\MSXgl\projects\soccerlgMSX2/soccerlg_s9_b3.c:281: case DIRECTION_LEFT: Carrier->dx = -2; break;
    00000F18                       2337 00252$:
    00000F18 DD 6E E6         [19] 2338 	ld	l, -26 (ix)
    00000F1B DD 66 E7         [19] 2339 	ld	h, -25 (ix)
    00000F1E 36 FE            [10] 2340 	ld	(hl), #0xfe
    00000F20 C3r33r0F         [10] 2341 	jp	00254$
                                   2342 ;E:\Dropbox\FAUSTO\SVILUPPI\MSX\CODE\C\MSXgl\projects\soccerlgMSX2/soccerlg_s9_b3.c:282: case DIRECTION_UP_LEFT: Carrier->dy = -2; Carrier->dx = -2; break;
    00000F23                       2343 00253$:
    00000F23 DD 6E E8         [19] 2344 	ld	l, -24 (ix)
    00000F26 DD 66 E9         [19] 2345 	ld	h, -23 (ix)
    00000F29 36 FE            [10] 2346 	ld	(hl), #0xfe
    00000F2B DD 6E E6         [19] 2347 	ld	l, -26 (ix)
    00000F2E DD 66 E7         [19] 2348 	ld	h, -25 (ix)
    00000F31 36 FE            [10] 2349 	ld	(hl), #0xfe
                                   2350 ;E:\Dropbox\FAUSTO\SVILUPPI\MSX\CODE\C\MSXgl\projects\soccerlgMSX2/soccerlg_s9_b3.c:283: }
    00000F33                       2351 00254$:
                                   2352 ;E:\Dropbox\FAUSTO\SVILUPPI\MSX\CODE\C\MSXgl\projects\soccerlgMSX2/soccerlg_s9_b3.c:286: if (Carrier->dx != 0 || Carrier->dy != 0) {
    00000F33 DD 6E E6         [19] 2353 	ld	l, -26 (ix)
    00000F36 DD 66 E7         [19] 2354 	ld	h, -25 (ix)
    00000F39 7E               [ 7] 2355 	ld	a, (hl)
    00000F3A DD 77 F8         [19] 2356 	ld	-8 (ix), a
                                   2357 ;E:\Dropbox\FAUSTO\SVILUPPI\MSX\CODE\C\MSXgl\projects\soccerlgMSX2/soccerlg_s9_b3.c:227: Carrier->ly += Carrier->dy;
    00000F3D DD 7E E0         [19] 2358 	ld	a, -32 (ix)
    00000F40 C6 04            [ 7] 2359 	add	a, #0x04
    00000F42 DD 77 EA         [19] 2360 	ld	-22 (ix), a
    00000F45 DD 7E E1         [19] 2361 	ld	a, -31 (ix)
    00000F48 CE 00            [ 7] 2362 	adc	a, #0x00
    00000F4A DD 77 EB         [19] 2363 	ld	-21 (ix), a
                                   2364 ;E:\Dropbox\FAUSTO\SVILUPPI\MSX\CODE\C\MSXgl\projects\soccerlgMSX2/soccerlg_s9_b3.c:286: if (Carrier->dx != 0 || Carrier->dy != 0) {
    00000F4D DD 7E F8         [19] 2365 	ld	a, -8 (ix)
    00000F50 B7               [ 4] 2366 	or	a, a
    00000F51 20 0B            [12] 2367 	jr	NZ, 00267$
    00000F53 DD 6E E8         [19] 2368 	ld	l, -24 (ix)
    00000F56 DD 66 E9         [19] 2369 	ld	h, -23 (ix)
    00000F59 7E               [ 7] 2370 	ld	a, (hl)
    00000F5A B7               [ 4] 2371 	or	a, a
    00000F5B CAr1Fr11         [10] 2372 	jp	Z, 00268$
    00000F5E                       2373 00267$:
                                   2374 ;E:\Dropbox\FAUSTO\SVILUPPI\MSX\CODE\C\MSXgl\projects\soccerlgMSX2/soccerlg_s9_b3.c:287: g_last_dx[i] = Carrier->dx;
    00000F5E 3Er00            [ 7] 2375 	ld	a, #<(_g_last_dx)
    00000F60 DD 86 FF         [19] 2376 	add	a, -1 (ix)
    00000F63 DD 77 F9         [19] 2377 	ld	-7 (ix), a
    00000F66 3Es00            [ 7] 2378 	ld	a, #>(_g_last_dx)
    00000F68 CE 00            [ 7] 2379 	adc	a, #0x00
    00000F6A DD 77 FA         [19] 2380 	ld	-6 (ix), a
    00000F6D DD 6E F9         [19] 2381 	ld	l, -7 (ix)
    00000F70 DD 66 FA         [19] 2382 	ld	h, -6 (ix)
    00000F73 DD 7E F8         [19] 2383 	ld	a, -8 (ix)
    00000F76 77               [ 7] 2384 	ld	(hl), a
                                   2385 ;E:\Dropbox\FAUSTO\SVILUPPI\MSX\CODE\C\MSXgl\projects\soccerlgMSX2/soccerlg_s9_b3.c:288: g_last_dy[i] = Carrier->dy;
    00000F77 3Er00            [ 7] 2386 	ld	a, #<(_g_last_dy)
    00000F79 DD 86 FF         [19] 2387 	add	a, -1 (ix)
    00000F7C DD 77 F8         [19] 2388 	ld	-8 (ix), a
    00000F7F 3Es00            [ 7] 2389 	ld	a, #>(_g_last_dy)
    00000F81 CE 00            [ 7] 2390 	adc	a, #0x00
    00000F83 DD 77 F9         [19] 2391 	ld	-7 (ix), a
    00000F86 DD 6E E8         [19] 2392 	ld	l, -24 (ix)
    00000F89 DD 66 E9         [19] 2393 	ld	h, -23 (ix)
    00000F8C 7E               [ 7] 2394 	ld	a, (hl)
    00000F8D DD 77 FA         [19] 2395 	ld	-6 (ix), a
    00000F90 DD 6E F8         [19] 2396 	ld	l, -8 (ix)
    00000F93 DD 66 F9         [19] 2397 	ld	h, -7 (ix)
    00000F96 DD 7E FA         [19] 2398 	ld	a, -6 (ix)
    00000F99 77               [ 7] 2399 	ld	(hl), a
                                   2400 ;E:\Dropbox\FAUSTO\SVILUPPI\MSX\CODE\C\MSXgl\projects\soccerlgMSX2/soccerlg_s9_b3.c:290: i16 next_x = (i16)Carrier->lx + Carrier->dx;
    00000F9A DD 6E E0         [19] 2401 	ld	l, -32 (ix)
    00000F9D DD 66 E1         [19] 2402 	ld	h, -31 (ix)
    00000FA0 7E               [ 7] 2403 	ld	a, (hl)
    00000FA1 DD 77 FA         [19] 2404 	ld	-6 (ix), a
    00000FA4 DD 77 F9         [19] 2405 	ld	-7 (ix), a
    00000FA7 DD 36 FA 00      [19] 2406 	ld	-6 (ix), #0x00
    00000FAB DD 6E E6         [19] 2407 	ld	l, -26 (ix)
    00000FAE DD 66 E7         [19] 2408 	ld	h, -25 (ix)
    00000FB1 7E               [ 7] 2409 	ld	a, (hl)
    00000FB2 DD 77 F8         [19] 2410 	ld	-8 (ix), a
    00000FB5 DD 77 F5         [19] 2411 	ld	-11 (ix), a
    00000FB8 07               [ 4] 2412 	rlca
    00000FB9 9F               [ 4] 2413 	sbc	a, a
    00000FBA DD 77 F6         [19] 2414 	ld	-10 (ix), a
    00000FBD DD 7E F9         [19] 2415 	ld	a, -7 (ix)
    00000FC0 DD 77 F7         [19] 2416 	ld	-9 (ix), a
    00000FC3 DD 7E FA         [19] 2417 	ld	a, -6 (ix)
    00000FC6 DD 77 F8         [19] 2418 	ld	-8 (ix), a
    00000FC9 DD 7E F7         [19] 2419 	ld	a, -9 (ix)
    00000FCC DD 86 F5         [19] 2420 	add	a, -11 (ix)
    00000FCF DD 77 F9         [19] 2421 	ld	-7 (ix), a
    00000FD2 DD 7E F8         [19] 2422 	ld	a, -8 (ix)
    00000FD5 DD 8E F6         [19] 2423 	adc	a, -10 (ix)
    00000FD8 DD 77 FA         [19] 2424 	ld	-6 (ix), a
                                   2425 ;E:\Dropbox\FAUSTO\SVILUPPI\MSX\CODE\C\MSXgl\projects\soccerlgMSX2/soccerlg_s9_b3.c:291: if (next_x < 16) Carrier->lx = 16;
    00000FDB DD 7E F9         [19] 2426 	ld	a, -7 (ix)
    00000FDE DD 77 F7         [19] 2427 	ld	-9 (ix), a
    00000FE1 DD 7E FA         [19] 2428 	ld	a, -6 (ix)
    00000FE4 DD 77 F8         [19] 2429 	ld	-8 (ix), a
    00000FE7 DD 7E F7         [19] 2430 	ld	a, -9 (ix)
    00000FEA D6 10            [ 7] 2431 	sub	a, #0x10
    00000FEC DD 7E F8         [19] 2432 	ld	a, -8 (ix)
    00000FEF 17               [ 4] 2433 	rla
    00000FF0 3F               [ 4] 2434 	ccf
    00000FF1 1F               [ 4] 2435 	rra
    00000FF2 DE 80            [ 7] 2436 	sbc	a, #0x80
    00000FF4 30 0B            [12] 2437 	jr	NC, 00259$
    00000FF6 DD 6E E0         [19] 2438 	ld	l, -32 (ix)
    00000FF9 DD 66 E1         [19] 2439 	ld	h, -31 (ix)
    00000FFC 36 10            [10] 2440 	ld	(hl), #0x10
    00000FFE C3r28r10         [10] 2441 	jp	00260$
    00001001                       2442 00259$:
                                   2443 ;E:\Dropbox\FAUSTO\SVILUPPI\MSX\CODE\C\MSXgl\projects\soccerlgMSX2/soccerlg_s9_b3.c:292: else if (next_x > 224) Carrier->lx = 224;
    00001001 3E E0            [ 7] 2444 	ld	a, #0xe0
    00001003 DD BE F7         [19] 2445 	cp	a, -9 (ix)
    00001006 3E 00            [ 7] 2446 	ld	a, #0x00
    00001008 DD 9E F8         [19] 2447 	sbc	a, -8 (ix)
    0000100B E2r10r10         [10] 2448 	jp	PO, 01863$
    0000100E EE 80            [ 7] 2449 	xor	a, #0x80
    00001010                       2450 01863$:
    00001010 F2r1Er10         [10] 2451 	jp	P, 00256$
    00001013 DD 6E E0         [19] 2452 	ld	l, -32 (ix)
    00001016 DD 66 E1         [19] 2453 	ld	h, -31 (ix)
    00001019 36 E0            [10] 2454 	ld	(hl), #0xe0
    0000101B C3r28r10         [10] 2455 	jp	00260$
    0000101E                       2456 00256$:
                                   2457 ;E:\Dropbox\FAUSTO\SVILUPPI\MSX\CODE\C\MSXgl\projects\soccerlgMSX2/soccerlg_s9_b3.c:293: else Carrier->lx = (u8)next_x;
    0000101E DD 7E F9         [19] 2458 	ld	a, -7 (ix)
    00001021 DD 6E E0         [19] 2459 	ld	l, -32 (ix)
    00001024 DD 66 E1         [19] 2460 	ld	h, -31 (ix)
    00001027 77               [ 7] 2461 	ld	(hl), a
    00001028                       2462 00260$:
                                   2463 ;E:\Dropbox\FAUSTO\SVILUPPI\MSX\CODE\C\MSXgl\projects\soccerlgMSX2/soccerlg_s9_b3.c:295: i16 next_y = (i16)Carrier->ly + Carrier->dy;
    00001028 DD 6E EA         [19] 2464 	ld	l, -22 (ix)
    0000102B DD 66 EB         [19] 2465 	ld	h, -21 (ix)
    0000102E 7E               [ 7] 2466 	ld	a, (hl)
    0000102F DD 77 F9         [19] 2467 	ld	-7 (ix), a
    00001032 23               [ 6] 2468 	inc	hl
    00001033 7E               [ 7] 2469 	ld	a, (hl)
    00001034 DD 77 FA         [19] 2470 	ld	-6 (ix), a
    00001037 DD 6E E8         [19] 2471 	ld	l, -24 (ix)
    0000103A DD 66 E9         [19] 2472 	ld	h, -23 (ix)
    0000103D 7E               [ 7] 2473 	ld	a, (hl)
    0000103E DD 77 F8         [19] 2474 	ld	-8 (ix), a
    00001041 DD 77 F5         [19] 2475 	ld	-11 (ix), a
    00001044 07               [ 4] 2476 	rlca
    00001045 9F               [ 4] 2477 	sbc	a, a
    00001046 DD 77 F6         [19] 2478 	ld	-10 (ix), a
    00001049 DD 7E F9         [19] 2479 	ld	a, -7 (ix)
    0000104C DD 77 F7         [19] 2480 	ld	-9 (ix), a
    0000104F DD 7E FA         [19] 2481 	ld	a, -6 (ix)
    00001052 DD 77 F8         [19] 2482 	ld	-8 (ix), a
    00001055 DD 7E F7         [19] 2483 	ld	a, -9 (ix)
    00001058 DD 86 F5         [19] 2484 	add	a, -11 (ix)
    0000105B DD 77 F9         [19] 2485 	ld	-7 (ix), a
    0000105E DD 7E F8         [19] 2486 	ld	a, -8 (ix)
    00001061 DD 8E F6         [19] 2487 	adc	a, -10 (ix)
    00001064 DD 77 FA         [19] 2488 	ld	-6 (ix), a
                                   2489 ;E:\Dropbox\FAUSTO\SVILUPPI\MSX\CODE\C\MSXgl\projects\soccerlgMSX2/soccerlg_s9_b3.c:296: if (next_y < 24) Carrier->ly = 24;
    00001067 DD 7E F9         [19] 2490 	ld	a, -7 (ix)
    0000106A DD 77 F7         [19] 2491 	ld	-9 (ix), a
    0000106D DD 7E FA         [19] 2492 	ld	a, -6 (ix)
    00001070 DD 77 F8         [19] 2493 	ld	-8 (ix), a
    00001073 DD 7E F7         [19] 2494 	ld	a, -9 (ix)
    00001076 D6 18            [ 7] 2495 	sub	a, #0x18
    00001078 DD 7E F8         [19] 2496 	ld	a, -8 (ix)
    0000107B 17               [ 4] 2497 	rla
    0000107C 3F               [ 4] 2498 	ccf
    0000107D 1F               [ 4] 2499 	rra
    0000107E DE 80            [ 7] 2500 	sbc	a, #0x80
    00001080 30 0E            [12] 2501 	jr	NC, 00265$
    00001082 DD 6E EA         [19] 2502 	ld	l, -22 (ix)
    00001085 DD 66 EB         [19] 2503 	ld	h, -21 (ix)
    00001088 36 18            [10] 2504 	ld	(hl), #0x18
    0000108A 23               [ 6] 2505 	inc	hl
    0000108B 36 00            [10] 2506 	ld	(hl), #0x00
    0000108D C3rBFr10         [10] 2507 	jp	00266$
    00001090                       2508 00265$:
                                   2509 ;E:\Dropbox\FAUSTO\SVILUPPI\MSX\CODE\C\MSXgl\projects\soccerlgMSX2/soccerlg_s9_b3.c:297: else if (next_y > 488) Carrier->ly = 488;
    00001090 3E E8            [ 7] 2510 	ld	a, #0xe8
    00001092 DD BE F7         [19] 2511 	cp	a, -9 (ix)
    00001095 3E 01            [ 7] 2512 	ld	a, #0x01
    00001097 DD 9E F8         [19] 2513 	sbc	a, -8 (ix)
    0000109A E2r9Fr10         [10] 2514 	jp	PO, 01864$
    0000109D EE 80            [ 7] 2515 	xor	a, #0x80
    0000109F                       2516 01864$:
    0000109F F2rB0r10         [10] 2517 	jp	P, 00262$
    000010A2 DD 6E EA         [19] 2518 	ld	l, -22 (ix)
    000010A5 DD 66 EB         [19] 2519 	ld	h, -21 (ix)
    000010A8 36 E8            [10] 2520 	ld	(hl), #0xe8
    000010AA 23               [ 6] 2521 	inc	hl
    000010AB 36 01            [10] 2522 	ld	(hl), #0x01
    000010AD C3rBFr10         [10] 2523 	jp	00266$
    000010B0                       2524 00262$:
                                   2525 ;E:\Dropbox\FAUSTO\SVILUPPI\MSX\CODE\C\MSXgl\projects\soccerlgMSX2/soccerlg_s9_b3.c:298: else Carrier->ly = (u16)next_y;
    000010B0 DD 4E F9         [19] 2526 	ld	c, -7 (ix)
    000010B3 DD 46 FA         [19] 2527 	ld	b, -6 (ix)
    000010B6 DD 6E EA         [19] 2528 	ld	l, -22 (ix)
    000010B9 DD 66 EB         [19] 2529 	ld	h, -21 (ix)
    000010BC 71               [ 7] 2530 	ld	(hl), c
    000010BD 23               [ 6] 2531 	inc	hl
    000010BE 70               [ 7] 2532 	ld	(hl), b
    000010BF                       2533 00266$:
                                   2534 ;E:\Dropbox\FAUSTO\SVILUPPI\MSX\CODE\C\MSXgl\projects\soccerlgMSX2/soccerlg_s9_b3.c:300: Carrier->anim++;
    000010BF DD 6E E0         [19] 2535 	ld	l, -32 (ix)
    000010C2 DD 66 E1         [19] 2536 	ld	h, -31 (ix)
    000010C5 11 13 00         [10] 2537 	ld	de, #0x0013
    000010C8 19               [11] 2538 	add	hl, de
    000010C9 5E               [ 7] 2539 	ld	e, (hl)
    000010CA 23               [ 6] 2540 	inc	hl
    000010CB 56               [ 7] 2541 	ld	d, (hl)
    000010CC 2B               [ 6] 2542 	dec	hl
    000010CD 13               [ 6] 2543 	inc	de
    000010CE 73               [ 7] 2544 	ld	(hl), e
    000010CF 23               [ 6] 2545 	inc	hl
    000010D0 72               [ 7] 2546 	ld	(hl), d
                                   2547 ;E:\Dropbox\FAUSTO\SVILUPPI\MSX\CODE\C\MSXgl\projects\soccerlgMSX2/soccerlg_s9_b3.c:301: const u8 walk_seq[4] = {0, 1, 2, 1}; 
    000010D1 DD 36 D5 00      [19] 2548 	ld	-43 (ix), #0x00
    000010D5 DD 36 D6 01      [19] 2549 	ld	-42 (ix), #0x01
    000010D9 DD 36 D7 02      [19] 2550 	ld	-41 (ix), #0x02
    000010DD DD 36 D8 01      [19] 2551 	ld	-40 (ix), #0x01
                                   2552 ;E:\Dropbox\FAUSTO\SVILUPPI\MSX\CODE\C\MSXgl\projects\soccerlgMSX2/soccerlg_s9_b3.c:302: Carrier->frame = CallFnc_U16_P4(SEG_GAMESTATE_9, GetPlayerAnimFrame, carrier, Carrier->dx, Carrier->dy, walk_seq[(Carrier->anim / 3) % 4]);
    000010E1 EB               [ 4] 2553 	ex	de, hl
    000010E2 11 03 00         [10] 2554 	ld	de, #0x0003
    000010E5 CDr00r00         [17] 2555 	call	__divuint
    000010E8 7B               [ 4] 2556 	ld	a, e
    000010E9 E6 03            [ 7] 2557 	and	a, #0x03
    000010EB 4F               [ 4] 2558 	ld	c, a
    000010EC 06 00            [ 7] 2559 	ld	b, #0x00
    000010EE 21 06 00         [10] 2560 	ld	hl, #6
    000010F1 39               [11] 2561 	add	hl, sp
    000010F2 09               [11] 2562 	add	hl, bc
    000010F3 56               [ 7] 2563 	ld	d, (hl)
    000010F4 DD 6E E8         [19] 2564 	ld	l, -24 (ix)
    000010F7 DD 66 E9         [19] 2565 	ld	h, -23 (ix)
    000010FA 46               [ 7] 2566 	ld	b, (hl)
    000010FB DD 6E E6         [19] 2567 	ld	l, -26 (ix)
    000010FE DD 66 E7         [19] 2568 	ld	h, -25 (ix)
    00001101 7E               [ 7] 2569 	ld	a, (hl)
    00001102 58               [ 4] 2570 	ld	e, b
    00001103 D5               [11] 2571 	push	de
    00001104 F5               [11] 2572 	push	af
    00001105 33               [ 6] 2573 	inc	sp
    00001106 DD 7E DB         [19] 2574 	ld	a, -37 (ix)
    00001109 F5               [11] 2575 	push	af
    0000110A 33               [ 6] 2576 	inc	sp
    0000110B 11r00r00         [10] 2577 	ld	de, #_GetPlayerAnimFrame
    0000110E 3E 13            [ 7] 2578 	ld	a, #0x13
    00001110 CDr00r00         [17] 2579 	call	_CallFnc_U16_P4
    00001113 DD 6E F3         [19] 2580 	ld	l, -13 (ix)
    00001116 DD 66 F4         [19] 2581 	ld	h, -12 (ix)
    00001119 73               [ 7] 2582 	ld	(hl), e
    0000111A 23               [ 6] 2583 	inc	hl
    0000111B 72               [ 7] 2584 	ld	(hl), d
    0000111C C3r51r11         [10] 2585 	jp	00269$
    0000111F                       2586 00268$:
                                   2587 ;E:\Dropbox\FAUSTO\SVILUPPI\MSX\CODE\C\MSXgl\projects\soccerlgMSX2/soccerlg_s9_b3.c:305: Carrier->frame = CallFnc_U16_P3(SEG_GAMESTATE_9, GetPlayerIdleFrame, carrier, g_last_dx[i], g_last_dy[i]);
    0000111F 3Er00            [ 7] 2588 	ld	a, #<(_g_last_dy)
    00001121 DD 86 FF         [19] 2589 	add	a, -1 (ix)
    00001124 6F               [ 4] 2590 	ld	l, a
                                   2591 ;	spillPairReg hl
                                   2592 ;	spillPairReg hl
    00001125 3Es00            [ 7] 2593 	ld	a, #>(_g_last_dy)
    00001127 CE 00            [ 7] 2594 	adc	a, #0x00
    00001129 67               [ 4] 2595 	ld	h, a
                                   2596 ;	spillPairReg hl
                                   2597 ;	spillPairReg hl
    0000112A 46               [ 7] 2598 	ld	b, (hl)
    0000112B 3Er00            [ 7] 2599 	ld	a, #<(_g_last_dx)
    0000112D DD 86 FF         [19] 2600 	add	a, -1 (ix)
    00001130 5F               [ 4] 2601 	ld	e, a
    00001131 3Es00            [ 7] 2602 	ld	a, #>(_g_last_dx)
    00001133 CE 00            [ 7] 2603 	adc	a, #0x00
    00001135 57               [ 4] 2604 	ld	d, a
    00001136 1A               [ 7] 2605 	ld	a, (de)
    00001137 C5               [11] 2606 	push	bc
    00001138 33               [ 6] 2607 	inc	sp
    00001139 F5               [11] 2608 	push	af
    0000113A 33               [ 6] 2609 	inc	sp
    0000113B DD 7E DB         [19] 2610 	ld	a, -37 (ix)
    0000113E F5               [11] 2611 	push	af
    0000113F 33               [ 6] 2612 	inc	sp
    00001140 11r00r00         [10] 2613 	ld	de, #_GetPlayerIdleFrame
    00001143 3E 13            [ 7] 2614 	ld	a, #0x13
    00001145 CDr00r00         [17] 2615 	call	_CallFnc_U16_P3
    00001148 DD 6E F3         [19] 2616 	ld	l, -13 (ix)
    0000114B DD 66 F4         [19] 2617 	ld	h, -12 (ix)
    0000114E 73               [ 7] 2618 	ld	(hl), e
    0000114F 23               [ 6] 2619 	inc	hl
    00001150 72               [ 7] 2620 	ld	(hl), d
    00001151                       2621 00269$:
                                   2622 ;E:\Dropbox\FAUSTO\SVILUPPI\MSX\CODE\C\MSXgl\projects\soccerlgMSX2/soccerlg_s9_b3.c:226: Carrier->lx += Carrier->dx;
    00001151 DD 6E E0         [19] 2623 	ld	l, -32 (ix)
    00001154 DD 66 E1         [19] 2624 	ld	h, -31 (ix)
    00001157 7E               [ 7] 2625 	ld	a, (hl)
    00001158 DD 77 EC         [19] 2626 	ld	-20 (ix), a
                                   2627 ;E:\Dropbox\FAUSTO\SVILUPPI\MSX\CODE\C\MSXgl\projects\soccerlgMSX2/soccerlg_s9_b3.c:309: u16 dist_x = (Carrier->lx > Ball->lx) ? (Carrier->lx - Ball->lx) : (Ball->lx - Carrier->lx);
    0000115B 21r42r01         [10] 2628 	ld	hl, #(_SwSprite + 322)
    0000115E 5E               [ 7] 2629 	ld	e, (hl)
    0000115F DD 7E EC         [19] 2630 	ld	a, -20 (ix)
    00001162 DD 77 ED         [19] 2631 	ld	-19 (ix), a
    00001165 DD 36 EE 00      [19] 2632 	ld	-18 (ix), #0x00
    00001169 4B               [ 4] 2633 	ld	c, e
    0000116A 06 00            [ 7] 2634 	ld	b, #0x00
    0000116C 7B               [ 4] 2635 	ld	a, e
    0000116D DD 96 EC         [19] 2636 	sub	a, -20 (ix)
    00001170 30 0C            [12] 2637 	jr	NC, 00496$
    00001172 DD 7E ED         [19] 2638 	ld	a, -19 (ix)
    00001175 91               [ 4] 2639 	sub	a, c
    00001176 4F               [ 4] 2640 	ld	c, a
    00001177 DD 7E EE         [19] 2641 	ld	a, -18 (ix)
    0000117A 98               [ 4] 2642 	sbc	a, b
    0000117B C3r87r11         [10] 2643 	jp	00497$
    0000117E                       2644 00496$:
    0000117E 79               [ 4] 2645 	ld	a, c
    0000117F DD 96 ED         [19] 2646 	sub	a, -19 (ix)
    00001182 4F               [ 4] 2647 	ld	c, a
    00001183 78               [ 4] 2648 	ld	a, b
    00001184 DD 9E EE         [19] 2649 	sbc	a, -18 (ix)
    00001187                       2650 00497$:
    00001187 DD 71 EF         [19] 2651 	ld	-17 (ix), c
    0000118A DD 77 F0         [19] 2652 	ld	-16 (ix), a
                                   2653 ;E:\Dropbox\FAUSTO\SVILUPPI\MSX\CODE\C\MSXgl\projects\soccerlgMSX2/soccerlg_s9_b3.c:310: u16 dist_y = (Carrier->ly > Ball->ly) ? (Carrier->ly - Ball->ly) : (Ball->ly - Carrier->ly);
    0000118D DD 6E EA         [19] 2654 	ld	l, -22 (ix)
    00001190 DD 66 EB         [19] 2655 	ld	h, -21 (ix)
    00001193 7E               [ 7] 2656 	ld	a, (hl)
    00001194 DD 77 F1         [19] 2657 	ld	-15 (ix), a
    00001197 23               [ 6] 2658 	inc	hl
    00001198 7E               [ 7] 2659 	ld	a, (hl)
    00001199 DD 77 F2         [19] 2660 	ld	-14 (ix), a
    0000119C 21r46r01         [10] 2661 	ld	hl, #(_SwSprite + 326)
    0000119F 7E               [ 7] 2662 	ld	a, (hl)
    000011A0 DD 77 F7         [19] 2663 	ld	-9 (ix), a
    000011A3 23               [ 6] 2664 	inc	hl
    000011A4 7E               [ 7] 2665 	ld	a, (hl)
    000011A5 DD 77 F8         [19] 2666 	ld	-8 (ix), a
    000011A8 DD 7E F7         [19] 2667 	ld	a, -9 (ix)
    000011AB DD 96 F1         [19] 2668 	sub	a, -15 (ix)
    000011AE DD 7E F8         [19] 2669 	ld	a, -8 (ix)
    000011B1 DD 9E F2         [19] 2670 	sbc	a, -14 (ix)
    000011B4 30 15            [12] 2671 	jr	NC, 00498$
    000011B6 DD 7E F1         [19] 2672 	ld	a, -15 (ix)
    000011B9 DD 96 F7         [19] 2673 	sub	a, -9 (ix)
    000011BC DD 77 F9         [19] 2674 	ld	-7 (ix), a
    000011BF DD 7E F2         [19] 2675 	ld	a, -14 (ix)
    000011C2 DD 9E F8         [19] 2676 	sbc	a, -8 (ix)
    000011C5 DD 77 FA         [19] 2677 	ld	-6 (ix), a
    000011C8 C3rDDr11         [10] 2678 	jp	00499$
    000011CB                       2679 00498$:
    000011CB DD 7E F7         [19] 2680 	ld	a, -9 (ix)
    000011CE DD 96 F1         [19] 2681 	sub	a, -15 (ix)
    000011D1 DD 77 F9         [19] 2682 	ld	-7 (ix), a
    000011D4 DD 7E F8         [19] 2683 	ld	a, -8 (ix)
    000011D7 DD 9E F2         [19] 2684 	sbc	a, -14 (ix)
    000011DA DD 77 FA         [19] 2685 	ld	-6 (ix), a
    000011DD                       2686 00499$:
    000011DD DD 7E F9         [19] 2687 	ld	a, -7 (ix)
    000011E0 DD 77 F3         [19] 2688 	ld	-13 (ix), a
    000011E3 DD 7E FA         [19] 2689 	ld	a, -6 (ix)
    000011E6 DD 77 F4         [19] 2690 	ld	-12 (ix), a
                                   2691 ;E:\Dropbox\FAUSTO\SVILUPPI\MSX\CODE\C\MSXgl\projects\soccerlgMSX2/soccerlg_s9_b3.c:243: if (!can_steal && g_is_ball_carried && LastTouchPlayer != 0xFF && LastTouchTeam != carrier_team) {
    000011E9 3Ar00r00         [13] 2692 	ld	a, (_LastTouchTeam+0)
    000011EC DD 96 E3         [19] 2693 	sub	a, -29 (ix)
    000011EF 3E 01            [ 7] 2694 	ld	a, #0x01
    000011F1 28 01            [12] 2695 	jr	Z, 01866$
    000011F3 AF               [ 4] 2696 	xor	a, a
    000011F4                       2697 01866$:
    000011F4 DD 77 F5         [19] 2698 	ld	-11 (ix), a
                                   2699 ;E:\Dropbox\FAUSTO\SVILUPPI\MSX\CODE\C\MSXgl\projects\soccerlgMSX2/soccerlg_s9_b3.c:314: u8 touch_dist = (LastTouchTeam == carrier_team || LastTouchTeam == 0xFF) ? 32 : (g_is_ball_carried ? 10 : 14); 
    000011F7 DD CB F5 46      [20] 2700 	bit	0, -11 (ix)
    000011FB 20 06            [12] 2701 	jr	NZ, 00503$
    000011FD 3Ar00r00         [13] 2702 	ld	a, (_LastTouchTeam+0)
    00001200 3C               [ 4] 2703 	inc	a
    00001201 20 0B            [12] 2704 	jr	NZ, 00500$
    00001203                       2705 00503$:
    00001203 DD 36 F9 20      [19] 2706 	ld	-7 (ix), #0x20
    00001207 DD 36 FA 00      [19] 2707 	ld	-6 (ix), #0
    0000120B C3r27r12         [10] 2708 	jp	00501$
    0000120E                       2709 00500$:
    0000120E 3Ar00r00         [13] 2710 	ld	a, (_g_is_ball_carried+0)
    00001211 B7               [ 4] 2711 	or	a, a
    00001212 28 0B            [12] 2712 	jr	Z, 00505$
    00001214 DD 36 F9 0A      [19] 2713 	ld	-7 (ix), #0x0a
    00001218 DD 36 FA 00      [19] 2714 	ld	-6 (ix), #0
    0000121C C3r27r12         [10] 2715 	jp	00506$
    0000121F                       2716 00505$:
    0000121F DD 36 F9 0E      [19] 2717 	ld	-7 (ix), #0x0e
    00001223 DD 36 FA 00      [19] 2718 	ld	-6 (ix), #0
    00001227                       2719 00506$:
    00001227                       2720 00501$:
    00001227 DD 7E F9         [19] 2721 	ld	a, -7 (ix)
    0000122A DD 77 F6         [19] 2722 	ld	-10 (ix), a
                                   2723 ;E:\Dropbox\FAUSTO\SVILUPPI\MSX\CODE\C\MSXgl\projects\soccerlgMSX2/soccerlg_s9_b3.c:315: if (Ball->anim >= 6) touch_dist = 12; // I tiri potenti sfuggono facilmente al tackle
    0000122D 2Ar55r01         [16] 2724 	ld	hl, (#(_SwSprite + 341) + 0)
    00001230 11 06 00         [10] 2725 	ld	de, #0x0006
    00001233 BF               [ 4] 2726 	cp	a, a
    00001234 ED 52            [15] 2727 	sbc	hl, de
    00001236 38 04            [12] 2728 	jr	C, 00272$
    00001238 DD 36 F6 0C      [19] 2729 	ld	-10 (ix), #0x0c
    0000123C                       2730 00272$:
                                   2731 ;E:\Dropbox\FAUSTO\SVILUPPI\MSX\CODE\C\MSXgl\projects\soccerlgMSX2/soccerlg_s9_b3.c:317: bool is_immune = (Ball->count > 0 && LastTouchTeam != carrier_team && LastTouchTeam != 0xFF);
    0000123C 21r57r01         [10] 2732 	ld	hl, #(_SwSprite + 343)
    0000123F 7E               [ 7] 2733 	ld	a, (hl)
    00001240 DD 77 F7         [19] 2734 	ld	-9 (ix), a
    00001243 23               [ 6] 2735 	inc	hl
    00001244 7E               [ 7] 2736 	ld	a, (hl)
    00001245 DD 77 F8         [19] 2737 	ld	-8 (ix), a
    00001248 DD B6 F7         [19] 2738 	or	a, -9 (ix)
    0000124B 28 0C            [12] 2739 	jr	Z, 00507$
    0000124D DD CB F5 46      [20] 2740 	bit	0, -11 (ix)
    00001251 20 06            [12] 2741 	jr	NZ, 00507$
    00001253 3Ar00r00         [13] 2742 	ld	a, (_LastTouchTeam+0)
    00001256 3C               [ 4] 2743 	inc	a
    00001257 20 04            [12] 2744 	jr	NZ, 00508$
    00001259                       2745 00507$:
    00001259 AF               [ 4] 2746 	xor	a, a
    0000125A C3r5Fr12         [10] 2747 	jp	00509$
    0000125D                       2748 00508$:
    0000125D 3E 01            [ 7] 2749 	ld	a, #0x01
    0000125F                       2750 00509$:
    0000125F DD 77 F9         [19] 2751 	ld	-7 (ix), a
                                   2752 ;E:\Dropbox\FAUSTO\SVILUPPI\MSX\CODE\C\MSXgl\projects\soccerlgMSX2/soccerlg_s9_b3.c:320: u16 eff_dist_y = dist_y;
    00001262 DD 5E F3         [19] 2753 	ld	e, -13 (ix)
    00001265 DD 56 F4         [19] 2754 	ld	d, -12 (ix)
                                   2755 ;E:\Dropbox\FAUSTO\SVILUPPI\MSX\CODE\C\MSXgl\projects\soccerlgMSX2/soccerlg_s9_b3.c:321: u8 touch_dist_y = touch_dist;
    00001268 DD 4E F6         [19] 2756 	ld	c, -10 (ix)
                                   2757 ;E:\Dropbox\FAUSTO\SVILUPPI\MSX\CODE\C\MSXgl\projects\soccerlgMSX2/soccerlg_s9_b3.c:322: if (g_is_ball_carried && LastTouchPlayer != 0xFF && LastTouchTeam != carrier_team && SwSprite[LastTouchPlayer].dy == 0) {
    0000126B 3Ar00r00         [13] 2758 	ld	a, (_g_is_ball_carried+0)
    0000126E B7               [ 4] 2759 	or	a, a
    0000126F 28 6E            [12] 2760 	jr	Z, 00274$
    00001271 3Ar00r00         [13] 2761 	ld	a, (_LastTouchPlayer+0)
    00001274 3C               [ 4] 2762 	inc	a
    00001275 28 68            [12] 2763 	jr	Z, 00274$
    00001277 DD CB F5 46      [20] 2764 	bit	0, -11 (ix)
    0000127B 20 62            [12] 2765 	jr	NZ, 00274$
    0000127D D5               [11] 2766 	push	de
    0000127E ED 5Br00r00      [20] 2767 	ld	de, (_LastTouchPlayer)
    00001282 16 00            [ 7] 2768 	ld	d, #0x00
    00001284 6B               [ 4] 2769 	ld	l, e
    00001285 62               [ 4] 2770 	ld	h, d
    00001286 29               [11] 2771 	add	hl, hl
    00001287 29               [11] 2772 	add	hl, hl
    00001288 19               [11] 2773 	add	hl, de
    00001289 29               [11] 2774 	add	hl, hl
    0000128A 19               [11] 2775 	add	hl, de
    0000128B 29               [11] 2776 	add	hl, hl
    0000128C 19               [11] 2777 	add	hl, de
    0000128D D1               [10] 2778 	pop	de
    0000128E 44               [ 4] 2779 	ld	b, h
    0000128F FD 21r00r00      [14] 2780 	ld	iy, #_SwSprite
    00001293 C5               [11] 2781 	push	bc
    00001294 4D               [ 4] 2782 	ld	c, l
    00001295 FD 09            [15] 2783 	add	iy, bc
    00001297 C1               [10] 2784 	pop	bc
    00001298 FD E5            [15] 2785 	push	iy
    0000129A E1               [10] 2786 	pop	hl
    0000129B C5               [11] 2787 	push	bc
    0000129C 01 12 00         [10] 2788 	ld	bc, #0x0012
    0000129F 09               [11] 2789 	add	hl, bc
    000012A0 C1               [10] 2790 	pop	bc
    000012A1 7E               [ 7] 2791 	ld	a, (hl)
    000012A2 B7               [ 4] 2792 	or	a, a
    000012A3 20 3A            [12] 2793 	jr	NZ, 00274$
                                   2794 ;E:\Dropbox\FAUSTO\SVILUPPI\MSX\CODE\C\MSXgl\projects\soccerlgMSX2/soccerlg_s9_b3.c:323: touch_dist_y = 9;
    000012A5 0E 09            [ 7] 2795 	ld	c, #0x09
                                   2796 ;E:\Dropbox\FAUSTO\SVILUPPI\MSX\CODE\C\MSXgl\projects\soccerlgMSX2/soccerlg_s9_b3.c:324: eff_dist_y = (Carrier->ly >= SwSprite[LastTouchPlayer].ly) ?
    000012A7 FD 7E 04         [19] 2797 	ld	a, 4 (iy)
    000012AA DD 77 CF         [19] 2798 	ld	-49 (ix), a
    000012AD FD 7E 05         [19] 2799 	ld	a, 5 (iy)
    000012B0 DD 77 D0         [19] 2800 	ld	-48 (ix), a
    000012B3 DD 7E F1         [19] 2801 	ld	a, -15 (ix)
    000012B6 DD 96 CF         [19] 2802 	sub	a, -49 (ix)
    000012B9 DD 7E F2         [19] 2803 	ld	a, -14 (ix)
    000012BC DD 9E D0         [19] 2804 	sbc	a, -48 (ix)
    000012BF 38 10            [12] 2805 	jr	C, 00513$
                                   2806 ;E:\Dropbox\FAUSTO\SVILUPPI\MSX\CODE\C\MSXgl\projects\soccerlgMSX2/soccerlg_s9_b3.c:325: (u16)(Carrier->ly - SwSprite[LastTouchPlayer].ly) :
    000012C1 DD 7E F1         [19] 2807 	ld	a, -15 (ix)
    000012C4 DD 96 CF         [19] 2808 	sub	a, -49 (ix)
    000012C7 5F               [ 4] 2809 	ld	e, a
    000012C8 DD 7E F2         [19] 2810 	ld	a, -14 (ix)
    000012CB DD 9E D0         [19] 2811 	sbc	a, -48 (ix)
    000012CE C3rDEr12         [10] 2812 	jp	00514$
    000012D1                       2813 00513$:
                                   2814 ;E:\Dropbox\FAUSTO\SVILUPPI\MSX\CODE\C\MSXgl\projects\soccerlgMSX2/soccerlg_s9_b3.c:326: (u16)(SwSprite[LastTouchPlayer].ly - Carrier->ly);
    000012D1 DD 7E CF         [19] 2815 	ld	a, -49 (ix)
    000012D4 DD 96 F1         [19] 2816 	sub	a, -15 (ix)
    000012D7 5F               [ 4] 2817 	ld	e, a
    000012D8 DD 7E D0         [19] 2818 	ld	a, -48 (ix)
    000012DB DD 9E F2         [19] 2819 	sbc	a, -14 (ix)
    000012DE                       2820 00514$:
    000012DE 57               [ 4] 2821 	ld	d, a
    000012DF                       2822 00274$:
                                   2823 ;E:\Dropbox\FAUSTO\SVILUPPI\MSX\CODE\C\MSXgl\projects\soccerlgMSX2/soccerlg_s9_b3.c:331: bool actively_carried_by_opp = (g_is_ball_carried && LastTouchTeam != carrier_team && LastTouchTeam != 0xFF);
    000012DF 3Ar00r00         [13] 2824 	ld	a, (_g_is_ball_carried+0)
    000012E2 B7               [ 4] 2825 	or	a, a
    000012E3 28 0C            [12] 2826 	jr	Z, 00515$
    000012E5 DD CB F5 46      [20] 2827 	bit	0, -11 (ix)
    000012E9 20 06            [12] 2828 	jr	NZ, 00515$
    000012EB 3Ar00r00         [13] 2829 	ld	a, (_LastTouchTeam+0)
    000012EE 3C               [ 4] 2830 	inc	a
    000012EF 20 04            [12] 2831 	jr	NZ, 00516$
    000012F1                       2832 00515$:
    000012F1 AF               [ 4] 2833 	xor	a, a
    000012F2 C3rF7r12         [10] 2834 	jp	00517$
    000012F5                       2835 00516$:
    000012F5 3E 01            [ 7] 2836 	ld	a, #0x01
    000012F7                       2837 00517$:
    000012F7 DD 77 FA         [19] 2838 	ld	-6 (ix), a
                                   2839 ;E:\Dropbox\FAUSTO\SVILUPPI\MSX\CODE\C\MSXgl\projects\soccerlgMSX2/soccerlg_s9_b3.c:334: if (dist_x <= touch_dist && eff_dist_y <= touch_dist_y && Ball->anim < 5 && !is_immune && RestartType == 0 && !actively_carried_by_opp) {
                                   2840 ;	spillPairReg hl
                                   2841 ;	spillPairReg hl
                                   2842 ;	spillPairReg hl
                                   2843 ;	spillPairReg hl
    000012FA DD 7E F6         [19] 2844 	ld	a, -10 (ix)
    000012FD 26 00            [ 7] 2845 	ld	h, #0x00
    000012FF DD 96 EF         [19] 2846 	sub	a, -17 (ix)
    00001302 7C               [ 4] 2847 	ld	a, h
    00001303 DD 9E F0         [19] 2848 	sbc	a, -16 (ix)
    00001306 DAr0Dr1B         [10] 2849 	jp	C, 00394$
    00001309 06 00            [ 7] 2850 	ld	b, #0x00
    0000130B 79               [ 4] 2851 	ld	a, c
    0000130C 93               [ 4] 2852 	sub	a, e
    0000130D 78               [ 4] 2853 	ld	a, b
    0000130E 9A               [ 4] 2854 	sbc	a, d
    0000130F DAr0Dr1B         [10] 2855 	jp	C, 00394$
    00001312 2Ar55r01         [16] 2856 	ld	hl, (#(_SwSprite + 341) + 0)
    00001315 11 05 00         [10] 2857 	ld	de, #0x0005
    00001318 BF               [ 4] 2858 	cp	a, a
    00001319 ED 52            [15] 2859 	sbc	hl, de
    0000131B D2r0Dr1B         [10] 2860 	jp	NC, 00394$
    0000131E DD 7E F9         [19] 2861 	ld	a, -7 (ix)
    00001321 B7               [ 4] 2862 	or	a, a
    00001322 C2r0Dr1B         [10] 2863 	jp	NZ, 00394$
    00001325 3Ar00r00         [13] 2864 	ld	a, (_RestartType+0)
    00001328 B7               [ 4] 2865 	or	a, a
    00001329 C2r0Dr1B         [10] 2866 	jp	NZ, 00394$
    0000132C DD 7E FA         [19] 2867 	ld	a, -6 (ix)
    0000132F B7               [ 4] 2868 	or	a, a
    00001330 C2r0Dr1B         [10] 2869 	jp	NZ, 00394$
                                   2870 ;E:\Dropbox\FAUSTO\SVILUPPI\MSX\CODE\C\MSXgl\projects\soccerlgMSX2/soccerlg_s9_b3.c:335: if (LastTouchTeam != carrier_team) {
    00001333 DD CB F5 46      [20] 2871 	bit	0, -11 (ix)
    00001337 20 09            [12] 2872 	jr	NZ, 00281$
                                   2873 ;E:\Dropbox\FAUSTO\SVILUPPI\MSX\CODE\C\MSXgl\projects\soccerlgMSX2/soccerlg_s9_b3.c:336: Ball->count = 30; // Immunità aumentata
    00001339 21 1E 00         [10] 2874 	ld	hl, #0x001e
    0000133C 22r57r01         [16] 2875 	ld	((_SwSprite + 343)), hl
    0000133F C3r50r13         [10] 2876 	jp	00282$
    00001342                       2877 00281$:
                                   2878 ;E:\Dropbox\FAUSTO\SVILUPPI\MSX\CODE\C\MSXgl\projects\soccerlgMSX2/soccerlg_s9_b3.c:337: } else if (LastTouchPlayer != carrier) {
    00001342 3Ar00r00         [13] 2879 	ld	a, (_LastTouchPlayer+0)
    00001345 DD 96 DB         [19] 2880 	sub	a, -37 (ix)
    00001348 28 06            [12] 2881 	jr	Z, 00282$
                                   2882 ;E:\Dropbox\FAUSTO\SVILUPPI\MSX\CODE\C\MSXgl\projects\soccerlgMSX2/soccerlg_s9_b3.c:338: Ball->count = 20; // Immunità alla ricezione del passaggio
    0000134A 21 14 00         [10] 2883 	ld	hl, #0x0014
    0000134D 22r57r01         [16] 2884 	ld	((_SwSprite + 343)), hl
    00001350                       2885 00282$:
                                   2886 ;E:\Dropbox\FAUSTO\SVILUPPI\MSX\CODE\C\MSXgl\projects\soccerlgMSX2/soccerlg_s9_b3.c:340: LastTouchTeam = (carrier < 7) ? TEAM_1 : TEAM_2;
    00001350 DD 7E E2         [19] 2887 	ld	a, -30 (ix)
    00001353 B7               [ 4] 2888 	or	a, a
    00001354 28 0A            [12] 2889 	jr	Z, 00521$
    00001356 AF               [ 4] 2890 	xor	a, a
    00001357 DD 77 F9         [19] 2891 	ld	-7 (ix), a
    0000135A DD 77 FA         [19] 2892 	ld	-6 (ix), a
    0000135D C3r68r13         [10] 2893 	jp	00522$
    00001360                       2894 00521$:
    00001360 DD 36 F9 01      [19] 2895 	ld	-7 (ix), #0x01
    00001364 DD 36 FA 00      [19] 2896 	ld	-6 (ix), #0
    00001368                       2897 00522$:
    00001368 DD 7E F9         [19] 2898 	ld	a, -7 (ix)
    0000136B 32r00r00         [13] 2899 	ld	(_LastTouchTeam+0), a
                                   2900 ;E:\Dropbox\FAUSTO\SVILUPPI\MSX\CODE\C\MSXgl\projects\soccerlgMSX2/soccerlg_s9_b3.c:341: LastTouchPlayer = carrier;
    0000136E DD 7E DB         [19] 2901 	ld	a, -37 (ix)
    00001371 32r00r00         [13] 2902 	ld	(_LastTouchPlayer+0), a
                                   2903 ;E:\Dropbox\FAUSTO\SVILUPPI\MSX\CODE\C\MSXgl\projects\soccerlgMSX2/soccerlg_s9_b3.c:342: Ball->frame = SPR_BALL_SIZE_1; // Assicura che la palla sia a terra quando tra i piedi
    00001374 21 60 00         [10] 2904 	ld	hl, #0x0060
    00001377 22r51r01         [16] 2905 	ld	((_SwSprite + 337)), hl
                                   2906 ;E:\Dropbox\FAUSTO\SVILUPPI\MSX\CODE\C\MSXgl\projects\soccerlgMSX2/soccerlg_s9_b3.c:343: g_pass_receiver = 0xFF; // Resetta il ricevitore adesso che ha palla
    0000137A 21r00r00         [10] 2907 	ld	hl, #_g_pass_receiver
    0000137D 36 FF            [10] 2908 	ld	(hl), #0xff
                                   2909 ;E:\Dropbox\FAUSTO\SVILUPPI\MSX\CODE\C\MSXgl\projects\soccerlgMSX2/soccerlg_s9_b3.c:286: if (Carrier->dx != 0 || Carrier->dy != 0) {
    0000137F DD 6E E6         [19] 2910 	ld	l, -26 (ix)
    00001382 DD 66 E7         [19] 2911 	ld	h, -25 (ix)
    00001385 4E               [ 7] 2912 	ld	c, (hl)
    00001386 DD 6E E8         [19] 2913 	ld	l, -24 (ix)
    00001389 DD 66 E9         [19] 2914 	ld	h, -23 (ix)
    0000138C 7E               [ 7] 2915 	ld	a, (hl)
    0000138D DD 77 FA         [19] 2916 	ld	-6 (ix), a
                                   2917 ;E:\Dropbox\FAUSTO\SVILUPPI\MSX\CODE\C\MSXgl\projects\soccerlgMSX2/soccerlg_s9_b3.c:347: if (Carrier->dx != 0 || Carrier->dy != 0) {
    00001390 79               [ 4] 2918 	ld	a, c
    00001391 B7               [ 4] 2919 	or	a, a
    00001392 20 06            [12] 2920 	jr	NZ, 00283$
    00001394 DD 7E FA         [19] 2921 	ld	a, -6 (ix)
    00001397 B7               [ 4] 2922 	or	a, a
    00001398 28 47            [12] 2923 	jr	Z, 00284$
    0000139A                       2924 00283$:
                                   2925 ;E:\Dropbox\FAUSTO\SVILUPPI\MSX\CODE\C\MSXgl\projects\soccerlgMSX2/soccerlg_s9_b3.c:348: c_dx = (Carrier->dx > 0) ? 1 : ((Carrier->dx < 0) ? -1 : 0);
    0000139A AF               [ 4] 2926 	xor	a, a
    0000139B 91               [ 4] 2927 	sub	a, c
    0000139C E2rA1r13         [10] 2928 	jp	PO, 01875$
    0000139F EE 80            [ 7] 2929 	xor	a, #0x80
    000013A1                       2930 01875$:
    000013A1 F2rAAr13         [10] 2931 	jp	P, 00523$
    000013A4 01 01 00         [10] 2932 	ld	bc, #0x0001
    000013A7 C3rB7r13         [10] 2933 	jp	00524$
    000013AA                       2934 00523$:
    000013AA CB 79            [ 8] 2935 	bit	7, c
    000013AC 28 06            [12] 2936 	jr	Z, 00525$
    000013AE 01 FF FF         [10] 2937 	ld	bc, #0xffff
    000013B1 C3rB7r13         [10] 2938 	jp	00526$
    000013B4                       2939 00525$:
    000013B4 01 00 00         [10] 2940 	ld	bc, #0x0000
    000013B7                       2941 00526$:
    000013B7                       2942 00524$:
    000013B7 DD 71 F9         [19] 2943 	ld	-7 (ix), c
                                   2944 ;E:\Dropbox\FAUSTO\SVILUPPI\MSX\CODE\C\MSXgl\projects\soccerlgMSX2/soccerlg_s9_b3.c:349: c_dy = (Carrier->dy > 0) ? 1 : ((Carrier->dy < 0) ? -1 : 0);
    000013BA AF               [ 4] 2945 	xor	a, a
    000013BB DD 96 FA         [19] 2946 	sub	a, -6 (ix)
    000013BE E2rC3r13         [10] 2947 	jp	PO, 01876$
    000013C1 EE 80            [ 7] 2948 	xor	a, #0x80
    000013C3                       2949 01876$:
    000013C3 F2rCCr13         [10] 2950 	jp	P, 00527$
    000013C6 01 01 00         [10] 2951 	ld	bc, #0x0001
    000013C9 C3rDBr13         [10] 2952 	jp	00528$
    000013CC                       2953 00527$:
    000013CC DD CB FA 7E      [20] 2954 	bit	7, -6 (ix)
    000013D0 28 06            [12] 2955 	jr	Z, 00529$
    000013D2 01 FF FF         [10] 2956 	ld	bc, #0xffff
    000013D5 C3rDBr13         [10] 2957 	jp	00530$
    000013D8                       2958 00529$:
    000013D8 01 00 00         [10] 2959 	ld	bc, #0x0000
    000013DB                       2960 00530$:
    000013DB                       2961 00528$:
    000013DB DD 71 FA         [19] 2962 	ld	-6 (ix), c
    000013DE C3r39r14         [10] 2963 	jp	00285$
    000013E1                       2964 00284$:
                                   2965 ;E:\Dropbox\FAUSTO\SVILUPPI\MSX\CODE\C\MSXgl\projects\soccerlgMSX2/soccerlg_s9_b3.c:352: c_dx = (g_last_dx[i] > 0) ? 1 : ((g_last_dx[i] < 0) ? -1 : 0);
    000013E1 3Er00            [ 7] 2966 	ld	a, #<(_g_last_dx)
    000013E3 DD 86 FF         [19] 2967 	add	a, -1 (ix)
    000013E6 6F               [ 4] 2968 	ld	l, a
                                   2969 ;	spillPairReg hl
                                   2970 ;	spillPairReg hl
    000013E7 3Es00            [ 7] 2971 	ld	a, #>(_g_last_dx)
    000013E9 CE 00            [ 7] 2972 	adc	a, #0x00
    000013EB 67               [ 4] 2973 	ld	h, a
    000013EC 4E               [ 7] 2974 	ld	c, (hl)
    000013ED AF               [ 4] 2975 	xor	a, a
    000013EE 91               [ 4] 2976 	sub	a, c
    000013EF E2rF4r13         [10] 2977 	jp	PO, 01877$
    000013F2 EE 80            [ 7] 2978 	xor	a, #0x80
    000013F4                       2979 01877$:
    000013F4 F2rFDr13         [10] 2980 	jp	P, 00531$
    000013F7 01 01 00         [10] 2981 	ld	bc, #0x0001
    000013FA C3r0Ar14         [10] 2982 	jp	00532$
    000013FD                       2983 00531$:
    000013FD CB 79            [ 8] 2984 	bit	7, c
    000013FF 28 06            [12] 2985 	jr	Z, 00533$
    00001401 01 FF FF         [10] 2986 	ld	bc, #0xffff
    00001404 C3r0Ar14         [10] 2987 	jp	00534$
    00001407                       2988 00533$:
    00001407 01 00 00         [10] 2989 	ld	bc, #0x0000
    0000140A                       2990 00534$:
    0000140A                       2991 00532$:
    0000140A DD 71 F9         [19] 2992 	ld	-7 (ix), c
                                   2993 ;E:\Dropbox\FAUSTO\SVILUPPI\MSX\CODE\C\MSXgl\projects\soccerlgMSX2/soccerlg_s9_b3.c:353: c_dy = (g_last_dy[i] > 0) ? 1 : ((g_last_dy[i] < 0) ? -1 : 0);
    0000140D 3Er00            [ 7] 2994 	ld	a, #<(_g_last_dy)
    0000140F DD 86 FF         [19] 2995 	add	a, -1 (ix)
    00001412 6F               [ 4] 2996 	ld	l, a
                                   2997 ;	spillPairReg hl
                                   2998 ;	spillPairReg hl
    00001413 3Es00            [ 7] 2999 	ld	a, #>(_g_last_dy)
    00001415 CE 00            [ 7] 3000 	adc	a, #0x00
    00001417 67               [ 4] 3001 	ld	h, a
    00001418 4E               [ 7] 3002 	ld	c, (hl)
    00001419 AF               [ 4] 3003 	xor	a, a
    0000141A 91               [ 4] 3004 	sub	a, c
    0000141B E2r20r14         [10] 3005 	jp	PO, 01878$
    0000141E EE 80            [ 7] 3006 	xor	a, #0x80
    00001420                       3007 01878$:
    00001420 F2r29r14         [10] 3008 	jp	P, 00535$
    00001423 01 01 00         [10] 3009 	ld	bc, #0x0001
    00001426 C3r36r14         [10] 3010 	jp	00536$
    00001429                       3011 00535$:
    00001429 CB 79            [ 8] 3012 	bit	7, c
    0000142B 28 06            [12] 3013 	jr	Z, 00537$
    0000142D 01 FF FF         [10] 3014 	ld	bc, #0xffff
    00001430 C3r36r14         [10] 3015 	jp	00538$
    00001433                       3016 00537$:
    00001433 01 00 00         [10] 3017 	ld	bc, #0x0000
    00001436                       3018 00538$:
    00001436                       3019 00536$:
    00001436 DD 71 FA         [19] 3020 	ld	-6 (ix), c
    00001439                       3021 00285$:
                                   3022 ;E:\Dropbox\FAUSTO\SVILUPPI\MSX\CODE\C\MSXgl\projects\soccerlgMSX2/soccerlg_s9_b3.c:355: receivers[i] = (u8)CallFnc_U16_P4B(SEG_HELPERS, FindReceiver, carrier, 0xFF, c_dx, c_dy);
    00001439 DD 5E FF         [19] 3023 	ld	e, -1 (ix)
    0000143C 16 00            [ 7] 3024 	ld	d, #0x00
    0000143E 21 04 00         [10] 3025 	ld	hl, #4
    00001441 39               [11] 3026 	add	hl, sp
    00001442 19               [11] 3027 	add	hl, de
    00001443 DD 75 F7         [19] 3028 	ld	-9 (ix), l
    00001446 DD 74 F8         [19] 3029 	ld	-8 (ix), h
    00001449 DD 7E FA         [19] 3030 	ld	a, -6 (ix)
    0000144C F5               [11] 3031 	push	af
    0000144D 33               [ 6] 3032 	inc	sp
    0000144E DD 66 F9         [19] 3033 	ld	h, -7 (ix)
    00001451 2E FF            [ 7] 3034 	ld	l, #0xff
    00001453 E5               [11] 3035 	push	hl
    00001454 DD 7E DB         [19] 3036 	ld	a, -37 (ix)
    00001457 F5               [11] 3037 	push	af
    00001458 33               [ 6] 3038 	inc	sp
    00001459 11r00r00         [10] 3039 	ld	de, #_FindReceiver
    0000145C 3E 14            [ 7] 3040 	ld	a, #0x14
    0000145E CDr00r00         [17] 3041 	call	_CallFnc_U16_P4B
    00001461 DD 6E F7         [19] 3042 	ld	l, -9 (ix)
    00001464 DD 66 F8         [19] 3043 	ld	h, -8 (ix)
    00001467 73               [ 7] 3044 	ld	(hl), e
                                   3045 ;E:\Dropbox\FAUSTO\SVILUPPI\MSX\CODE\C\MSXgl\projects\soccerlgMSX2/soccerlg_s9_b3.c:358: bool action_taken = FALSE;
    00001468 DD 36 F6 00      [19] 3046 	ld	-10 (ix), #0x00
                                   3047 ;E:\Dropbox\FAUSTO\SVILUPPI\MSX\CODE\C\MSXgl\projects\soccerlgMSX2/soccerlg_s9_b3.c:359: if (trigger_pressed) {						
    0000146C DD 7E DE         [19] 3048 	ld	a, -34 (ix)
    0000146F B7               [ 4] 3049 	or	a, a
    00001470 CAr7Dr18         [10] 3050 	jp	Z, 00336$
                                   3051 ;E:\Dropbox\FAUSTO\SVILUPPI\MSX\CODE\C\MSXgl\projects\soccerlgMSX2/soccerlg_s9_b3.c:360: bool is_shooting = FALSE;
    00001473 DD 36 F4 00      [19] 3052 	ld	-12 (ix), #0x00
                                   3053 ;E:\Dropbox\FAUSTO\SVILUPPI\MSX\CODE\C\MSXgl\projects\soccerlgMSX2/soccerlg_s9_b3.c:361: u8 dir = g_player_input[i].direction;
    00001477 DD 6E DC         [19] 3054 	ld	l, -36 (ix)
    0000147A DD 66 DD         [19] 3055 	ld	h, -35 (ix)
    0000147D 7E               [ 7] 3056 	ld	a, (hl)
    0000147E DD 77 F5         [19] 3057 	ld	-11 (ix), a
                                   3058 ;E:\Dropbox\FAUSTO\SVILUPPI\MSX\CODE\C\MSXgl\projects\soccerlgMSX2/soccerlg_s9_b3.c:365: if (i == 1 && Carrier->ly < 256 && Field.ly == 0) {
    00001481 DD 7E DF         [19] 3059 	ld	a, -33 (ix)
    00001484 B7               [ 4] 3060 	or	a, a
    00001485 28 35            [12] 3061 	jr	Z, 00301$
    00001487 DD 6E EA         [19] 3062 	ld	l, -22 (ix)
    0000148A DD 66 EB         [19] 3063 	ld	h, -21 (ix)
    0000148D 7E               [ 7] 3064 	ld	a, (hl)
    0000148E DD 77 F2         [19] 3065 	ld	-14 (ix), a
    00001491 23               [ 6] 3066 	inc	hl
    00001492 7E               [ 7] 3067 	ld	a, (hl)
    00001493 DD 77 F3         [19] 3068 	ld	-13 (ix), a
    00001496 D6 01            [ 7] 3069 	sub	a, #0x01
    00001498 30 22            [12] 3070 	jr	NC, 00301$
    0000149A 2Ar04r00         [16] 3071 	ld	hl, (#(_Field + 4) + 0)
    0000149D 7C               [ 4] 3072 	ld	a, h
    0000149E B5               [ 4] 3073 	or	a, l
    0000149F 20 1B            [12] 3074 	jr	NZ, 00301$
                                   3075 ;E:\Dropbox\FAUSTO\SVILUPPI\MSX\CODE\C\MSXgl\projects\soccerlgMSX2/soccerlg_s9_b3.c:366: if (dir == DIRECTION_UP || dir == DIRECTION_UP_LEFT || dir == DIRECTION_UP_RIGHT) {
    000014A1 DD 7E F5         [19] 3076 	ld	a, -11 (ix)
    000014A4 3D               [ 4] 3077 	dec	a
    000014A5 28 0E            [12] 3078 	jr	Z, 00287$
    000014A7 DD 7E F5         [19] 3079 	ld	a, -11 (ix)
    000014AA D6 08            [ 7] 3080 	sub	a, #0x08
    000014AC 28 07            [12] 3081 	jr	Z, 00287$
    000014AE DD 7E F5         [19] 3082 	ld	a, -11 (ix)
    000014B1 D6 02            [ 7] 3083 	sub	a, #0x02
    000014B3 20 47            [12] 3084 	jr	NZ, 00302$
    000014B5                       3085 00287$:
                                   3086 ;E:\Dropbox\FAUSTO\SVILUPPI\MSX\CODE\C\MSXgl\projects\soccerlgMSX2/soccerlg_s9_b3.c:367: is_shooting = TRUE;
    000014B5 DD 36 F4 01      [19] 3087 	ld	-12 (ix), #0x01
    000014B9 C3rFCr14         [10] 3088 	jp	00302$
    000014BC                       3089 00301$:
                                   3090 ;E:\Dropbox\FAUSTO\SVILUPPI\MSX\CODE\C\MSXgl\projects\soccerlgMSX2/soccerlg_s9_b3.c:371: else if (i == 0 && GameMode == GAMEMODE_P1_VS_P2 && Carrier->ly > 256 && Field.ly == (FIELD_HEIGHT - 192)) {
    000014BC DD 7E FF         [19] 3091 	ld	a, -1 (ix)
    000014BF B7               [ 4] 3092 	or	a, a
    000014C0 20 3A            [12] 3093 	jr	NZ, 00302$
    000014C2 3Ar00r00         [13] 3094 	ld	a, (_GameMode+0)
    000014C5 3D               [ 4] 3095 	dec	a
    000014C6 20 34            [12] 3096 	jr	NZ, 00302$
    000014C8 DD 6E EA         [19] 3097 	ld	l, -22 (ix)
    000014CB DD 66 EB         [19] 3098 	ld	h, -21 (ix)
    000014CE 4E               [ 7] 3099 	ld	c, (hl)
    000014CF 23               [ 6] 3100 	inc	hl
    000014D0 46               [ 7] 3101 	ld	b, (hl)
    000014D1 AF               [ 4] 3102 	xor	a, a
    000014D2 B9               [ 4] 3103 	cp	a, c
    000014D3 3E 01            [ 7] 3104 	ld	a, #0x01
    000014D5 98               [ 4] 3105 	sbc	a, b
    000014D6 30 24            [12] 3106 	jr	NC, 00302$
    000014D8 2Ar04r00         [16] 3107 	ld	hl, (#(_Field + 4) + 0)
    000014DB 7D               [ 4] 3108 	ld	a, l
    000014DC D6 40            [ 7] 3109 	sub	a, #0x40
    000014DE 20 1C            [12] 3110 	jr	NZ, 00302$
    000014E0 25               [ 4] 3111 	dec	h
    000014E1 20 19            [12] 3112 	jr	NZ, 00302$
                                   3113 ;E:\Dropbox\FAUSTO\SVILUPPI\MSX\CODE\C\MSXgl\projects\soccerlgMSX2/soccerlg_s9_b3.c:372: if (dir == DIRECTION_DOWN || dir == DIRECTION_DOWN_LEFT || dir == DIRECTION_DOWN_RIGHT) {
    000014E3 DD 7E F5         [19] 3114 	ld	a, -11 (ix)
    000014E6 D6 05            [ 7] 3115 	sub	a, #0x05
    000014E8 28 0E            [12] 3116 	jr	Z, 00291$
    000014EA DD 7E F5         [19] 3117 	ld	a, -11 (ix)
    000014ED D6 06            [ 7] 3118 	sub	a, #0x06
    000014EF 28 07            [12] 3119 	jr	Z, 00291$
    000014F1 DD 7E F5         [19] 3120 	ld	a, -11 (ix)
    000014F4 D6 04            [ 7] 3121 	sub	a, #0x04
    000014F6 20 04            [12] 3122 	jr	NZ, 00302$
    000014F8                       3123 00291$:
                                   3124 ;E:\Dropbox\FAUSTO\SVILUPPI\MSX\CODE\C\MSXgl\projects\soccerlgMSX2/soccerlg_s9_b3.c:373: is_shooting = TRUE;
    000014F8 DD 36 F4 01      [19] 3125 	ld	-12 (ix), #0x01
    000014FC                       3126 00302$:
                                   3127 ;E:\Dropbox\FAUSTO\SVILUPPI\MSX\CODE\C\MSXgl\projects\soccerlgMSX2/soccerlg_s9_b3.c:377: if (is_shooting) {
    000014FC DD 7E F4         [19] 3128 	ld	a, -12 (ix)
    000014FF B7               [ 4] 3129 	or	a, a
    00001500 CAr42r16         [10] 3130 	jp	Z, 00333$
                                   3131 ;E:\Dropbox\FAUSTO\SVILUPPI\MSX\CODE\C\MSXgl\projects\soccerlgMSX2/soccerlg_s9_b3.c:378: action_taken = TRUE;
    00001503 DD 36 F6 01      [19] 3132 	ld	-10 (ix), #0x01
                                   3133 ;E:\Dropbox\FAUSTO\SVILUPPI\MSX\CODE\C\MSXgl\projects\soccerlgMSX2/soccerlg_s9_b3.c:379: Ball->anim = 0; Ball->count = 0;
    00001507 21 00 00         [10] 3134 	ld	hl, #0x0000
    0000150A 22r55r01         [16] 3135 	ld	((_SwSprite + 341)), hl
    0000150D 22r57r01         [16] 3136 	ld	((_SwSprite + 343)), hl
                                   3137 ;E:\Dropbox\FAUSTO\SVILUPPI\MSX\CODE\C\MSXgl\projects\soccerlgMSX2/soccerlg_s9_b3.c:380: g_pass_receiver = 0xFF; 
    00001510 21r00r00         [10] 3138 	ld	hl, #_g_pass_receiver
    00001513 36 FF            [10] 3139 	ld	(hl), #0xff
                                   3140 ;E:\Dropbox\FAUSTO\SVILUPPI\MSX\CODE\C\MSXgl\projects\soccerlgMSX2/soccerlg_s9_b3.c:382: g_pass_start_x = Carrier->lx;
    00001515 DD 6E E0         [19] 3141 	ld	l, -32 (ix)
    00001518 DD 66 E1         [19] 3142 	ld	h, -31 (ix)
    0000151B 7E               [ 7] 3143 	ld	a, (hl)
    0000151C 32r00r00         [13] 3144 	ld	(_g_pass_start_x+0), a
    0000151F 21r01r00         [10] 3145 	ld	hl, #_g_pass_start_x + 1
    00001522 36 00            [10] 3146 	ld	(hl), #0x00
                                   3147 ;E:\Dropbox\FAUSTO\SVILUPPI\MSX\CODE\C\MSXgl\projects\soccerlgMSX2/soccerlg_s9_b3.c:383: g_pass_start_y = Carrier->ly;
    00001524 DD 6E EA         [19] 3148 	ld	l, -22 (ix)
    00001527 DD 66 EB         [19] 3149 	ld	h, -21 (ix)
    0000152A 7E               [ 7] 3150 	ld	a, (hl)
    0000152B 23               [ 6] 3151 	inc	hl
    0000152C 32r00r00         [13] 3152 	ld	(_g_pass_start_y+0), a
    0000152F 7E               [ 7] 3153 	ld	a, (hl)
    00001530 32r01r00         [13] 3154 	ld	(_g_pass_start_y+1), a
                                   3155 ;E:\Dropbox\FAUSTO\SVILUPPI\MSX\CODE\C\MSXgl\projects\soccerlgMSX2/soccerlg_s9_b3.c:385: g_pass_target_x = g_h_arrow_x; // Direzione della freccia
    00001533 2Ar00r00         [16] 3156 	ld	hl, (_g_h_arrow_x)
    00001536 22r00r00         [16] 3157 	ld	(_g_pass_target_x), hl
                                   3158 ;E:\Dropbox\FAUSTO\SVILUPPI\MSX\CODE\C\MSXgl\projects\soccerlgMSX2/soccerlg_s9_b3.c:386: g_pass_target_y = (i == 1) ? 16 : 496; // Dentro la porta
    00001539 DD 7E DF         [19] 3159 	ld	a, -33 (ix)
    0000153C B7               [ 4] 3160 	or	a, a
    0000153D 28 06            [12] 3161 	jr	Z, 00539$
    0000153F 11 10 00         [10] 3162 	ld	de, #0x0010
    00001542 C3r48r15         [10] 3163 	jp	00540$
    00001545                       3164 00539$:
    00001545 11 F0 01         [10] 3165 	ld	de, #0x01f0
    00001548                       3166 00540$:
    00001548 ED 53r00r00      [20] 3167 	ld	(_g_pass_target_y), de
                                   3168 ;E:\Dropbox\FAUSTO\SVILUPPI\MSX\CODE\C\MSXgl\projects\soccerlgMSX2/soccerlg_s9_b3.c:388: u16 r_dx = (g_pass_target_x > g_pass_start_x) ? (g_pass_target_x - g_pass_start_x) : (g_pass_start_x - g_pass_target_x);
    0000154C 21r00r00         [10] 3169 	ld	hl, #_g_pass_start_x
    0000154F 7E               [ 7] 3170 	ld	a, (hl)
    00001550 FD 21r00r00      [14] 3171 	ld	iy, #_g_pass_target_x
    00001554 FD 96 00         [19] 3172 	sub	a, 0 (iy)
    00001557 23               [ 6] 3173 	inc	hl
    00001558 7E               [ 7] 3174 	ld	a, (hl)
    00001559 FD 9E 01         [19] 3175 	sbc	a, 1 (iy)
    0000155C 30 15            [12] 3176 	jr	NC, 00541$
    0000155E 21r00r00         [10] 3177 	ld	hl, #_g_pass_start_x
    00001561 3Ar00r00         [13] 3178 	ld	a, (_g_pass_target_x+0)
    00001564 96               [ 7] 3179 	sub	a, (hl)
    00001565 DD 77 F7         [19] 3180 	ld	-9 (ix), a
    00001568 23               [ 6] 3181 	inc	hl
    00001569 3Ar01r00         [13] 3182 	ld	a, (_g_pass_target_x+1)
    0000156C 9E               [ 7] 3183 	sbc	a, (hl)
    0000156D DD 77 F8         [19] 3184 	ld	-8 (ix), a
    00001570 C3r85r15         [10] 3185 	jp	00542$
    00001573                       3186 00541$:
    00001573 21r00r00         [10] 3187 	ld	hl, #_g_pass_target_x
    00001576 3Ar00r00         [13] 3188 	ld	a, (_g_pass_start_x+0)
    00001579 96               [ 7] 3189 	sub	a, (hl)
    0000157A DD 77 F7         [19] 3190 	ld	-9 (ix), a
    0000157D 23               [ 6] 3191 	inc	hl
    0000157E 3Ar01r00         [13] 3192 	ld	a, (_g_pass_start_x+1)
    00001581 9E               [ 7] 3193 	sbc	a, (hl)
    00001582 DD 77 F8         [19] 3194 	ld	-8 (ix), a
    00001585                       3195 00542$:
    00001585 DD 7E F7         [19] 3196 	ld	a, -9 (ix)
    00001588 DD 77 F2         [19] 3197 	ld	-14 (ix), a
    0000158B DD 7E F8         [19] 3198 	ld	a, -8 (ix)
    0000158E DD 77 F3         [19] 3199 	ld	-13 (ix), a
                                   3200 ;E:\Dropbox\FAUSTO\SVILUPPI\MSX\CODE\C\MSXgl\projects\soccerlgMSX2/soccerlg_s9_b3.c:389: u16 r_dy = (g_pass_target_y > g_pass_start_y) ? (g_pass_target_y - g_pass_start_y) : (g_pass_start_y - g_pass_target_y);
    00001591 21r00r00         [10] 3201 	ld	hl, #_g_pass_start_y
    00001594 7E               [ 7] 3202 	ld	a, (hl)
    00001595 FD 21r00r00      [14] 3203 	ld	iy, #_g_pass_target_y
    00001599 FD 96 00         [19] 3204 	sub	a, 0 (iy)
    0000159C 23               [ 6] 3205 	inc	hl
    0000159D 7E               [ 7] 3206 	ld	a, (hl)
    0000159E FD 9E 01         [19] 3207 	sbc	a, 1 (iy)
    000015A1 30 15            [12] 3208 	jr	NC, 00543$
    000015A3 21r00r00         [10] 3209 	ld	hl, #_g_pass_start_y
    000015A6 3Ar00r00         [13] 3210 	ld	a, (_g_pass_target_y+0)
    000015A9 96               [ 7] 3211 	sub	a, (hl)
    000015AA DD 77 F7         [19] 3212 	ld	-9 (ix), a
    000015AD 23               [ 6] 3213 	inc	hl
    000015AE 3Ar01r00         [13] 3214 	ld	a, (_g_pass_target_y+1)
    000015B1 9E               [ 7] 3215 	sbc	a, (hl)
    000015B2 DD 77 F8         [19] 3216 	ld	-8 (ix), a
    000015B5 C3rCAr15         [10] 3217 	jp	00544$
    000015B8                       3218 00543$:
    000015B8 21r00r00         [10] 3219 	ld	hl, #_g_pass_target_y
    000015BB 3Ar00r00         [13] 3220 	ld	a, (_g_pass_start_y+0)
    000015BE 96               [ 7] 3221 	sub	a, (hl)
    000015BF DD 77 F7         [19] 3222 	ld	-9 (ix), a
    000015C2 23               [ 6] 3223 	inc	hl
    000015C3 3Ar01r00         [13] 3224 	ld	a, (_g_pass_start_y+1)
    000015C6 9E               [ 7] 3225 	sbc	a, (hl)
    000015C7 DD 77 F8         [19] 3226 	ld	-8 (ix), a
    000015CA                       3227 00544$:
    000015CA DD 7E F7         [19] 3228 	ld	a, -9 (ix)
    000015CD DD 77 F4         [19] 3229 	ld	-12 (ix), a
    000015D0 DD 7E F8         [19] 3230 	ld	a, -8 (ix)
    000015D3 DD 77 F5         [19] 3231 	ld	-11 (ix), a
                                   3232 ;E:\Dropbox\FAUSTO\SVILUPPI\MSX\CODE\C\MSXgl\projects\soccerlgMSX2/soccerlg_s9_b3.c:391: g_pass_max_frames = (r_dx + r_dy) / 8; // Tiro potente e veloce
    000015D6 DD 7E F4         [19] 3233 	ld	a, -12 (ix)
    000015D9 DD 86 F2         [19] 3234 	add	a, -14 (ix)
    000015DC DD 77 F7         [19] 3235 	ld	-9 (ix), a
    000015DF DD 7E F5         [19] 3236 	ld	a, -11 (ix)
    000015E2 DD 8E F3         [19] 3237 	adc	a, -13 (ix)
    000015E5 DD 77 F8         [19] 3238 	ld	-8 (ix), a
    000015E8 DD CB F8 3E      [23] 3239 	srl	-8 (ix)
    000015EC DD CB F7 1E      [23] 3240 	rr	-9 (ix)
    000015F0 DD CB F8 3E      [23] 3241 	srl	-8 (ix)
    000015F4 DD CB F7 1E      [23] 3242 	rr	-9 (ix)
    000015F8 DD CB F8 3E      [23] 3243 	srl	-8 (ix)
    000015FC DD CB F7 1E      [23] 3244 	rr	-9 (ix)
    00001600 DD 7E F7         [19] 3245 	ld	a, -9 (ix)
                                   3246 ;E:\Dropbox\FAUSTO\SVILUPPI\MSX\CODE\C\MSXgl\projects\soccerlgMSX2/soccerlg_s9_b3.c:392: if (g_pass_max_frames < 10) g_pass_max_frames = 10;
    00001603 32r00r00         [13] 3247 	ld	(_g_pass_max_frames+0), a
    00001606 D6 0A            [ 7] 3248 	sub	a, #0x0a
    00001608 30 05            [12] 3249 	jr	NC, 00306$
    0000160A 21r00r00         [10] 3250 	ld	hl, #_g_pass_max_frames
    0000160D 36 0A            [10] 3251 	ld	(hl), #0x0a
    0000160F                       3252 00306$:
                                   3253 ;E:\Dropbox\FAUSTO\SVILUPPI\MSX\CODE\C\MSXgl\projects\soccerlgMSX2/soccerlg_s9_b3.c:393: if (g_pass_max_frames > 25) g_pass_max_frames = 25;
    0000160F 3E 19            [ 7] 3254 	ld	a, #0x19
    00001611 FD 21r00r00      [14] 3255 	ld	iy, #_g_pass_max_frames
    00001615 FD 96 00         [19] 3256 	sub	a, 0 (iy)
    00001618 30 04            [12] 3257 	jr	NC, 00308$
    0000161A FD 36 00 19      [19] 3258 	ld	0 (iy), #0x19
    0000161E                       3259 00308$:
                                   3260 ;E:\Dropbox\FAUSTO\SVILUPPI\MSX\CODE\C\MSXgl\projects\soccerlgMSX2/soccerlg_s9_b3.c:394: g_pass_max_height = 2; // Tiro rasoterra e limitato
    0000161E 21r00r00         [10] 3261 	ld	hl, #_g_pass_max_height
    00001621 36 02            [10] 3262 	ld	(hl), #0x02
                                   3263 ;E:\Dropbox\FAUSTO\SVILUPPI\MSX\CODE\C\MSXgl\projects\soccerlgMSX2/soccerlg_s9_b3.c:396: Ball->anim = 5;
    00001623 21 05 00         [10] 3264 	ld	hl, #0x0005
    00001626 22r55r01         [16] 3265 	ld	((_SwSprite + 341)), hl
                                   3266 ;E:\Dropbox\FAUSTO\SVILUPPI\MSX\CODE\C\MSXgl\projects\soccerlgMSX2/soccerlg_s9_b3.c:397: CallFnc_VOID(SEG_EVENTS, EventBallKicked);
    00001629 11r00r00         [10] 3267 	ld	de, #_EventBallKicked
    0000162C 3E 08            [ 7] 3268 	ld	a, #0x08
    0000162E CDr00r00         [17] 3269 	call	_CallFnc_VOID
                                   3270 ;E:\Dropbox\FAUSTO\SVILUPPI\MSX\CODE\C\MSXgl\projects\soccerlgMSX2/soccerlg_s9_b3.c:398: PlaySCCEvent(DANGER_KICK_BIN_SEG, DANGER_KICK_BIN_SIZE);
    00001631 21 01 00         [10] 3271 	ld	hl, #0x0001
    00001634 E5               [11] 3272 	push	hl
    00001635 21 80 2E         [10] 3273 	ld	hl, #0x2e80
    00001638 E5               [11] 3274 	push	hl
    00001639 21 9A 01         [10] 3275 	ld	hl, #0x019a
    0000163C CDr00r00         [17] 3276 	call	_PlaySCCEvent
    0000163F C3r7Dr18         [10] 3277 	jp	00336$
    00001642                       3278 00333$:
                                   3279 ;E:\Dropbox\FAUSTO\SVILUPPI\MSX\CODE\C\MSXgl\projects\soccerlgMSX2/soccerlg_s9_b3.c:401: u8 receiver = receivers[i];
    00001642 DD 6E F7         [19] 3280 	ld	l, -9 (ix)
    00001645 DD 66 F8         [19] 3281 	ld	h, -8 (ix)
    00001648 7E               [ 7] 3282 	ld	a, (hl)
                                   3283 ;E:\Dropbox\FAUSTO\SVILUPPI\MSX\CODE\C\MSXgl\projects\soccerlgMSX2/soccerlg_s9_b3.c:403: if (receiver != 0xFF) {
    00001649 DD 77 EF         [19] 3284 	ld	-17 (ix), a
    0000164C 3C               [ 4] 3285 	inc	a
    0000164D CAr7Dr18         [10] 3286 	jp	Z,00336$
                                   3287 ;E:\Dropbox\FAUSTO\SVILUPPI\MSX\CODE\C\MSXgl\projects\soccerlgMSX2/soccerlg_s9_b3.c:405: bool is_offside = FALSE;
    00001650 DD 36 F0 00      [19] 3288 	ld	-16 (ix), #0x00
                                   3289 ;E:\Dropbox\FAUSTO\SVILUPPI\MSX\CODE\C\MSXgl\projects\soccerlgMSX2/soccerlg_s9_b3.c:310: u16 dist_y = (Carrier->ly > Ball->ly) ? (Carrier->ly - Ball->ly) : (Ball->ly - Carrier->ly);
    00001654 DD 6E EA         [19] 3290 	ld	l, -22 (ix)
    00001657 DD 66 EB         [19] 3291 	ld	h, -21 (ix)
    0000165A 7E               [ 7] 3292 	ld	a, (hl)
    0000165B DD 77 F1         [19] 3293 	ld	-15 (ix), a
    0000165E 23               [ 6] 3294 	inc	hl
    0000165F 7E               [ 7] 3295 	ld	a, (hl)
    00001660 DD 77 F2         [19] 3296 	ld	-14 (ix), a
                                   3297 ;E:\Dropbox\FAUSTO\SVILUPPI\MSX\CODE\C\MSXgl\projects\soccerlgMSX2/soccerlg_s9_b3.c:409: if (SwSprite[receiver].ly < offside_line - 8 && SwSprite[receiver].ly < 256) is_offside = TRUE;
    00001663 DD 4E EF         [19] 3298 	ld	c, -17 (ix)
    00001666 06 00            [ 7] 3299 	ld	b, #0x00
    00001668 69               [ 4] 3300 	ld	l, c
    00001669 60               [ 4] 3301 	ld	h, b
    0000166A 29               [11] 3302 	add	hl, hl
    0000166B 29               [11] 3303 	add	hl, hl
    0000166C 09               [11] 3304 	add	hl, bc
    0000166D 29               [11] 3305 	add	hl, hl
    0000166E 09               [11] 3306 	add	hl, bc
    0000166F 29               [11] 3307 	add	hl, hl
    00001670 09               [11] 3308 	add	hl, bc
    00001671 DD 75 F7         [19] 3309 	ld	-9 (ix), l
    00001674 DD 74 F8         [19] 3310 	ld	-8 (ix), h
                                   3311 ;E:\Dropbox\FAUSTO\SVILUPPI\MSX\CODE\C\MSXgl\projects\soccerlgMSX2/soccerlg_s9_b3.c:422: g_pass_target_x = SwSprite[receiver].lx;
    00001677 3Er00            [ 7] 3312 	ld	a, #<(_SwSprite)
    00001679 DD 86 F7         [19] 3313 	add	a, -9 (ix)
    0000167C DD 77 F3         [19] 3314 	ld	-13 (ix), a
    0000167F 3Es00            [ 7] 3315 	ld	a, #>(_SwSprite)
    00001681 DD 8E F8         [19] 3316 	adc	a, -8 (ix)
    00001684 DD 77 F4         [19] 3317 	ld	-12 (ix), a
                                   3318 ;E:\Dropbox\FAUSTO\SVILUPPI\MSX\CODE\C\MSXgl\projects\soccerlgMSX2/soccerlg_s9_b3.c:409: if (SwSprite[receiver].ly < offside_line - 8 && SwSprite[receiver].ly < 256) is_offside = TRUE;
    00001687 DD 7E F3         [19] 3319 	ld	a, -13 (ix)
    0000168A C6 04            [ 7] 3320 	add	a, #0x04
    0000168C DD 77 F5         [19] 3321 	ld	-11 (ix), a
    0000168F DD 7E F4         [19] 3322 	ld	a, -12 (ix)
    00001692 CE 00            [ 7] 3323 	adc	a, #0x00
    00001694 DD 77 F6         [19] 3324 	ld	-10 (ix), a
    00001697 DD 6E F5         [19] 3325 	ld	l, -11 (ix)
    0000169A DD 66 F6         [19] 3326 	ld	h, -10 (ix)
    0000169D 7E               [ 7] 3327 	ld	a, (hl)
    0000169E DD 77 F7         [19] 3328 	ld	-9 (ix), a
    000016A1 23               [ 6] 3329 	inc	hl
    000016A2 7E               [ 7] 3330 	ld	a, (hl)
    000016A3 DD 77 F8         [19] 3331 	ld	-8 (ix), a
                                   3332 ;E:\Dropbox\FAUSTO\SVILUPPI\MSX\CODE\C\MSXgl\projects\soccerlgMSX2/soccerlg_s9_b3.c:406: if (i == 1) { // Team 2 (P1)
    000016A6 DD 7E DF         [19] 3333 	ld	a, -33 (ix)
    000016A9 B7               [ 4] 3334 	or	a, a
    000016AA 28 68            [12] 3335 	jr	Z, 00320$
                                   3336 ;E:\Dropbox\FAUSTO\SVILUPPI\MSX\CODE\C\MSXgl\projects\soccerlgMSX2/soccerlg_s9_b3.c:407: u16 offside_line = (SwSprite[1].ly < SwSprite[2].ly) ? SwSprite[1].ly : SwSprite[2].ly;
    000016AC ED 4Br1Br00      [20] 3337 	ld	bc, (#_SwSprite + 27)
    000016B0 ED 5Br32r00      [20] 3338 	ld	de, (#_SwSprite + 50)
    000016B4 79               [ 4] 3339 	ld	a, c
    000016B5 93               [ 4] 3340 	sub	a, e
    000016B6 78               [ 4] 3341 	ld	a, b
    000016B7 9A               [ 4] 3342 	sbc	a, d
    000016B8 30 02            [12] 3343 	jr	NC, 00545$
    000016BA 59               [ 4] 3344 	ld	e, c
    000016BB 50               [ 4] 3345 	ld	d, b
    000016BC                       3346 00545$:
    000016BC DD 73 ED         [19] 3347 	ld	-19 (ix), e
    000016BF DD 72 EE         [19] 3348 	ld	-18 (ix), d
                                   3349 ;E:\Dropbox\FAUSTO\SVILUPPI\MSX\CODE\C\MSXgl\projects\soccerlgMSX2/soccerlg_s9_b3.c:408: if (Carrier->ly < offside_line) offside_line = Carrier->ly; // Regola linea palla
    000016C2 DD 7E F1         [19] 3350 	ld	a, -15 (ix)
    000016C5 DD 96 ED         [19] 3351 	sub	a, -19 (ix)
    000016C8 DD 7E F2         [19] 3352 	ld	a, -14 (ix)
    000016CB DD 9E EE         [19] 3353 	sbc	a, -18 (ix)
    000016CE 30 0C            [12] 3354 	jr	NC, 00310$
    000016D0 DD 7E F1         [19] 3355 	ld	a, -15 (ix)
    000016D3 DD 77 ED         [19] 3356 	ld	-19 (ix), a
    000016D6 DD 7E F2         [19] 3357 	ld	a, -14 (ix)
    000016D9 DD 77 EE         [19] 3358 	ld	-18 (ix), a
    000016DC                       3359 00310$:
                                   3360 ;E:\Dropbox\FAUSTO\SVILUPPI\MSX\CODE\C\MSXgl\projects\soccerlgMSX2/soccerlg_s9_b3.c:409: if (SwSprite[receiver].ly < offside_line - 8 && SwSprite[receiver].ly < 256) is_offside = TRUE;
    000016DC DD 7E ED         [19] 3361 	ld	a, -19 (ix)
    000016DF DD 77 F1         [19] 3362 	ld	-15 (ix), a
    000016E2 DD 7E EE         [19] 3363 	ld	a, -18 (ix)
    000016E5 DD 77 F2         [19] 3364 	ld	-14 (ix), a
    000016E8 DD 7E F1         [19] 3365 	ld	a, -15 (ix)
    000016EB C6 F8            [ 7] 3366 	add	a, #0xf8
    000016ED DD 77 ED         [19] 3367 	ld	-19 (ix), a
    000016F0 DD 7E F2         [19] 3368 	ld	a, -14 (ix)
    000016F3 CE FF            [ 7] 3369 	adc	a, #0xff
    000016F5 DD 77 EE         [19] 3370 	ld	-18 (ix), a
    000016F8 DD 7E F7         [19] 3371 	ld	a, -9 (ix)
    000016FB DD 96 ED         [19] 3372 	sub	a, -19 (ix)
    000016FE DD 7E F8         [19] 3373 	ld	a, -8 (ix)
    00001701 DD 9E EE         [19] 3374 	sbc	a, -18 (ix)
    00001704 30 61            [12] 3375 	jr	NC, 00321$
    00001706 DD 7E F8         [19] 3376 	ld	a, -8 (ix)
    00001709 D6 01            [ 7] 3377 	sub	a, #0x01
    0000170B 30 5A            [12] 3378 	jr	NC, 00321$
    0000170D DD 36 F0 01      [19] 3379 	ld	-16 (ix), #0x01
    00001711 C3r67r17         [10] 3380 	jp	00321$
    00001714                       3381 00320$:
                                   3382 ;E:\Dropbox\FAUSTO\SVILUPPI\MSX\CODE\C\MSXgl\projects\soccerlgMSX2/soccerlg_s9_b3.c:411: u16 offside_line = (SwSprite[8].ly > SwSprite[9].ly) ? SwSprite[8].ly : SwSprite[9].ly;
    00001714 ED 4BrBCr00      [20] 3383 	ld	bc, (#_SwSprite + 188)
    00001718 21rD3r00         [10] 3384 	ld	hl, #_SwSprite + 211
    0000171B 7E               [ 7] 3385 	ld	a, (hl)
    0000171C DD 77 ED         [19] 3386 	ld	-19 (ix), a
    0000171F 23               [ 6] 3387 	inc	hl
    00001720 7E               [ 7] 3388 	ld	a, (hl)
    00001721 DD 77 EE         [19] 3389 	ld	-18 (ix), a
    00001724 DD 7E ED         [19] 3390 	ld	a, -19 (ix)
    00001727 91               [ 4] 3391 	sub	a, c
    00001728 DD 7E EE         [19] 3392 	ld	a, -18 (ix)
    0000172B 98               [ 4] 3393 	sbc	a, b
    0000172C 30 06            [12] 3394 	jr	NC, 00547$
    0000172E DD 71 ED         [19] 3395 	ld	-19 (ix), c
    00001731 DD 70 EE         [19] 3396 	ld	-18 (ix), b
    00001734                       3397 00547$:
    00001734 DD 4E ED         [19] 3398 	ld	c, -19 (ix)
    00001737 DD 46 EE         [19] 3399 	ld	b, -18 (ix)
                                   3400 ;E:\Dropbox\FAUSTO\SVILUPPI\MSX\CODE\C\MSXgl\projects\soccerlgMSX2/soccerlg_s9_b3.c:412: if (Carrier->ly > offside_line) offside_line = Carrier->ly; // Regola linea palla
    0000173A 79               [ 4] 3401 	ld	a, c
    0000173B DD 96 F1         [19] 3402 	sub	a, -15 (ix)
    0000173E 78               [ 4] 3403 	ld	a, b
    0000173F DD 9E F2         [19] 3404 	sbc	a, -14 (ix)
    00001742 30 06            [12] 3405 	jr	NC, 00315$
    00001744 DD 4E F1         [19] 3406 	ld	c, -15 (ix)
    00001747 DD 46 F2         [19] 3407 	ld	b, -14 (ix)
    0000174A                       3408 00315$:
                                   3409 ;E:\Dropbox\FAUSTO\SVILUPPI\MSX\CODE\C\MSXgl\projects\soccerlgMSX2/soccerlg_s9_b3.c:413: if (SwSprite[receiver].ly > offside_line + 8 && SwSprite[receiver].ly > 256) is_offside = TRUE;
    0000174A 21 08 00         [10] 3410 	ld	hl, #0x0008
    0000174D 09               [11] 3411 	add	hl, bc
    0000174E 7D               [ 4] 3412 	ld	a, l
    0000174F DD 96 F7         [19] 3413 	sub	a, -9 (ix)
    00001752 7C               [ 4] 3414 	ld	a, h
    00001753 DD 9E F8         [19] 3415 	sbc	a, -8 (ix)
    00001756 30 0F            [12] 3416 	jr	NC, 00321$
    00001758 AF               [ 4] 3417 	xor	a, a
    00001759 DD BE F7         [19] 3418 	cp	a, -9 (ix)
    0000175C 3E 01            [ 7] 3419 	ld	a, #0x01
    0000175E DD 9E F8         [19] 3420 	sbc	a, -8 (ix)
    00001761 30 04            [12] 3421 	jr	NC, 00321$
    00001763 DD 36 F0 01      [19] 3422 	ld	-16 (ix), #0x01
    00001767                       3423 00321$:
                                   3424 ;E:\Dropbox\FAUSTO\SVILUPPI\MSX\CODE\C\MSXgl\projects\soccerlgMSX2/soccerlg_s9_b3.c:417: Ball->anim = 0; Ball->count = 0;
    00001767 21 00 00         [10] 3425 	ld	hl, #0x0000
    0000176A 22r55r01         [16] 3426 	ld	((_SwSprite + 341)), hl
    0000176D 22r57r01         [16] 3427 	ld	((_SwSprite + 343)), hl
                                   3428 ;E:\Dropbox\FAUSTO\SVILUPPI\MSX\CODE\C\MSXgl\projects\soccerlgMSX2/soccerlg_s9_b3.c:419: g_pass_receiver = receiver | (is_offside ? 0x80 : 0);
    00001770 DD 7E F0         [19] 3429 	ld	a, -16 (ix)
    00001773 B7               [ 4] 3430 	or	a, a
    00001774 28 06            [12] 3431 	jr	Z, 00549$
    00001776 01 80 00         [10] 3432 	ld	bc, #0x0080
    00001779 C3r7Fr17         [10] 3433 	jp	00550$
    0000177C                       3434 00549$:
    0000177C 01 00 00         [10] 3435 	ld	bc, #0x0000
    0000177F                       3436 00550$:
    0000177F 79               [ 4] 3437 	ld	a, c
    00001780 DD B6 EF         [19] 3438 	or	a, -17 (ix)
    00001783 32r00r00         [13] 3439 	ld	(_g_pass_receiver+0), a
                                   3440 ;E:\Dropbox\FAUSTO\SVILUPPI\MSX\CODE\C\MSXgl\projects\soccerlgMSX2/soccerlg_s9_b3.c:420: g_pass_start_x = Carrier->lx;
    00001786 DD 6E E0         [19] 3441 	ld	l, -32 (ix)
    00001789 DD 66 E1         [19] 3442 	ld	h, -31 (ix)
    0000178C 7E               [ 7] 3443 	ld	a, (hl)
    0000178D 32r00r00         [13] 3444 	ld	(_g_pass_start_x+0), a
    00001790 21r01r00         [10] 3445 	ld	hl, #_g_pass_start_x + 1
    00001793 36 00            [10] 3446 	ld	(hl), #0x00
                                   3447 ;E:\Dropbox\FAUSTO\SVILUPPI\MSX\CODE\C\MSXgl\projects\soccerlgMSX2/soccerlg_s9_b3.c:421: g_pass_start_y = Carrier->ly;
    00001795 DD 6E EA         [19] 3448 	ld	l, -22 (ix)
    00001798 DD 66 EB         [19] 3449 	ld	h, -21 (ix)
    0000179B 7E               [ 7] 3450 	ld	a, (hl)
    0000179C 23               [ 6] 3451 	inc	hl
    0000179D 32r00r00         [13] 3452 	ld	(_g_pass_start_y+0), a
    000017A0 7E               [ 7] 3453 	ld	a, (hl)
    000017A1 32r01r00         [13] 3454 	ld	(_g_pass_start_y+1), a
                                   3455 ;E:\Dropbox\FAUSTO\SVILUPPI\MSX\CODE\C\MSXgl\projects\soccerlgMSX2/soccerlg_s9_b3.c:422: g_pass_target_x = SwSprite[receiver].lx;
    000017A4 DD 6E F3         [19] 3456 	ld	l, -13 (ix)
    000017A7 DD 66 F4         [19] 3457 	ld	h, -12 (ix)
    000017AA 7E               [ 7] 3458 	ld	a, (hl)
    000017AB 32r00r00         [13] 3459 	ld	(_g_pass_target_x+0), a
    000017AE FD 21r00r00      [14] 3460 	ld	iy, #_g_pass_target_x
    000017B2 FD 36 01 00      [19] 3461 	ld	1 (iy), #0x00
                                   3462 ;E:\Dropbox\FAUSTO\SVILUPPI\MSX\CODE\C\MSXgl\projects\soccerlgMSX2/soccerlg_s9_b3.c:423: g_pass_target_y = SwSprite[receiver].ly;
    000017B6 DD 6E F5         [19] 3463 	ld	l, -11 (ix)
    000017B9 DD 66 F6         [19] 3464 	ld	h, -10 (ix)
    000017BC 7E               [ 7] 3465 	ld	a, (hl)
    000017BD 23               [ 6] 3466 	inc	hl
    000017BE 32r00r00         [13] 3467 	ld	(_g_pass_target_y+0), a
    000017C1 7E               [ 7] 3468 	ld	a, (hl)
    000017C2 32r01r00         [13] 3469 	ld	(_g_pass_target_y+1), a
                                   3470 ;E:\Dropbox\FAUSTO\SVILUPPI\MSX\CODE\C\MSXgl\projects\soccerlgMSX2/soccerlg_s9_b3.c:425: u16 r_dx = (g_pass_target_x > g_pass_start_x) ? (g_pass_target_x - g_pass_start_x) : (g_pass_start_x - g_pass_target_x);
    000017C5 21r00r00         [10] 3471 	ld	hl, #_g_pass_start_x
    000017C8 7E               [ 7] 3472 	ld	a, (hl)
    000017C9 FD 96 00         [19] 3473 	sub	a, 0 (iy)
    000017CC 23               [ 6] 3474 	inc	hl
    000017CD 7E               [ 7] 3475 	ld	a, (hl)
    000017CE FD 9E 01         [19] 3476 	sbc	a, 1 (iy)
    000017D1 30 0D            [12] 3477 	jr	NC, 00551$
    000017D3 ED 4Br00r00      [20] 3478 	ld	bc, (_g_pass_start_x)
    000017D7 2Ar00r00         [16] 3479 	ld	hl, (_g_pass_target_x)
    000017DA BF               [ 4] 3480 	cp	a, a
    000017DB ED 42            [15] 3481 	sbc	hl, bc
    000017DD C3rEAr17         [10] 3482 	jp	00552$
    000017E0                       3483 00551$:
    000017E0 ED 4Br00r00      [20] 3484 	ld	bc, (_g_pass_target_x)
    000017E4 2Ar00r00         [16] 3485 	ld	hl, (_g_pass_start_x)
    000017E7 BF               [ 4] 3486 	cp	a, a
    000017E8 ED 42            [15] 3487 	sbc	hl, bc
    000017EA                       3488 00552$:
    000017EA EB               [ 4] 3489 	ex	de, hl
                                   3490 ;E:\Dropbox\FAUSTO\SVILUPPI\MSX\CODE\C\MSXgl\projects\soccerlgMSX2/soccerlg_s9_b3.c:426: u16 r_dy = (g_pass_target_y > g_pass_start_y) ? (g_pass_target_y - g_pass_start_y) : (g_pass_start_y - g_pass_target_y);
    000017EB 21r00r00         [10] 3491 	ld	hl, #_g_pass_start_y
    000017EE 7E               [ 7] 3492 	ld	a, (hl)
    000017EF FD 21r00r00      [14] 3493 	ld	iy, #_g_pass_target_y
    000017F3 FD 96 00         [19] 3494 	sub	a, 0 (iy)
    000017F6 23               [ 6] 3495 	inc	hl
    000017F7 7E               [ 7] 3496 	ld	a, (hl)
    000017F8 FD 9E 01         [19] 3497 	sbc	a, 1 (iy)
    000017FB 30 0D            [12] 3498 	jr	NC, 00553$
    000017FD ED 4Br00r00      [20] 3499 	ld	bc, (_g_pass_start_y)
    00001801 2Ar00r00         [16] 3500 	ld	hl, (_g_pass_target_y)
    00001804 BF               [ 4] 3501 	cp	a, a
    00001805 ED 42            [15] 3502 	sbc	hl, bc
    00001807 C3r14r18         [10] 3503 	jp	00554$
    0000180A                       3504 00553$:
    0000180A ED 4Br00r00      [20] 3505 	ld	bc, (_g_pass_target_y)
    0000180E 2Ar00r00         [16] 3506 	ld	hl, (_g_pass_start_y)
    00001811 BF               [ 4] 3507 	cp	a, a
    00001812 ED 42            [15] 3508 	sbc	hl, bc
    00001814                       3509 00554$:
                                   3510 ;E:\Dropbox\FAUSTO\SVILUPPI\MSX\CODE\C\MSXgl\projects\soccerlgMSX2/soccerlg_s9_b3.c:428: g_pass_max_frames = (r_dx + r_dy) / 6; // Velocità aumentata
    00001814 19               [11] 3511 	add	hl, de
    00001815 4D               [ 4] 3512 	ld	c, l
    00001816 44               [ 4] 3513 	ld	b, h
    00001817 C5               [11] 3514 	push	bc
    00001818 11 06 00         [10] 3515 	ld	de, #0x0006
    0000181B 69               [ 4] 3516 	ld	l, c
                                   3517 ;	spillPairReg hl
                                   3518 ;	spillPairReg hl
    0000181C 60               [ 4] 3519 	ld	h, b
                                   3520 ;	spillPairReg hl
                                   3521 ;	spillPairReg hl
    0000181D CDr00r00         [17] 3522 	call	__divuint
    00001820 C1               [10] 3523 	pop	bc
    00001821 FD 21r00r00      [14] 3524 	ld	iy, #_g_pass_max_frames
    00001825 FD 73 00         [19] 3525 	ld	0 (iy), e
                                   3526 ;E:\Dropbox\FAUSTO\SVILUPPI\MSX\CODE\C\MSXgl\projects\soccerlgMSX2/soccerlg_s9_b3.c:429: if (g_pass_max_frames < 6) g_pass_max_frames = 6;
    00001828 3Ar00r00         [13] 3527 	ld	a, (_g_pass_max_frames+0)
    0000182B D6 06            [ 7] 3528 	sub	a, #0x06
    0000182D 30 04            [12] 3529 	jr	NC, 00323$
    0000182F FD 36 00 06      [19] 3530 	ld	0 (iy), #0x06
    00001833                       3531 00323$:
                                   3532 ;E:\Dropbox\FAUSTO\SVILUPPI\MSX\CODE\C\MSXgl\projects\soccerlgMSX2/soccerlg_s9_b3.c:430: if (g_pass_max_frames > 28) g_pass_max_frames = 28;
    00001833 3E 1C            [ 7] 3533 	ld	a, #0x1c
    00001835 FD 21r00r00      [14] 3534 	ld	iy, #_g_pass_max_frames
    00001839 FD 96 00         [19] 3535 	sub	a, 0 (iy)
    0000183C 30 04            [12] 3536 	jr	NC, 00325$
    0000183E FD 36 00 1C      [19] 3537 	ld	0 (iy), #0x1c
    00001842                       3538 00325$:
                                   3539 ;E:\Dropbox\FAUSTO\SVILUPPI\MSX\CODE\C\MSXgl\projects\soccerlgMSX2/soccerlg_s9_b3.c:431: g_pass_max_height = (r_dx + r_dy) / 24; // Altezza proporzionale alla distanza
    00001842 11 18 00         [10] 3540 	ld	de, #0x0018
    00001845 69               [ 4] 3541 	ld	l, c
                                   3542 ;	spillPairReg hl
                                   3543 ;	spillPairReg hl
    00001846 60               [ 4] 3544 	ld	h, b
                                   3545 ;	spillPairReg hl
                                   3546 ;	spillPairReg hl
    00001847 CDr00r00         [17] 3547 	call	__divuint
    0000184A FD 21r00r00      [14] 3548 	ld	iy, #_g_pass_max_height
    0000184E FD 73 00         [19] 3549 	ld	0 (iy), e
                                   3550 ;E:\Dropbox\FAUSTO\SVILUPPI\MSX\CODE\C\MSXgl\projects\soccerlgMSX2/soccerlg_s9_b3.c:432: if (g_pass_max_height < 1) g_pass_max_height = 1;
    00001851 3Ar00r00         [13] 3551 	ld	a, (_g_pass_max_height+0)
    00001854 D6 01            [ 7] 3552 	sub	a, #0x01
    00001856 30 04            [12] 3553 	jr	NC, 00327$
    00001858 FD 36 00 01      [19] 3554 	ld	0 (iy), #0x01
    0000185C                       3555 00327$:
                                   3556 ;E:\Dropbox\FAUSTO\SVILUPPI\MSX\CODE\C\MSXgl\projects\soccerlgMSX2/soccerlg_s9_b3.c:433: if (g_pass_max_height > 7) g_pass_max_height = 7;
    0000185C 3E 07            [ 7] 3557 	ld	a, #0x07
    0000185E FD 21r00r00      [14] 3558 	ld	iy, #_g_pass_max_height
    00001862 FD 96 00         [19] 3559 	sub	a, 0 (iy)
    00001865 30 04            [12] 3560 	jr	NC, 00329$
    00001867 FD 36 00 07      [19] 3561 	ld	0 (iy), #0x07
    0000186B                       3562 00329$:
                                   3563 ;E:\Dropbox\FAUSTO\SVILUPPI\MSX\CODE\C\MSXgl\projects\soccerlgMSX2/soccerlg_s9_b3.c:435: Ball->anim = 5; // Flag per passaggio
    0000186B 21 05 00         [10] 3564 	ld	hl, #0x0005
    0000186E 22r55r01         [16] 3565 	ld	((_SwSprite + 341)), hl
                                   3566 ;E:\Dropbox\FAUSTO\SVILUPPI\MSX\CODE\C\MSXgl\projects\soccerlgMSX2/soccerlg_s9_b3.c:436: CallFnc_VOID(SEG_EVENTS, EventBallKicked);
    00001871 11r00r00         [10] 3567 	ld	de, #_EventBallKicked
    00001874 3E 08            [ 7] 3568 	ld	a, #0x08
    00001876 CDr00r00         [17] 3569 	call	_CallFnc_VOID
                                   3570 ;E:\Dropbox\FAUSTO\SVILUPPI\MSX\CODE\C\MSXgl\projects\soccerlgMSX2/soccerlg_s9_b3.c:437: action_taken = TRUE;
    00001879 DD 36 F6 01      [19] 3571 	ld	-10 (ix), #0x01
    0000187D                       3572 00336$:
                                   3573 ;E:\Dropbox\FAUSTO\SVILUPPI\MSX\CODE\C\MSXgl\projects\soccerlgMSX2/soccerlg_s9_b3.c:442: if (!action_taken && (Ball->dx != c_dx || Ball->dy != c_dy)) {
    0000187D DD 7E F6         [19] 3574 	ld	a, -10 (ix)
    00001880 B7               [ 4] 3575 	or	a, a
    00001881 C2r06r1A         [10] 3576 	jp	NZ, 00369$
    00001884 01r53r01         [10] 3577 	ld	bc, #(_SwSprite + 322) + 17
    00001887 0A               [ 7] 3578 	ld	a, (bc)
    00001888 5F               [ 4] 3579 	ld	e, a
    00001889 DD 7E F9         [19] 3580 	ld	a, -7 (ix)
    0000188C 93               [ 4] 3581 	sub	a, e
    0000188D 20 0B            [12] 3582 	jr	NZ, 00368$
    0000188F 21r54r01         [10] 3583 	ld	hl, #(_SwSprite + 340)
    00001892 56               [ 7] 3584 	ld	d, (hl)
    00001893 DD 7E FA         [19] 3585 	ld	a, -6 (ix)
    00001896 92               [ 4] 3586 	sub	a, d
    00001897 CAr06r1A         [10] 3587 	jp	Z,00369$
    0000189A                       3588 00368$:
                                   3589 ;E:\Dropbox\FAUSTO\SVILUPPI\MSX\CODE\C\MSXgl\projects\soccerlgMSX2/soccerlg_s9_b3.c:445: bool is_180_turn = (Ball->dx == -c_dx && Ball->dy == -c_dy && (c_dx != 0 || c_dy != 0));
    0000189A DD 7E F9         [19] 3590 	ld	a, -7 (ix)
    0000189D 57               [ 4] 3591 	ld	d, a
    0000189E 07               [ 4] 3592 	rlca
    0000189F 9F               [ 4] 3593 	sbc	a, a
    000018A0 67               [ 4] 3594 	ld	h, a
                                   3595 ;	spillPairReg hl
                                   3596 ;	spillPairReg hl
    000018A1 AF               [ 4] 3597 	xor	a, a
    000018A2 92               [ 4] 3598 	sub	a, d
    000018A3 6F               [ 4] 3599 	ld	l, a
                                   3600 ;	spillPairReg hl
                                   3601 ;	spillPairReg hl
    000018A4 9F               [ 4] 3602 	sbc	a, a
    000018A5 94               [ 4] 3603 	sub	a, h
    000018A6 67               [ 4] 3604 	ld	h, a
                                   3605 ;	spillPairReg hl
                                   3606 ;	spillPairReg hl
    000018A7 7B               [ 4] 3607 	ld	a, e
    000018A8 07               [ 4] 3608 	rlca
    000018A9 9F               [ 4] 3609 	sbc	a, a
    000018AA 57               [ 4] 3610 	ld	d, a
    000018AB BF               [ 4] 3611 	cp	a, a
    000018AC ED 52            [15] 3612 	sbc	hl, de
    000018AE 20 26            [12] 3613 	jr	NZ, 00555$
    000018B0 21r54r01         [10] 3614 	ld	hl, #(_SwSprite + 340)
    000018B3 6E               [ 7] 3615 	ld	l, (hl)
                                   3616 ;	spillPairReg hl
    000018B4 DD 7E FA         [19] 3617 	ld	a, -6 (ix)
    000018B7 5F               [ 4] 3618 	ld	e, a
    000018B8 07               [ 4] 3619 	rlca
    000018B9 9F               [ 4] 3620 	sbc	a, a
    000018BA 57               [ 4] 3621 	ld	d, a
    000018BB AF               [ 4] 3622 	xor	a, a
    000018BC 93               [ 4] 3623 	sub	a, e
    000018BD 5F               [ 4] 3624 	ld	e, a
    000018BE 9F               [ 4] 3625 	sbc	a, a
    000018BF 92               [ 4] 3626 	sub	a, d
    000018C0 57               [ 4] 3627 	ld	d, a
    000018C1 7D               [ 4] 3628 	ld	a, l
    000018C2 07               [ 4] 3629 	rlca
    000018C3 9F               [ 4] 3630 	sbc	a, a
    000018C4 67               [ 4] 3631 	ld	h, a
                                   3632 ;	spillPairReg hl
                                   3633 ;	spillPairReg hl
    000018C5 BF               [ 4] 3634 	cp	a, a
    000018C6 ED 52            [15] 3635 	sbc	hl, de
    000018C8 20 0C            [12] 3636 	jr	NZ, 00555$
    000018CA DD 7E F9         [19] 3637 	ld	a, -7 (ix)
    000018CD B7               [ 4] 3638 	or	a, a
    000018CE 20 0A            [12] 3639 	jr	NZ, 00556$
    000018D0 DD 7E FA         [19] 3640 	ld	a, -6 (ix)
    000018D3 B7               [ 4] 3641 	or	a, a
    000018D4 20 04            [12] 3642 	jr	NZ, 00556$
    000018D6                       3643 00555$:
    000018D6 AF               [ 4] 3644 	xor	a, a
    000018D7 C3rDCr18         [10] 3645 	jp	00557$
    000018DA                       3646 00556$:
    000018DA 3E 01            [ 7] 3647 	ld	a, #0x01
    000018DC                       3648 00557$:
    000018DC DD 77 F6         [19] 3649 	ld	-10 (ix), a
                                   3650 ;E:\Dropbox\FAUSTO\SVILUPPI\MSX\CODE\C\MSXgl\projects\soccerlgMSX2/soccerlg_s9_b3.c:447: i8 off_x = 0; i8 off_y = 6;
    000018DF DD 36 F7 00      [19] 3651 	ld	-9 (ix), #0x00
    000018E3 DD 36 F8 06      [19] 3652 	ld	-8 (ix), #0x06
                                   3653 ;E:\Dropbox\FAUSTO\SVILUPPI\MSX\CODE\C\MSXgl\projects\soccerlgMSX2/soccerlg_s9_b3.c:448: if (c_dx > 0) off_x = (c_dy > 0) ? 3 : 8; else if (c_dx < 0) off_x = (c_dy > 0) ? -3 : -8;
    000018E7 AF               [ 4] 3654 	xor	a, a
    000018E8 DD 96 FA         [19] 3655 	sub	a, -6 (ix)
    000018EB E2rF0r18         [10] 3656 	jp	PO, 01899$
    000018EE EE 80            [ 7] 3657 	xor	a, #0x80
    000018F0                       3658 01899$:
    000018F0 07               [ 4] 3659 	rlca
    000018F1 E6 01            [ 7] 3660 	and	a,#0x01
    000018F3 5F               [ 4] 3661 	ld	e, a
    000018F4 AF               [ 4] 3662 	xor	a, a
    000018F5 DD 96 F9         [19] 3663 	sub	a, -7 (ix)
    000018F8 E2rFDr18         [10] 3664 	jp	PO, 01900$
    000018FB EE 80            [ 7] 3665 	xor	a, #0x80
    000018FD                       3666 01900$:
    000018FD F2r13r19         [10] 3667 	jp	P, 00340$
    00001900 7B               [ 4] 3668 	ld	a, e
    00001901 B7               [ 4] 3669 	or	a, a
    00001902 28 06            [12] 3670 	jr	Z, 00564$
    00001904 21 03 00         [10] 3671 	ld	hl, #0x0003
    00001907 C3r0Dr19         [10] 3672 	jp	00565$
    0000190A                       3673 00564$:
    0000190A 21 08 00         [10] 3674 	ld	hl, #0x0008
    0000190D                       3675 00565$:
    0000190D DD 75 F7         [19] 3676 	ld	-9 (ix), l
    00001910 C3r24r19         [10] 3677 	jp	00341$
    00001913                       3678 00340$:
    00001913 DD CB F9 7E      [20] 3679 	bit	7, -7 (ix)
    00001917 28 0B            [12] 3680 	jr	Z, 00341$
    00001919 7B               [ 4] 3681 	ld	a, e
    0000191A B7               [ 4] 3682 	or	a, a
    0000191B 3E FD            [ 7] 3683 	ld	a, #0xfd
    0000191D 20 02            [12] 3684 	jr	NZ, 00567$
    0000191F 3E F8            [ 7] 3685 	ld	a, #0xf8
    00001921                       3686 00567$:
    00001921 DD 77 F7         [19] 3687 	ld	-9 (ix), a
    00001924                       3688 00341$:
                                   3689 ;E:\Dropbox\FAUSTO\SVILUPPI\MSX\CODE\C\MSXgl\projects\soccerlgMSX2/soccerlg_s9_b3.c:449: if (c_dy > 0) off_y = (c_dx != 0) ? 11 : 8; else if (c_dy < 0) off_y = -2;
    00001924 7B               [ 4] 3690 	ld	a, e
    00001925 B7               [ 4] 3691 	or	a, a
    00001926 28 15            [12] 3692 	jr	Z, 00345$
    00001928 DD 7E F9         [19] 3693 	ld	a, -7 (ix)
    0000192B B7               [ 4] 3694 	or	a, a
    0000192C 28 06            [12] 3695 	jr	Z, 00568$
    0000192E 11 0B 00         [10] 3696 	ld	de, #0x000b
    00001931 C3r37r19         [10] 3697 	jp	00569$
    00001934                       3698 00568$:
    00001934 11 08 00         [10] 3699 	ld	de, #0x0008
    00001937                       3700 00569$:
    00001937 DD 73 F8         [19] 3701 	ld	-8 (ix), e
    0000193A C3r47r19         [10] 3702 	jp	00346$
    0000193D                       3703 00345$:
    0000193D DD CB FA 7E      [20] 3704 	bit	7, -6 (ix)
    00001941 28 04            [12] 3705 	jr	Z, 00346$
    00001943 DD 36 F8 FE      [19] 3706 	ld	-8 (ix), #0xfe
    00001947                       3707 00346$:
                                   3708 ;E:\Dropbox\FAUSTO\SVILUPPI\MSX\CODE\C\MSXgl\projects\soccerlgMSX2/soccerlg_s9_b3.c:451: Ball->dx = c_dx;
    00001947 DD 7E F9         [19] 3709 	ld	a, -7 (ix)
    0000194A 02               [ 7] 3710 	ld	(bc), a
                                   3711 ;E:\Dropbox\FAUSTO\SVILUPPI\MSX\CODE\C\MSXgl\projects\soccerlgMSX2/soccerlg_s9_b3.c:452: Ball->dy = c_dy;
    0000194B 21r54r01         [10] 3712 	ld	hl, #(_SwSprite + 340)
    0000194E DD 7E FA         [19] 3713 	ld	a, -6 (ix)
    00001951 77               [ 7] 3714 	ld	(hl), a
                                   3715 ;E:\Dropbox\FAUSTO\SVILUPPI\MSX\CODE\C\MSXgl\projects\soccerlgMSX2/soccerlg_s9_b3.c:454: i16 ideal_x = (i16)Carrier->lx + off_x;
    00001952 DD 6E E0         [19] 3716 	ld	l, -32 (ix)
    00001955 DD 66 E1         [19] 3717 	ld	h, -31 (ix)
    00001958 4E               [ 7] 3718 	ld	c, (hl)
    00001959 06 00            [ 7] 3719 	ld	b, #0x00
    0000195B DD 7E F7         [19] 3720 	ld	a, -9 (ix)
    0000195E 6F               [ 4] 3721 	ld	l, a
                                   3722 ;	spillPairReg hl
                                   3723 ;	spillPairReg hl
    0000195F 07               [ 4] 3724 	rlca
    00001960 9F               [ 4] 3725 	sbc	a, a
    00001961 67               [ 4] 3726 	ld	h, a
                                   3727 ;	spillPairReg hl
                                   3728 ;	spillPairReg hl
    00001962 09               [11] 3729 	add	hl, bc
    00001963 EB               [ 4] 3730 	ex	de, hl
                                   3731 ;E:\Dropbox\FAUSTO\SVILUPPI\MSX\CODE\C\MSXgl\projects\soccerlgMSX2/soccerlg_s9_b3.c:455: i16 ideal_y = (i16)Carrier->ly + off_y;
    00001964 DD 6E EA         [19] 3732 	ld	l, -22 (ix)
    00001967 DD 66 EB         [19] 3733 	ld	h, -21 (ix)
    0000196A 4E               [ 7] 3734 	ld	c, (hl)
    0000196B 23               [ 6] 3735 	inc	hl
    0000196C 46               [ 7] 3736 	ld	b, (hl)
    0000196D DD 7E F8         [19] 3737 	ld	a, -8 (ix)
    00001970 6F               [ 4] 3738 	ld	l, a
                                   3739 ;	spillPairReg hl
                                   3740 ;	spillPairReg hl
    00001971 07               [ 4] 3741 	rlca
    00001972 9F               [ 4] 3742 	sbc	a, a
    00001973 67               [ 4] 3743 	ld	h, a
                                   3744 ;	spillPairReg hl
                                   3745 ;	spillPairReg hl
    00001974 09               [11] 3746 	add	hl, bc
    00001975 4D               [ 4] 3747 	ld	c, l
    00001976 44               [ 4] 3748 	ld	b, h
                                   3749 ;E:\Dropbox\FAUSTO\SVILUPPI\MSX\CODE\C\MSXgl\projects\soccerlgMSX2/soccerlg_s9_b3.c:456: Ball->lx = (u8)(((i16)Ball->lx + ideal_x) / 2);
    00001977 3Ar42r01         [13] 3750 	ld	a, (#(_SwSprite + 322) + 0)
    0000197A 26 00            [ 7] 3751 	ld	h, #0x00
                                   3752 ;	spillPairReg hl
                                   3753 ;	spillPairReg hl
    0000197C 6F               [ 4] 3754 	ld	l, a
    0000197D 19               [11] 3755 	add	hl, de
    0000197E 5D               [ 4] 3756 	ld	e, l
    0000197F 54               [ 4] 3757 	ld	d, h
    00001980 CB 7C            [ 8] 3758 	bit	7, h
    00001982 28 02            [12] 3759 	jr	Z, 00570$
    00001984 EB               [ 4] 3760 	ex	de, hl
    00001985 13               [ 6] 3761 	inc	de
    00001986                       3762 00570$:
    00001986 CB 2A            [ 8] 3763 	sra	d
    00001988 CB 1B            [ 8] 3764 	rr	e
    0000198A 21r42r01         [10] 3765 	ld	hl, #(_SwSprite + 322)
    0000198D 73               [ 7] 3766 	ld	(hl), e
                                   3767 ;E:\Dropbox\FAUSTO\SVILUPPI\MSX\CODE\C\MSXgl\projects\soccerlgMSX2/soccerlg_s9_b3.c:457: Ball->ly = (u16)(((i16)Ball->ly + ideal_y) / 2) & 511;
    0000198E 2Ar46r01         [16] 3768 	ld	hl, (#(_SwSprite + 326) + 0)
    00001991 09               [11] 3769 	add	hl, bc
    00001992 DD 75 F7         [19] 3770 	ld	-9 (ix), l
    00001995 DD 74 F8         [19] 3771 	ld	-8 (ix), h
    00001998 EB               [ 4] 3772 	ex	de,hl
    00001999 DD CB F8 7E      [20] 3773 	bit	7, -8 (ix)
    0000199D 28 07            [12] 3774 	jr	Z, 00571$
    0000199F DD 5E F7         [19] 3775 	ld	e, -9 (ix)
    000019A2 DD 56 F8         [19] 3776 	ld	d, -8 (ix)
    000019A5 13               [ 6] 3777 	inc	de
    000019A6                       3778 00571$:
    000019A6 CB 2A            [ 8] 3779 	sra	d
    000019A8 CB 1B            [ 8] 3780 	rr	e
    000019AA 7A               [ 4] 3781 	ld	a, d
    000019AB E6 01            [ 7] 3782 	and	a, #0x01
    000019AD 57               [ 4] 3783 	ld	d, a
    000019AE ED 53r46r01      [20] 3784 	ld	((_SwSprite + 326)), de
                                   3785 ;E:\Dropbox\FAUSTO\SVILUPPI\MSX\CODE\C\MSXgl\projects\soccerlgMSX2/soccerlg_s9_b3.c:459: if (Carrier->dx != 0 || Carrier->dy != 0) {
    000019B2 DD 6E E6         [19] 3786 	ld	l, -26 (ix)
    000019B5 DD 66 E7         [19] 3787 	ld	h, -25 (ix)
    000019B8 7E               [ 7] 3788 	ld	a, (hl)
    000019B9 B7               [ 4] 3789 	or	a, a
    000019BA 20 0A            [12] 3790 	jr	NZ, 00347$
    000019BC DD 6E E8         [19] 3791 	ld	l, -24 (ix)
    000019BF DD 66 E9         [19] 3792 	ld	h, -23 (ix)
    000019C2 7E               [ 7] 3793 	ld	a, (hl)
    000019C3 B7               [ 4] 3794 	or	a, a
    000019C4 28 37            [12] 3795 	jr	Z, 00348$
    000019C6                       3796 00347$:
                                   3797 ;E:\Dropbox\FAUSTO\SVILUPPI\MSX\CODE\C\MSXgl\projects\soccerlgMSX2/soccerlg_s9_b3.c:460: Ball->anim = (c_dx != 0 && c_dy != 0) ? 1 : 2; // Tocco cortissimo in diagonale, normale in rettilineo
    000019C6 DD 7E F9         [19] 3798 	ld	a, -7 (ix)
    000019C9 B7               [ 4] 3799 	or	a, a
    000019CA 28 0C            [12] 3800 	jr	Z, 00572$
    000019CC DD 7E FA         [19] 3801 	ld	a, -6 (ix)
    000019CF B7               [ 4] 3802 	or	a, a
    000019D0 28 06            [12] 3803 	jr	Z, 00572$
    000019D2 11 01 00         [10] 3804 	ld	de, #0x0001
    000019D5 C3rDBr19         [10] 3805 	jp	00573$
    000019D8                       3806 00572$:
    000019D8 11 02 00         [10] 3807 	ld	de, #0x0002
    000019DB                       3808 00573$:
    000019DB ED 53r55r01      [20] 3809 	ld	((_SwSprite + 341)), de
                                   3810 ;E:\Dropbox\FAUSTO\SVILUPPI\MSX\CODE\C\MSXgl\projects\soccerlgMSX2/soccerlg_s9_b3.c:461: Ball->count = is_180_turn ? 0 : 12; // Nessuna immunità se torna indietro di 180 gradi
    000019DF DD 7E F6         [19] 3811 	ld	a, -10 (ix)
    000019E2 B7               [ 4] 3812 	or	a, a
    000019E3 28 06            [12] 3813 	jr	Z, 00577$
    000019E5 01 00 00         [10] 3814 	ld	bc, #0x0000
    000019E8 C3rEEr19         [10] 3815 	jp	00578$
    000019EB                       3816 00577$:
    000019EB 01 0C 00         [10] 3817 	ld	bc, #0x000c
    000019EE                       3818 00578$:
    000019EE ED 43r57r01      [20] 3819 	ld	((_SwSprite + 343)), bc
                                   3820 ;E:\Dropbox\FAUSTO\SVILUPPI\MSX\CODE\C\MSXgl\projects\soccerlgMSX2/soccerlg_s9_b3.c:462: CallFnc_VOID(SEG_EVENTS, EventBallKicked);
    000019F2 11r00r00         [10] 3821 	ld	de, #_EventBallKicked
    000019F5 3E 08            [ 7] 3822 	ld	a, #0x08
    000019F7 CDr00r00         [17] 3823 	call	_CallFnc_VOID
    000019FA C3r8Er1C         [10] 3824 	jp	00401$
    000019FD                       3825 00348$:
                                   3826 ;E:\Dropbox\FAUSTO\SVILUPPI\MSX\CODE\C\MSXgl\projects\soccerlgMSX2/soccerlg_s9_b3.c:464: Ball->anim = 0;
    000019FD 21 00 00         [10] 3827 	ld	hl, #0x0000
    00001A00 22r55r01         [16] 3828 	ld	((_SwSprite + 341)), hl
    00001A03 C3r8Er1C         [10] 3829 	jp	00401$
    00001A06                       3830 00369$:
                                   3831 ;E:\Dropbox\FAUSTO\SVILUPPI\MSX\CODE\C\MSXgl\projects\soccerlgMSX2/soccerlg_s9_b3.c:466: } else if (!action_taken) {
    00001A06 DD 7E F6         [19] 3832 	ld	a, -10 (ix)
    00001A09 B7               [ 4] 3833 	or	a, a
    00001A0A C2r8Er1C         [10] 3834 	jp	NZ, 00401$
                                   3835 ;E:\Dropbox\FAUSTO\SVILUPPI\MSX\CODE\C\MSXgl\projects\soccerlgMSX2/soccerlg_s9_b3.c:469: if (Ball->anim == 0) {
    00001A0D 2Ar55r01         [16] 3836 	ld	hl, (#(_SwSprite + 341) + 0)
    00001A10 7C               [ 4] 3837 	ld	a, h
    00001A11 B5               [ 4] 3838 	or	a, l
    00001A12 C2r8Er1C         [10] 3839 	jp	NZ, 00401$
                                   3840 ;E:\Dropbox\FAUSTO\SVILUPPI\MSX\CODE\C\MSXgl\projects\soccerlgMSX2/soccerlg_s9_b3.c:470: i8 off_x = 0; i8 off_y = 6;
    00001A15 DD 36 F8 00      [19] 3841 	ld	-8 (ix), #0x00
    00001A19 DD 36 F5 06      [19] 3842 	ld	-11 (ix), #0x06
                                   3843 ;E:\Dropbox\FAUSTO\SVILUPPI\MSX\CODE\C\MSXgl\projects\soccerlgMSX2/soccerlg_s9_b3.c:448: if (c_dx > 0) off_x = (c_dy > 0) ? 3 : 8; else if (c_dx < 0) off_x = (c_dy > 0) ? -3 : -8;
    00001A1D AF               [ 4] 3844 	xor	a, a
    00001A1E DD 96 FA         [19] 3845 	sub	a, -6 (ix)
    00001A21 E2r26r1A         [10] 3846 	jp	PO, 01901$
    00001A24 EE 80            [ 7] 3847 	xor	a, #0x80
    00001A26                       3848 01901$:
    00001A26 07               [ 4] 3849 	rlca
    00001A27 E6 01            [ 7] 3850 	and	a,#0x01
    00001A29 DD 77 F6         [19] 3851 	ld	-10 (ix), a
                                   3852 ;E:\Dropbox\FAUSTO\SVILUPPI\MSX\CODE\C\MSXgl\projects\soccerlgMSX2/soccerlg_s9_b3.c:471: if (c_dx > 0) off_x = (c_dy > 0) ? 3 : 8; else if (c_dx < 0) off_x = (c_dy > 0) ? -3 : -8;
    00001A2C AF               [ 4] 3853 	xor	a, a
    00001A2D DD 96 F9         [19] 3854 	sub	a, -7 (ix)
    00001A30 E2r35r1A         [10] 3855 	jp	PO, 01902$
    00001A33 EE 80            [ 7] 3856 	xor	a, #0x80
    00001A35                       3857 01902$:
    00001A35 F2r5Ar1A         [10] 3858 	jp	P, 00354$
    00001A38 DD 7E F6         [19] 3859 	ld	a, -10 (ix)
    00001A3B B7               [ 4] 3860 	or	a, a
    00001A3C 28 0B            [12] 3861 	jr	Z, 00579$
    00001A3E DD 36 F7 03      [19] 3862 	ld	-9 (ix), #0x03
    00001A42 DD 36 F8 00      [19] 3863 	ld	-8 (ix), #0
    00001A46 C3r51r1A         [10] 3864 	jp	00580$
    00001A49                       3865 00579$:
    00001A49 DD 36 F7 08      [19] 3866 	ld	-9 (ix), #0x08
    00001A4D DD 36 F8 00      [19] 3867 	ld	-8 (ix), #0
    00001A51                       3868 00580$:
    00001A51 DD 7E F7         [19] 3869 	ld	a, -9 (ix)
    00001A54 DD 77 F8         [19] 3870 	ld	-8 (ix), a
    00001A57 C3r6Dr1A         [10] 3871 	jp	00355$
    00001A5A                       3872 00354$:
    00001A5A DD CB F9 7E      [20] 3873 	bit	7, -7 (ix)
    00001A5E 28 0D            [12] 3874 	jr	Z, 00355$
    00001A60 DD 7E F6         [19] 3875 	ld	a, -10 (ix)
    00001A63 B7               [ 4] 3876 	or	a, a
    00001A64 3E FD            [ 7] 3877 	ld	a, #0xfd
    00001A66 20 02            [12] 3878 	jr	NZ, 00582$
    00001A68 3E F8            [ 7] 3879 	ld	a, #0xf8
    00001A6A                       3880 00582$:
    00001A6A DD 77 F8         [19] 3881 	ld	-8 (ix), a
    00001A6D                       3882 00355$:
                                   3883 ;E:\Dropbox\FAUSTO\SVILUPPI\MSX\CODE\C\MSXgl\projects\soccerlgMSX2/soccerlg_s9_b3.c:472: if (c_dy > 0) off_y = (c_dx != 0) ? 11 : 8; else if (c_dy < 0) off_y = -2;
    00001A6D DD 7E F6         [19] 3884 	ld	a, -10 (ix)
    00001A70 B7               [ 4] 3885 	or	a, a
    00001A71 28 22            [12] 3886 	jr	Z, 00359$
    00001A73 DD 7E F9         [19] 3887 	ld	a, -7 (ix)
    00001A76 B7               [ 4] 3888 	or	a, a
    00001A77 28 0B            [12] 3889 	jr	Z, 00583$
    00001A79 DD 36 F6 0B      [19] 3890 	ld	-10 (ix), #0x0b
    00001A7D DD 36 F7 00      [19] 3891 	ld	-9 (ix), #0
    00001A81 C3r8Cr1A         [10] 3892 	jp	00584$
    00001A84                       3893 00583$:
    00001A84 DD 36 F6 08      [19] 3894 	ld	-10 (ix), #0x08
    00001A88 DD 36 F7 00      [19] 3895 	ld	-9 (ix), #0
    00001A8C                       3896 00584$:
    00001A8C DD 7E F6         [19] 3897 	ld	a, -10 (ix)
    00001A8F DD 77 F5         [19] 3898 	ld	-11 (ix), a
    00001A92 C3r9Fr1A         [10] 3899 	jp	00360$
    00001A95                       3900 00359$:
    00001A95 DD CB FA 7E      [20] 3901 	bit	7, -6 (ix)
    00001A99 28 04            [12] 3902 	jr	Z, 00360$
    00001A9B DD 36 F5 FE      [19] 3903 	ld	-11 (ix), #0xfe
    00001A9F                       3904 00360$:
                                   3905 ;E:\Dropbox\FAUSTO\SVILUPPI\MSX\CODE\C\MSXgl\projects\soccerlgMSX2/soccerlg_s9_b3.c:474: Ball->lx = (u8)((i16)Carrier->lx + off_x);
    00001A9F DD 6E E0         [19] 3906 	ld	l, -32 (ix)
    00001AA2 DD 66 E1         [19] 3907 	ld	h, -31 (ix)
    00001AA5 7E               [ 7] 3908 	ld	a, (hl)
    00001AA6 DD 86 F8         [19] 3909 	add	a, -8 (ix)
    00001AA9 32r42r01         [13] 3910 	ld	(#(_SwSprite + 322)),a
                                   3911 ;E:\Dropbox\FAUSTO\SVILUPPI\MSX\CODE\C\MSXgl\projects\soccerlgMSX2/soccerlg_s9_b3.c:475: Ball->ly = (u16)((i16)Carrier->ly + off_y) & 511;
    00001AAC DD 6E EA         [19] 3912 	ld	l, -22 (ix)
    00001AAF DD 66 EB         [19] 3913 	ld	h, -21 (ix)
    00001AB2 4E               [ 7] 3914 	ld	c, (hl)
    00001AB3 23               [ 6] 3915 	inc	hl
    00001AB4 46               [ 7] 3916 	ld	b, (hl)
    00001AB5 DD 7E F5         [19] 3917 	ld	a, -11 (ix)
    00001AB8 6F               [ 4] 3918 	ld	l, a
                                   3919 ;	spillPairReg hl
                                   3920 ;	spillPairReg hl
    00001AB9 07               [ 4] 3921 	rlca
    00001ABA 9F               [ 4] 3922 	sbc	a, a
    00001ABB 67               [ 4] 3923 	ld	h, a
                                   3924 ;	spillPairReg hl
                                   3925 ;	spillPairReg hl
    00001ABC 09               [11] 3926 	add	hl, bc
    00001ABD EB               [ 4] 3927 	ex	de, hl
    00001ABE 7A               [ 4] 3928 	ld	a, d
    00001ABF E6 01            [ 7] 3929 	and	a, #0x01
    00001AC1 57               [ 4] 3930 	ld	d, a
    00001AC2 ED 53r46r01      [20] 3931 	ld	((_SwSprite + 326)), de
                                   3932 ;E:\Dropbox\FAUSTO\SVILUPPI\MSX\CODE\C\MSXgl\projects\soccerlgMSX2/soccerlg_s9_b3.c:476: Ball->dx = c_dx; Ball->dy = c_dy;
    00001AC6 21r53r01         [10] 3933 	ld	hl, #(_SwSprite + 339)
    00001AC9 DD 7E F9         [19] 3934 	ld	a, -7 (ix)
    00001ACC 77               [ 7] 3935 	ld	(hl), a
    00001ACD 21r54r01         [10] 3936 	ld	hl, #(_SwSprite + 340)
    00001AD0 DD 7E FA         [19] 3937 	ld	a, -6 (ix)
    00001AD3 77               [ 7] 3938 	ld	(hl), a
                                   3939 ;E:\Dropbox\FAUSTO\SVILUPPI\MSX\CODE\C\MSXgl\projects\soccerlgMSX2/soccerlg_s9_b3.c:477: if (Carrier->dx != 0 || Carrier->dy != 0) {
    00001AD4 DD 6E E6         [19] 3940 	ld	l, -26 (ix)
    00001AD7 DD 66 E7         [19] 3941 	ld	h, -25 (ix)
    00001ADA 7E               [ 7] 3942 	ld	a, (hl)
    00001ADB B7               [ 4] 3943 	or	a, a
    00001ADC 20 0B            [12] 3944 	jr	NZ, 00361$
    00001ADE DD 6E E8         [19] 3945 	ld	l, -24 (ix)
    00001AE1 DD 66 E9         [19] 3946 	ld	h, -23 (ix)
    00001AE4 7E               [ 7] 3947 	ld	a, (hl)
    00001AE5 B7               [ 4] 3948 	or	a, a
    00001AE6 CAr8Er1C         [10] 3949 	jp	Z, 00401$
    00001AE9                       3950 00361$:
                                   3951 ;E:\Dropbox\FAUSTO\SVILUPPI\MSX\CODE\C\MSXgl\projects\soccerlgMSX2/soccerlg_s9_b3.c:478: Ball->anim = (c_dx != 0 && c_dy != 0) ? 2 : 4; // Tocco corto in diagonale, lungo in rettilineo
    00001AE9 DD 7E F9         [19] 3952 	ld	a, -7 (ix)
    00001AEC B7               [ 4] 3953 	or	a, a
    00001AED 28 0C            [12] 3954 	jr	Z, 00585$
    00001AEF DD 7E FA         [19] 3955 	ld	a, -6 (ix)
    00001AF2 B7               [ 4] 3956 	or	a, a
    00001AF3 28 06            [12] 3957 	jr	Z, 00585$
    00001AF5 01 02 00         [10] 3958 	ld	bc, #0x0002
    00001AF8 C3rFEr1A         [10] 3959 	jp	00586$
    00001AFB                       3960 00585$:
    00001AFB 01 04 00         [10] 3961 	ld	bc, #0x0004
    00001AFE                       3962 00586$:
    00001AFE ED 43r55r01      [20] 3963 	ld	((_SwSprite + 341)), bc
                                   3964 ;E:\Dropbox\FAUSTO\SVILUPPI\MSX\CODE\C\MSXgl\projects\soccerlgMSX2/soccerlg_s9_b3.c:479: CallFnc_VOID(SEG_EVENTS, EventBallKicked);
    00001B02 11r00r00         [10] 3965 	ld	de, #_EventBallKicked
    00001B05 3E 08            [ 7] 3966 	ld	a, #0x08
    00001B07 CDr00r00         [17] 3967 	call	_CallFnc_VOID
    00001B0A C3r8Er1C         [10] 3968 	jp	00401$
    00001B0D                       3969 00394$:
                                   3970 ;E:\Dropbox\FAUSTO\SVILUPPI\MSX\CODE\C\MSXgl\projects\soccerlgMSX2/soccerlg_s9_b3.c:485: if (trigger_pressed && LastTouchTeam != carrier_team && LastTouchTeam != 0xFF && Carrier->count == 0 && RestartType == 0 && Ball->count == 0) {
    00001B0D DD 7E DE         [19] 3971 	ld	a, -34 (ix)
    00001B10 B7               [ 4] 3972 	or	a, a
    00001B11 CAr8Er1C         [10] 3973 	jp	Z, 00401$
    00001B14 DD CB F5 46      [20] 3974 	bit	0, -11 (ix)
    00001B18 C2r8Er1C         [10] 3975 	jp	NZ, 00401$
    00001B1B 3Ar00r00         [13] 3976 	ld	a, (_LastTouchTeam+0)
    00001B1E 3C               [ 4] 3977 	inc	a
    00001B1F CAr8Er1C         [10] 3978 	jp	Z,00401$
    00001B22 DD 6E E4         [19] 3979 	ld	l, -28 (ix)
    00001B25 DD 66 E5         [19] 3980 	ld	h, -27 (ix)
    00001B28 4E               [ 7] 3981 	ld	c, (hl)
    00001B29 23               [ 6] 3982 	inc	hl
    00001B2A 7E               [ 7] 3983 	ld	a, (hl)
    00001B2B B1               [ 4] 3984 	or	a, c
    00001B2C C2r8Er1C         [10] 3985 	jp	NZ, 00401$
    00001B2F 3Ar00r00         [13] 3986 	ld	a, (_RestartType+0)
    00001B32 B7               [ 4] 3987 	or	a, a
    00001B33 C2r8Er1C         [10] 3988 	jp	NZ, 00401$
    00001B36 DD 7E F8         [19] 3989 	ld	a, -8 (ix)
    00001B39 DD B6 F7         [19] 3990 	or	a, -9 (ix)
    00001B3C C2r8Er1C         [10] 3991 	jp	NZ, 00401$
                                   3992 ;E:\Dropbox\FAUSTO\SVILUPPI\MSX\CODE\C\MSXgl\projects\soccerlgMSX2/soccerlg_s9_b3.c:486: bool opponent_has_ball = (g_is_ball_carried && LastTouchTeam != carrier_team);
    00001B3F 3Ar00r00         [13] 3993 	ld	a, (_g_is_ball_carried+0)
    00001B42 B7               [ 4] 3994 	or	a, a
    00001B43 28 06            [12] 3995 	jr	Z, 00590$
    00001B45 DD CB F5 46      [20] 3996 	bit	0, -11 (ix)
    00001B49 28 04            [12] 3997 	jr	Z, 00591$
    00001B4B                       3998 00590$:
    00001B4B AF               [ 4] 3999 	xor	a, a
    00001B4C C3r51r1B         [10] 4000 	jp	00592$
    00001B4F                       4001 00591$:
    00001B4F 3E 01            [ 7] 4002 	ld	a, #0x01
    00001B51                       4003 00592$:
                                   4004 ;E:\Dropbox\FAUSTO\SVILUPPI\MSX\CODE\C\MSXgl\projects\soccerlgMSX2/soccerlg_s9_b3.c:488: if (opponent_has_ball) {
    00001B51 B7               [ 4] 4005 	or	a, a
    00001B52 CAr8Er1C         [10] 4006 	jp	Z, 00401$
                                   4007 ;E:\Dropbox\FAUSTO\SVILUPPI\MSX\CODE\C\MSXgl\projects\soccerlgMSX2/soccerlg_s9_b3.c:197: if (LastTouchPlayer != 0xFF && Ball->anim < 5) {
    00001B55 3Ar00r00         [13] 4008 	ld	a, (_LastTouchPlayer+0)
    00001B58 3C               [ 4] 4009 	inc	a
    00001B59 3E 01            [ 7] 4010 	ld	a, #0x01
    00001B5B 28 01            [12] 4011 	jr	Z, 01905$
    00001B5D AF               [ 4] 4012 	xor	a, a
    00001B5E                       4013 01905$:
    00001B5E 5F               [ 4] 4014 	ld	e, a
                                   4015 ;E:\Dropbox\FAUSTO\SVILUPPI\MSX\CODE\C\MSXgl\projects\soccerlgMSX2/soccerlg_s9_b3.c:489: u16 c_dist_x = (LastTouchPlayer != 0xFF) ? ((Carrier->lx > SwSprite[LastTouchPlayer].lx) ? (Carrier->lx - SwSprite[LastTouchPlayer].lx) : (SwSprite[LastTouchPlayer].lx - Carrier->lx)) : 0xFFFF;
    00001B5F CB 43            [ 8] 4016 	bit	0, e
    00001B61 20 36            [12] 4017 	jr	NZ, 00593$
    00001B63 ED 4Br00r00      [20] 4018 	ld	bc, (_LastTouchPlayer)
    00001B67 06 00            [ 7] 4019 	ld	b, #0x00
    00001B69 69               [ 4] 4020 	ld	l, c
    00001B6A 60               [ 4] 4021 	ld	h, b
    00001B6B 29               [11] 4022 	add	hl, hl
    00001B6C 29               [11] 4023 	add	hl, hl
    00001B6D 09               [11] 4024 	add	hl, bc
    00001B6E 29               [11] 4025 	add	hl, hl
    00001B6F 09               [11] 4026 	add	hl, bc
    00001B70 29               [11] 4027 	add	hl, hl
    00001B71 09               [11] 4028 	add	hl, bc
    00001B72 01r00r00         [10] 4029 	ld	bc, #_SwSprite
    00001B75 09               [11] 4030 	add	hl, bc
    00001B76 56               [ 7] 4031 	ld	d, (hl)
    00001B77 4A               [ 4] 4032 	ld	c, d
    00001B78 06 00            [ 7] 4033 	ld	b, #0x00
    00001B7A 7A               [ 4] 4034 	ld	a, d
    00001B7B DD 96 EC         [19] 4035 	sub	a, -20 (ix)
    00001B7E 30 0C            [12] 4036 	jr	NC, 00595$
    00001B80 DD 7E ED         [19] 4037 	ld	a, -19 (ix)
    00001B83 91               [ 4] 4038 	sub	a, c
    00001B84 4F               [ 4] 4039 	ld	c, a
    00001B85 DD 7E EE         [19] 4040 	ld	a, -18 (ix)
    00001B88 98               [ 4] 4041 	sbc	a, b
    00001B89 C3r95r1B         [10] 4042 	jp	00596$
    00001B8C                       4043 00595$:
    00001B8C 79               [ 4] 4044 	ld	a, c
    00001B8D DD 96 ED         [19] 4045 	sub	a, -19 (ix)
    00001B90 4F               [ 4] 4046 	ld	c, a
    00001B91 78               [ 4] 4047 	ld	a, b
    00001B92 DD 9E EE         [19] 4048 	sbc	a, -18 (ix)
    00001B95                       4049 00596$:
    00001B95 47               [ 4] 4050 	ld	b, a
    00001B96 C3r9Cr1B         [10] 4051 	jp	00594$
    00001B99                       4052 00593$:
    00001B99 01 FF FF         [10] 4053 	ld	bc, #0xffff
    00001B9C                       4054 00594$:
                                   4055 ;E:\Dropbox\FAUSTO\SVILUPPI\MSX\CODE\C\MSXgl\projects\soccerlgMSX2/soccerlg_s9_b3.c:490: u16 c_dist_y = (LastTouchPlayer != 0xFF) ? ((Carrier->ly > SwSprite[LastTouchPlayer].ly) ? (Carrier->ly - SwSprite[LastTouchPlayer].ly) : (SwSprite[LastTouchPlayer].ly - Carrier->ly)) : 0xFFFF;
    00001B9C CB 43            [ 8] 4056 	bit	0, e
    00001B9E 20 3D            [12] 4057 	jr	NZ, 00597$
    00001BA0 ED 5Br00r00      [20] 4058 	ld	de, (_LastTouchPlayer)
    00001BA4 16 00            [ 7] 4059 	ld	d, #0x00
    00001BA6 6B               [ 4] 4060 	ld	l, e
    00001BA7 62               [ 4] 4061 	ld	h, d
    00001BA8 29               [11] 4062 	add	hl, hl
    00001BA9 29               [11] 4063 	add	hl, hl
    00001BAA 19               [11] 4064 	add	hl, de
    00001BAB 29               [11] 4065 	add	hl, hl
    00001BAC 19               [11] 4066 	add	hl, de
    00001BAD 29               [11] 4067 	add	hl, hl
    00001BAE 19               [11] 4068 	add	hl, de
    00001BAF 11r00r00         [10] 4069 	ld	de, #_SwSprite
    00001BB2 19               [11] 4070 	add	hl, de
    00001BB3 11 04 00         [10] 4071 	ld	de, #0x0004
    00001BB6 19               [11] 4072 	add	hl, de
    00001BB7 5E               [ 7] 4073 	ld	e, (hl)
    00001BB8 23               [ 6] 4074 	inc	hl
    00001BB9 56               [ 7] 4075 	ld	d, (hl)
    00001BBA 7B               [ 4] 4076 	ld	a, e
    00001BBB DD 96 F1         [19] 4077 	sub	a, -15 (ix)
    00001BBE 7A               [ 4] 4078 	ld	a, d
    00001BBF DD 9E F2         [19] 4079 	sbc	a, -14 (ix)
    00001BC2 30 0C            [12] 4080 	jr	NC, 00599$
    00001BC4 DD 7E F1         [19] 4081 	ld	a, -15 (ix)
    00001BC7 93               [ 4] 4082 	sub	a, e
    00001BC8 5F               [ 4] 4083 	ld	e, a
    00001BC9 DD 7E F2         [19] 4084 	ld	a, -14 (ix)
    00001BCC 9A               [ 4] 4085 	sbc	a, d
    00001BCD C3rD9r1B         [10] 4086 	jp	00600$
    00001BD0                       4087 00599$:
    00001BD0 7B               [ 4] 4088 	ld	a, e
    00001BD1 DD 96 F1         [19] 4089 	sub	a, -15 (ix)
    00001BD4 5F               [ 4] 4090 	ld	e, a
    00001BD5 7A               [ 4] 4091 	ld	a, d
    00001BD6 DD 9E F2         [19] 4092 	sbc	a, -14 (ix)
    00001BD9                       4093 00600$:
    00001BD9 57               [ 4] 4094 	ld	d, a
    00001BDA C3rE0r1B         [10] 4095 	jp	00598$
    00001BDD                       4096 00597$:
    00001BDD 11 FF FF         [10] 4097 	ld	de, #0xffff
    00001BE0                       4098 00598$:
    00001BE0 D5               [11] 4099 	push	de
    00001BE1 FD E1            [14] 4100 	pop	iy
                                   4101 ;E:\Dropbox\FAUSTO\SVILUPPI\MSX\CODE\C\MSXgl\projects\soccerlgMSX2/soccerlg_s9_b3.c:492: if ((dist_x <= 20 && dist_y <= 20) || (c_dist_x <= 16 && c_dist_y <= 16)) {
    00001BE3 DD 5E EF         [19] 4102 	ld	e, -17 (ix)
    00001BE6 DD 56 F0         [19] 4103 	ld	d, -16 (ix)
    00001BE9 3E 14            [ 7] 4104 	ld	a, #0x14
    00001BEB BB               [ 4] 4105 	cp	a, e
    00001BEC 3E 00            [ 7] 4106 	ld	a, #0x00
    00001BEE 9A               [ 4] 4107 	sbc	a, d
    00001BEF 38 0E            [12] 4108 	jr	C, 00383$
    00001BF1 DD 6E F3         [19] 4109 	ld	l, -13 (ix)
                                   4110 ;	spillPairReg hl
                                   4111 ;	spillPairReg hl
    00001BF4 DD 66 F4         [19] 4112 	ld	h, -12 (ix)
                                   4113 ;	spillPairReg hl
                                   4114 ;	spillPairReg hl
    00001BF7 3E 14            [ 7] 4115 	ld	a, #0x14
    00001BF9 BD               [ 4] 4116 	cp	a, l
    00001BFA 3E 00            [ 7] 4117 	ld	a, #0x00
    00001BFC 9C               [ 4] 4118 	sbc	a, h
    00001BFD 30 13            [12] 4119 	jr	NC, 00378$
    00001BFF                       4120 00383$:
    00001BFF 3E 10            [ 7] 4121 	ld	a, #0x10
    00001C01 B9               [ 4] 4122 	cp	a, c
    00001C02 3E 00            [ 7] 4123 	ld	a, #0x00
    00001C04 98               [ 4] 4124 	sbc	a, b
    00001C05 38 3F            [12] 4125 	jr	C, 00379$
    00001C07 FD E5            [15] 4126 	push	iy
    00001C09 C1               [10] 4127 	pop	bc
    00001C0A 3E 10            [ 7] 4128 	ld	a, #0x10
    00001C0C B9               [ 4] 4129 	cp	a, c
    00001C0D 3E 00            [ 7] 4130 	ld	a, #0x00
    00001C0F 98               [ 4] 4131 	sbc	a, b
    00001C10 38 34            [12] 4132 	jr	C, 00379$
    00001C12                       4133 00378$:
                                   4134 ;E:\Dropbox\FAUSTO\SVILUPPI\MSX\CODE\C\MSXgl\projects\soccerlgMSX2/soccerlg_s9_b3.c:494: Ball->count = 30; // Immunità aumentata
    00001C12 21 1E 00         [10] 4135 	ld	hl, #0x001e
    00001C15 22r57r01         [16] 4136 	ld	((_SwSprite + 343)), hl
                                   4137 ;E:\Dropbox\FAUSTO\SVILUPPI\MSX\CODE\C\MSXgl\projects\soccerlgMSX2/soccerlg_s9_b3.c:495: LastTouchTeam = carrier_team;
    00001C18 DD 7E E3         [19] 4138 	ld	a, -29 (ix)
    00001C1B 32r00r00         [13] 4139 	ld	(_LastTouchTeam+0), a
                                   4140 ;E:\Dropbox\FAUSTO\SVILUPPI\MSX\CODE\C\MSXgl\projects\soccerlgMSX2/soccerlg_s9_b3.c:496: LastTouchPlayer = carrier;
    00001C1E DD 7E DB         [19] 4141 	ld	a, -37 (ix)
    00001C21 32r00r00         [13] 4142 	ld	(_LastTouchPlayer+0), a
                                   4143 ;E:\Dropbox\FAUSTO\SVILUPPI\MSX\CODE\C\MSXgl\projects\soccerlgMSX2/soccerlg_s9_b3.c:497: if (Ball->anim > 3) Ball->anim = 3;
    00001C24 2Ar55r01         [16] 4144 	ld	hl, (#(_SwSprite + 341) + 0)
    00001C27 3E 03            [ 7] 4145 	ld	a, #0x03
    00001C29 BD               [ 4] 4146 	cp	a, l
    00001C2A 3E 00            [ 7] 4147 	ld	a, #0x00
    00001C2C 9C               [ 4] 4148 	sbc	a, h
    00001C2D 30 06            [12] 4149 	jr	NC, 00374$
    00001C2F 21 03 00         [10] 4150 	ld	hl, #0x0003
    00001C32 22r55r01         [16] 4151 	ld	((_SwSprite + 341)), hl
    00001C35                       4152 00374$:
                                   4153 ;E:\Dropbox\FAUSTO\SVILUPPI\MSX\CODE\C\MSXgl\projects\soccerlgMSX2/soccerlg_s9_b3.c:498: Ball->frame = SPR_BALL_SIZE_1;
    00001C35 21 60 00         [10] 4154 	ld	hl, #0x0060
    00001C38 22r51r01         [16] 4155 	ld	((_SwSprite + 337)), hl
                                   4156 ;E:\Dropbox\FAUSTO\SVILUPPI\MSX\CODE\C\MSXgl\projects\soccerlgMSX2/soccerlg_s9_b3.c:499: g_pass_receiver = 0xFF;
    00001C3B FD 21r00r00      [14] 4157 	ld	iy, #_g_pass_receiver
    00001C3F FD 36 00 FF      [19] 4158 	ld	0 (iy), #0xff
    00001C43 C3r8Er1C         [10] 4159 	jp	00401$
    00001C46                       4160 00379$:
                                   4161 ;E:\Dropbox\FAUSTO\SVILUPPI\MSX\CODE\C\MSXgl\projects\soccerlgMSX2/soccerlg_s9_b3.c:500: } else if (dist_x <= 36 && dist_y <= 24) {
    00001C46 3E 24            [ 7] 4162 	ld	a, #0x24
    00001C48 BB               [ 4] 4163 	cp	a, e
    00001C49 3E 00            [ 7] 4164 	ld	a, #0x00
    00001C4B 9A               [ 4] 4165 	sbc	a, d
    00001C4C 38 40            [12] 4166 	jr	C, 00401$
    00001C4E DD 4E F3         [19] 4167 	ld	c, -13 (ix)
    00001C51 DD 46 F4         [19] 4168 	ld	b, -12 (ix)
    00001C54 3E 18            [ 7] 4169 	ld	a, #0x18
    00001C56 B9               [ 4] 4170 	cp	a, c
    00001C57 3E 00            [ 7] 4171 	ld	a, #0x00
    00001C59 98               [ 4] 4172 	sbc	a, b
    00001C5A 38 32            [12] 4173 	jr	C, 00401$
                                   4174 ;E:\Dropbox\FAUSTO\SVILUPPI\MSX\CODE\C\MSXgl\projects\soccerlgMSX2/soccerlg_s9_b3.c:502: Carrier->count = 30; // Scivolata + Cooldown per penalità miss
    00001C5C DD 6E E4         [19] 4175 	ld	l, -28 (ix)
    00001C5F DD 66 E5         [19] 4176 	ld	h, -27 (ix)
    00001C62 36 1E            [10] 4177 	ld	(hl), #0x1e
    00001C64 23               [ 6] 4178 	inc	hl
    00001C65 36 00            [10] 4179 	ld	(hl), #0x00
                                   4180 ;E:\Dropbox\FAUSTO\SVILUPPI\MSX\CODE\C\MSXgl\projects\soccerlgMSX2/soccerlg_s9_b3.c:503: Carrier->dx = (Ball->lx > Carrier->lx) ? 4 : -4;
    00001C67 DD 4E E6         [19] 4181 	ld	c, -26 (ix)
    00001C6A DD 46 E7         [19] 4182 	ld	b, -25 (ix)
    00001C6D 21r42r01         [10] 4183 	ld	hl, #(_SwSprite + 322)
    00001C70 5E               [ 7] 4184 	ld	e, (hl)
    00001C71 DD 6E E0         [19] 4185 	ld	l, -32 (ix)
    00001C74 DD 66 E1         [19] 4186 	ld	h, -31 (ix)
    00001C77 7E               [ 7] 4187 	ld	a, (hl)
    00001C78 93               [ 4] 4188 	sub	a, e
    00001C79 30 06            [12] 4189 	jr	NC, 00601$
    00001C7B 11 04 00         [10] 4190 	ld	de, #0x0004
    00001C7E C3r84r1C         [10] 4191 	jp	00602$
    00001C81                       4192 00601$:
    00001C81 11 FC FF         [10] 4193 	ld	de, #0xfffc
    00001C84                       4194 00602$:
    00001C84 7B               [ 4] 4195 	ld	a, e
    00001C85 02               [ 7] 4196 	ld	(bc), a
                                   4197 ;E:\Dropbox\FAUSTO\SVILUPPI\MSX\CODE\C\MSXgl\projects\soccerlgMSX2/soccerlg_s9_b3.c:504: Carrier->dy = 0;
    00001C86 DD 6E E8         [19] 4198 	ld	l, -24 (ix)
    00001C89 DD 66 E9         [19] 4199 	ld	h, -23 (ix)
    00001C8C 36 00            [10] 4200 	ld	(hl), #0x00
    00001C8E                       4201 00401$:
                                   4202 ;E:\Dropbox\FAUSTO\SVILUPPI\MSX\CODE\C\MSXgl\projects\soccerlgMSX2/soccerlg_s9_b3.c:207: for (u8 i = 0; i < 2; i++) { // i=0 per Team 1 (P2/CPU), i=1 per Team 2 (P1)
    00001C8E DD 34 FF         [23] 4203 	inc	-1 (ix)
    00001C91 C3rF6r08         [10] 4204 	jp	00417$
    00001C94                       4205 00402$:
                                   4206 ;E:\Dropbox\FAUSTO\SVILUPPI\MSX\CODE\C\MSXgl\projects\soccerlgMSX2/soccerlg_s9_b3.c:512: for (u8 i = 0; i < 14; i++) {
    00001C94 06 00            [ 7] 4207 	ld	b, #0x00
    00001C96                       4208 00419$:
    00001C96 78               [ 4] 4209 	ld	a, b
    00001C97 D6 0E            [ 7] 4210 	sub	a, #0x0e
    00001C99 30 10            [12] 4211 	jr	NC, 00403$
                                   4212 ;E:\Dropbox\FAUSTO\SVILUPPI\MSX\CODE\C\MSXgl\projects\soccerlgMSX2/soccerlg_s9_b3.c:513: CallFnc_VOID_P1(SEG_LOGIC, PlayerAI, i);
    00001C9B C5               [11] 4213 	push	bc
    00001C9C C5               [11] 4214 	push	bc
    00001C9D 33               [ 6] 4215 	inc	sp
    00001C9E 11r00r00         [10] 4216 	ld	de, #_PlayerAI
    00001CA1 3E 06            [ 7] 4217 	ld	a, #0x06
    00001CA3 CDr00r00         [17] 4218 	call	_CallFnc_VOID_P1
    00001CA6 C1               [10] 4219 	pop	bc
                                   4220 ;E:\Dropbox\FAUSTO\SVILUPPI\MSX\CODE\C\MSXgl\projects\soccerlgMSX2/soccerlg_s9_b3.c:512: for (u8 i = 0; i < 14; i++) {
    00001CA7 04               [ 4] 4221 	inc	b
    00001CA8 C3r96r1C         [10] 4222 	jp	00419$
    00001CAB                       4223 00403$:
                                   4224 ;E:\Dropbox\FAUSTO\SVILUPPI\MSX\CODE\C\MSXgl\projects\soccerlgMSX2/soccerlg_s9_b3.c:517: CallFnc_VOID(SEG_GAMESTATE_8, UpdateReferee);
    00001CAB 11r00r00         [10] 4225 	ld	de, #_UpdateReferee
    00001CAE 3E 12            [ 7] 4226 	ld	a, #0x12
    00001CB0 CDr00r00         [17] 4227 	call	_CallFnc_VOID
    00001CB3 C3rE3r1C         [10] 4228 	jp	00421$
    00001CB6                       4229 00405$:
                                   4230 ;E:\Dropbox\FAUSTO\SVILUPPI\MSX\CODE\C\MSXgl\projects\soccerlgMSX2/soccerlg_s9_b3.c:519: SwSprite[24].ly = 1000; // Nascondimento assoluto
    00001CB6 21 E8 03         [10] 4231 	ld	hl, #0x03e8
    00001CB9 22r2Cr02         [16] 4232 	ld	((_SwSprite + 556)), hl
                                   4233 ;E:\Dropbox\FAUSTO\SVILUPPI\MSX\CODE\C\MSXgl\projects\soccerlgMSX2/soccerlg_s9_b3.c:520: SwSprite[25].ly = 1000; // Nascondimento assoluto
    00001CBC 22r43r02         [16] 4234 	ld	((_SwSprite + 579)), hl
                                   4235 ;E:\Dropbox\FAUSTO\SVILUPPI\MSX\CODE\C\MSXgl\projects\soccerlgMSX2/soccerlg_s9_b3.c:521: CallFnc_VOID_3PTR_U16(SEG_GAMESTATE_3, UpdateGameState_Restarts, game_state, wait_secs, start_sec, target_ly);
    00001CBF DD 6E 06         [19] 4236 	ld	l, 6 (ix)
                                   4237 ;	spillPairReg hl
                                   4238 ;	spillPairReg hl
    00001CC2 DD 66 07         [19] 4239 	ld	h, 7 (ix)
                                   4240 ;	spillPairReg hl
                                   4241 ;	spillPairReg hl
    00001CC5 E5               [11] 4242 	push	hl
    00001CC6 DD 6E 04         [19] 4243 	ld	l, 4 (ix)
                                   4244 ;	spillPairReg hl
                                   4245 ;	spillPairReg hl
    00001CC9 DD 66 05         [19] 4246 	ld	h, 5 (ix)
                                   4247 ;	spillPairReg hl
                                   4248 ;	spillPairReg hl
    00001CCC E5               [11] 4249 	push	hl
    00001CCD DD 6E FB         [19] 4250 	ld	l, -5 (ix)
                                   4251 ;	spillPairReg hl
                                   4252 ;	spillPairReg hl
    00001CD0 DD 66 FC         [19] 4253 	ld	h, -4 (ix)
                                   4254 ;	spillPairReg hl
                                   4255 ;	spillPairReg hl
    00001CD3 E5               [11] 4256 	push	hl
    00001CD4 DD 6E FD         [19] 4257 	ld	l, -3 (ix)
                                   4258 ;	spillPairReg hl
                                   4259 ;	spillPairReg hl
    00001CD7 DD 66 FE         [19] 4260 	ld	h, -2 (ix)
                                   4261 ;	spillPairReg hl
                                   4262 ;	spillPairReg hl
    00001CDA E5               [11] 4263 	push	hl
    00001CDB 11r00r00         [10] 4264 	ld	de, #_UpdateGameState_Restarts
    00001CDE 3E 0C            [ 7] 4265 	ld	a, #0x0c
    00001CE0 CDr00r00         [17] 4266 	call	_CallFnc_VOID_3PTR_U16
    00001CE3                       4267 00421$:
                                   4268 ;E:\Dropbox\FAUSTO\SVILUPPI\MSX\CODE\C\MSXgl\projects\soccerlgMSX2/soccerlg_s9_b3.c:523: }
    00001CE3 DD F9            [10] 4269 	ld	sp, ix
    00001CE5 DD E1            [14] 4270 	pop	ix
    00001CE7 E1               [10] 4271 	pop	hl
    00001CE8 F1               [10] 4272 	pop	af
    00001CE9 F1               [10] 4273 	pop	af
    00001CEA E9               [ 4] 4274 	jp	(hl)
                         0000F380  4275 _g_RDPRIM	=	0xf380
                         0000F385  4276 _g_WRPRIM	=	0xf385
                         0000F38C  4277 _g_CLPRIM	=	0xf38c
                         0000F39A  4278 _g_USRTAB	=	0xf39a
                         0000F3DE  4279 _g_CNSDFG	=	0xf3de
                         0000F3DF  4280 _g_RG0SAV	=	0xf3df
                         0000F3E0  4281 _g_RG1SAV	=	0xf3e0
                         0000F3E1  4282 _g_RG2SAV	=	0xf3e1
                         0000F3E2  4283 _g_RG3SAV	=	0xf3e2
                         0000F3E3  4284 _g_RG4SAV	=	0xf3e3
                         0000F3E4  4285 _g_RG5SAV	=	0xf3e4
                         0000F3E5  4286 _g_RG6SAV	=	0xf3e5
                         0000F3E6  4287 _g_RG7SAV	=	0xf3e6
                         0000F3E7  4288 _g_STATFL	=	0xf3e7
                         0000F3E8  4289 _g_TRGFLG	=	0xf3e8
                         0000F3EC  4290 _g_MAXUPD	=	0xf3ec
                         0000F3EF  4291 _g_MINUPD	=	0xf3ef
                         0000F3F3  4292 _g_QUEUES	=	0xf3f3
                         0000F3F5  4293 _g_FRCNEW	=	0xf3f5
                         0000F3F6  4294 _g_SCNCNT	=	0xf3f6
                         0000F3F7  4295 _g_REPCNT	=	0xf3f7
                         0000F3F8  4296 _g_PUTPNT	=	0xf3f8
                         0000F3FA  4297 _g_GETPNT	=	0xf3fa
                         0000F3FC  4298 _g_CS120	=	0xf3fc
                         0000F401  4299 _g_CS240	=	0xf401
                         0000F406  4300 _g_LOW	=	0xf406
                         0000F408  4301 _g_HIGH	=	0xf408
                         0000F40A  4302 _g_HEADER	=	0xf40a
                         0000F40B  4303 _g_ASPCT1	=	0xf40b
                         0000F40D  4304 _g_ASPCT2	=	0xf40d
                         0000F959  4305 _g_QUETAB	=	0xf959
                         0000F971  4306 _g_QUEBAK	=	0xf971
                         0000F975  4307 _g_VOICAQ	=	0xf975
                         0000F9F5  4308 _g_VOICBQ	=	0xf9f5
                         0000FA75  4309 _g_VOICCQ	=	0xfa75
                         0000FAF5  4310 _g_RS2IQ	=	0xfaf5
                         0000FAF5  4311 _g_DPPAGE	=	0xfaf5
                         0000FAF6  4312 _g_ACPAGE	=	0xfaf6
                         0000FAF7  4313 _g_AVCSAV	=	0xfaf7
                         0000FAF8  4314 _g_EXBRSA	=	0xfaf8
                         0000FAF9  4315 _g_CHRCNT	=	0xfaf9
                         0000FAFA  4316 _g_ROMA	=	0xfafa
                         0000FAFC  4317 _g_MODE	=	0xfafc
                         0000FAFD  4318 _g_NORUSE	=	0xfafd
                         0000FAFE  4319 _g_XSAVE	=	0xfafe
                         0000FB00  4320 _g_YSAVE	=	0xfb00
                         0000FB03  4321 _g_RSTMP	=	0xfb03
                         0000FB03  4322 _g_TOCNT	=	0xfb03
                         0000FB04  4323 _g_RSFCB	=	0xfb04
                         0000FB06  4324 _g_RSIQLN	=	0xfb06
                         0000FB07  4325 _g_MEXBIh	=	0xfb07
                         0000FB0C  4326 _g_OLDSTT	=	0xfb0c
                         0000FB0C  4327 _g_OLDINT	=	0xfb0c
                         0000FB16  4328 _g_DEVNUM	=	0xfb16
                         0000FB17  4329 _g_DATCNT	=	0xfb17
                         0000FB1A  4330 _g_ERRORS	=	0xfb1a
                         0000FB1B  4331 _g_FLAGS	=	0xfb1b
                         0000FB1C  4332 _g_ESTBLS	=	0xfb1c
                         0000FB1D  4333 _g_COMMSK	=	0xfb1d
                         0000FB1E  4334 _g_LSTCOM	=	0xfb1e
                         0000FB1F  4335 _g_LSTMOD	=	0xfb1f
                         0000FB35  4336 _g_PRSCNT	=	0xfb35
                         0000FB36  4337 _g_SAVSP	=	0xfb36
                         0000FB38  4338 _g_VOICEN	=	0xfb38
                         0000FB39  4339 _g_SAVVOL	=	0xfb39
                         0000FB3B  4340 _g_MCLLEN	=	0xfb3b
                         0000FB3C  4341 _g_MCLPTR	=	0xfb3c
                         0000FB3E  4342 _g_QUEUEN	=	0xfb3e
                         0000FB3F  4343 _g_MUSICF	=	0xfb3f
                         0000FB40  4344 _g_PLYCNT	=	0xfb40
                         0000FB41  4345 _g_VCBA	=	0xfb41
                         0000FB66  4346 _g_VCBB	=	0xfb66
                         0000FB8B  4347 _g_VCBC	=	0xfb8b
                         0000FBB0  4348 _g_ENSTOP	=	0xfbb0
                         0000FBB1  4349 _g_BASROM	=	0xfbb1
                         0000FBB2  4350 _g_LINTTB	=	0xfbb2
                         0000FBCA  4351 _g_FSTPOS	=	0xfbca
                         0000FBCC  4352 _g_CODSAV	=	0xfbcc
                         0000FBCD  4353 _g_FNKSWI	=	0xfbcd
                         0000FBCE  4354 _g_FNKFLG	=	0xfbce
                         0000FBD8  4355 _g_ONGSBF	=	0xfbd8
                         0000FBD9  4356 _g_CLIKFL	=	0xfbd9
                         0000FBDA  4357 _g_OLDKEY	=	0xfbda
                         0000FBE5  4358 _g_NEWKEY	=	0xfbe5
                         0000FBF0  4359 _g_KEYBUF	=	0xfbf0
                         0000FC18  4360 _g_LINWRK	=	0xfc18
                         0000FC40  4361 _g_PATWRK	=	0xfc40
                         0000FC48  4362 _g_BOTTOM	=	0xfc48
                         0000FC4A  4363 _g_HIMEM	=	0xfc4a
                         0000FC4C  4364 _g_TRPTBL	=	0xfc4c
                         0000FC9A  4365 _g_RTYCNT	=	0xfc9a
                         0000FC9B  4366 _g_INTFLG	=	0xfc9b
                         0000FC9C  4367 _g_PADY	=	0xfc9c
                         0000FC9D  4368 _g_PADX	=	0xfc9d
                         0000FC9E  4369 _g_JIFFY	=	0xfc9e
                         0000FCA0  4370 _g_INTVAL	=	0xfca0
                         0000FCA2  4371 _g_INTCNT	=	0xfca2
                         0000FCA4  4372 _g_LOWLIM	=	0xfca4
                         0000FCA5  4373 _g_WINWID	=	0xfca5
                         0000FCA6  4374 _g_GRPHED	=	0xfca6
                         0000FCA7  4375 _g_ESCCNT	=	0xfca7
                         0000FCA8  4376 _g_INSFLG	=	0xfca8
                         0000FCA9  4377 _g_CSRSW	=	0xfca9
                         0000FCAA  4378 _g_CSTYLE	=	0xfcaa
                         0000FCAB  4379 _g_CAPST	=	0xfcab
                         0000FCAC  4380 _g_KANAST	=	0xfcac
                         0000FCAD  4381 _g_KANAMD	=	0xfcad
                         0000FCAE  4382 _g_FLBMEM	=	0xfcae
                         0000FCAF  4383 _g_SCRMOD	=	0xfcaf
                         0000FCB0  4384 _g_OLDSCR	=	0xfcb0
                         0000FCB1  4385 _g_CASPRV	=	0xfcb1
                         0000FCB2  4386 _g_BRDATR	=	0xfcb2
                         0000FCB3  4387 _g_GXPOS	=	0xfcb3
                         0000FCB5  4388 _g_GYPOS	=	0xfcb5
                         0000FCBB  4389 _g_DRWFLG	=	0xfcbb
                         0000FCBC  4390 _g_DRWSCL	=	0xfcbc
                         0000FCBD  4391 _g_DRWANG	=	0xfcbd
                         0000FCC1  4392 _g_MNROM	=	0xfcc1
                         0000FCC1  4393 _g_EXPTBL	=	0xfcc1
                         0000FCC5  4394 _g_SLTTBL	=	0xfcc5
                         0000FCC9  4395 _g_SLTATR	=	0xfcc9
                         0000FD09  4396 _g_SLTWRK	=	0xfd09
                         0000FD89  4397 _g_PROCNM	=	0xfd89
                         0000FFE7  4398 _g_RG08SAV	=	0xffe7
                         0000FFE8  4399 _g_RG09SAV	=	0xffe8
                         0000FFE9  4400 _g_RG10SAV	=	0xffe9
                         0000FFEA  4401 _g_RG11SAV	=	0xffea
                         0000FFEB  4402 _g_RG12SAV	=	0xffeb
                         0000FFEC  4403 _g_RG13SAV	=	0xffec
                         0000FFED  4404 _g_RG14SAV	=	0xffed
                         0000FFEE  4405 _g_RG15SAV	=	0xffee
                         0000FFEF  4406 _g_RG16SAV	=	0xffef
                         0000FFF0  4407 _g_RG17SAV	=	0xfff0
                         0000FFF1  4408 _g_RG18SAV	=	0xfff1
                         0000FFF2  4409 _g_RG19SAV	=	0xfff2
                         0000FFF3  4410 _g_RG20SAV	=	0xfff3
                         0000FFF4  4411 _g_RG21SAV	=	0xfff4
                         0000FFF5  4412 _g_RG22SAV	=	0xfff5
                         0000FFF6  4413 _g_RG23SAV	=	0xfff6
                         0000FFF7  4414 _g_MINROM	=	0xfff7
                         0000FFF8  4415 _g_SVFFF8	=	0xfff8
                         0000FFFA  4416 _g_RG25SAV	=	0xfffa
                         0000FFFB  4417 _g_RG26SAV	=	0xfffb
                         0000FFFC  4418 _g_RG27SAV	=	0xfffc
                         0000FFFD  4419 _g_SVFFFD	=	0xfffd
                         00000004  4420 _g_CGTABL	=	0x0004
                         00000006  4421 _g_VDP_DR	=	0x0006
                         00000007  4422 _g_VDP_DW	=	0x0007
                         0000002B  4423 _g_BASRVN	=	0x002b
                         0000002B  4424 _g_ROMVersion	=	0x002b
                         0000002D  4425 _g_MSXVER	=	0x002d
                         0000002E  4426 _g_MSXMID	=	0x002e
                         00000034  4427 _g_CHAR_16	=	0x0034
                         00000000  4428 _g_SUBRID	=	0x0000
                         00000002  4429 _g_STRSRC	=	0x0002
                         0000F30F  4430 _g_KANJTABLE	=	0xf30f
                         0000F323  4431 _g_DISKVE	=	0xf323
                         0000F325  4432 _g_BREAKV	=	0xf325
                         0000F341  4433 _g_RAMAD0	=	0xf341
                         0000F342  4434 _g_RAMAD1	=	0xf342
                         0000F343  4435 _g_RAMAD2	=	0xf343
                         0000F344  4436 _g_RAMAD3	=	0xf344
                         0000F348  4437 _g_MASTER	=	0xf348
                         0000F37D  4438 _g_BDOS	=	0xf37d
                                   4439 	.area _SEG9
                                   4440 	.area _INITIALIZER
                                   4441 	.area _CABS (ABS)
