:2040000041421C40000000000000000000000000524F4D5F59414D384650534D793202C0B2
:20402000F3ED7B4AFC21D9C42200C0DBA80F0FE6034F21C1FC856F7EE680B14F2C2C2C2C00
:204040007EE60CB12680CD24003E0132FF7FAF32FE7F32FD7F3200503C3200703C3200904F
:204060003C3200B02100002203C0232205C0232207C0232209C0016B0078B1CA8640116E54
:0B408000C421EF79EDB0FBCD475BC71A
:087A5A00FD21F2C3FD3600011D
:20408B00DDE5DD210000DD393B4F2A09C0DD75FF0600ED4309C06960CB3CCB1DCB3CCB1DCB
:2040AB007DE6C032FE7F2100B071EBCD8C77DD4EFF0600ED4309C05950CB3ACB1BCB3ACB99
:2040CB001B7BE6C032FE7F2100B07133DDE1C9000102030405060708090A0B0C0D0E0F1066
:2040EB001112131415161718191A1B1C1D1E1F202122232425262728292A2B2C2D2E2F30A5
:20410B003132333435363738393A3B3B3B3B3B3B3B3B3B3B3B3B3B3B3C3D3E3F4041424347
:20412B004445464748494A4B4C4D4E4F505152535455565758585858585858585858585846
:20414B00585858585858585858585858585858585858585858585858585858585858585854
:20416B00585858585858585858585858585858585858585858585858585858585858585834
:20418B00585858585858585858585858585858585858585858585858585858585858585814
:2041AB00585858585858585858585858595A5B5C5D5E5F606162636465666768696A6B6C22
:2041CB006D6E6F707172737475767778797A7B7C7D7E7F808182838485868788898A8B8C44
:2041EB008D8E8F9091929394959697989898989898989898989898989898989898989898F6
:20420B00989898989898989898989898989898989898989898989898989898989898989893
:20422B00989898989898989898989898989898989898989898989898989898989898989873
:20424B00989898989898989898989898989898989898989898989898989898999A9B9C9D44
:20426B009E9FA0A1A2A3A4A5A6A7A8A9AAABACADAEAFB0B1B2B3B4B5B5B5B5B5B5B5B5B5A7
:20428B00B5B5B5B5B5B6B7B8B9BABBBCBDBEBFC0C1C2C3C4C5C6C7C8C9CACBCCCDCECFD0F9
:2042AB00D1D2D3D4D5D6D7D8D9DADBDCDDDEDFE0E1E2E3E4E5E6E7E8E9EAEBECEDEEEFF0E3
:2042CB00F1F2F3F4F5F6F7F8F9FAFBFCFDFEFF000000007100720677070300000533035551
:2042EB0002450640002605550206061602660620202032303236204D535820574F524C442A
:20430B0020534F43434552202042592046415553544F2050524143454B20202D20204153CF
:20432B00534F4349415A494F4E45204954414C49414E41204D5358202D20504F57455245C4
:20434B0044204259204D5358474C20202D20205350454349414C205448414E4B5320544F4E
:20436B002041525455524F205241474F5A494E4920464F52204849532048454C502057499E
:20438B005448205350524954455320534F46545741524520414E4420534F554E442045465A
:2043AB00464543545320202D205350454349414C205448414E4B5320414C534F20544F20D4
:2043CB004E49434F4C412042524F47454C4C4920464F52204849532054455354494E472043
:2043EB00414E4420535550504F5254205448524F5547484F5554205448452047414D4553BB
:20440B002720444556454C4F504D454E5420002605770777071502770777071105710671AF
:20442B000677071101110170041101110171007100770703030302050204020202020202AF
:20444B000205050405030503030404030404050404050403040303030503030303040300DD
:20446B00020105DDE5DD210000DD393B4F2A09C0DD75FF0600ED4309C06960CB3CCB1DCB03
:20448B003CCB1D7DE6C032FE7F2100B071DD7E04EBCD8C77DD4EFF0600ED4309C05950CB22
:2044AB003ACB1BCB3ACB1B7BE6C032FE7F2100B07133DDE1E133E9DDE5DD210000DD39F51B
:2044CB00DD77FF4B422A09C0DD75FEDD5EFF1600ED5309C06B62CB3CCB1DCB3CCB1D7DE647
:2044EB00C032FE7F2100B073DD6E08DD6609E5DD5E06DD5607DD6E04DD6605C5FDE1CD9C5C
:20450B0078DD4EFE0600ED4309C05950CB3ACB1BCB3ACB1B7BE6C032FE7F2100B071DDF989
:20452B00DDE1E1F1F1F1E9DDE5DD210000DD39F5DD77FF4B422A09C0DD75FEDD5EFF1600D7
:20454B00ED5309C06B62CB3CCB1DCB3CCB1D7DE6C032FE7F2100B073DD6E0ADD660BE5DD21
:20456B006E08DD6609E5DD5E06DD5607DD6E04DD6605C5FDE1CD9C78DD4EFE0600ED43098B
:20458B00C05950CB3ACB1BCB3ACB1B7BE6C032FE7F2100B071DDF9DDE1E1FD210800FD39EE
:2045AB00FDF9E9DDE5DD210000DD39F5DD77FF4B422A09C0DD75FEDD5EFF1600ED5309C0CA
:2045CB006B62CB3CCB1DCB3CCB1D7DE6C032FE7F2100B073DD6E07DD6608E5DD5E05DD561A
:2045EB0006DD7E046960CD8C77DD4EFE0600ED4309C05950CB3ACB1BCB3ACB1B7BE6C032B8
:20460B00FE7F2100B071DDF9DDE1E1F1F133E9DDE5DD210000DD393B4F2A09C0DD75FF06B3
:20462B0000ED4309C06960CB3CCB1DCB3CCB1D7DE6C032FE7F2100B071DD6E05DD7E04D537
:20464B00FDE1CD9C78DD4EFF0600ED4309C05950CB3ACB1BCB3ACB1B7BE6C032FE7F2100F7
:20466B00B07133DDE1E1F1E9DDE5DD210000DD393B4F2A09C0DD75FF0600ED4309C06960F6
:20468B00CB3CCB1DCB3CCB1D7DE6C032FE7F2100B071DD6E04DD6605D5FDE1CD9C78DD4EC7
:2046AB00FF0600ED4309C05950CB3ACB1BCB3ACB1B7BE6C032FE7F2100B07133DDE1E1F19D
:2046CB00E9DDE5DD210000DD39F5DD77FF4B422A09C0DD75FEDD5EFF1600ED5309C06B62D2
:2046EB00CB3CCB1DCB3CCB1D7DE6C032FE7F2100B073DD5E06DD5607DD6E04DD6605C5FDE7
:20470B00E1CD9C78DD4EFE0600ED4309C05950CB3ACB1BCB3ACB1B7BE6C032FE7F2100B084
:20472B0071DDF9DDE1E1F1F1E9DDE5DD210000DD393B4F2A09C0DD75FF0600ED4309C069B1
:20474B0060CB3CCB1DCB3CCB1D7DE6C032FE7F2100B071EBCD8C774FDD5EFF1600ED530959
:20476B00C0436ACB3DCB18CB3DCB1878E6C032FE7F2100B0737933DDE1C9DDE5DD210000E7
:20478B00DD393B4F2A09C0DD75FF0600ED4309C06960CB3CCB1DCB3CCB1D7DE6C032FE7FB2
:2047AB002100B071DD7E04EBCD8C774FDD5EFF1600ED5309C0436ACB3DCB18CB3DCB1878EF
:2047CB00E6C032FE7F2100B0737933DDE1E133E9DDE5DD210000DD393B4F2A09C0DD75FF2A
:2047EB000600ED4309C06960CB3CCB1DCB3CCB1D7DE6C032FE7F2100B071DD7E04EBCD8C51
:20480B0077DD4EFF0600ED4309C06960CB3CCB1DCB3CCB1D7DE6C032FE7F2100B07133DD22
:20482B00E1E133E9DDE5DD210000DD393B4F2A09C0DD75FF0600ED4309C06960CB3CCB1D34
:20484B00CB3CCB1D7DE6C032FE7F2100B071DD7E06F533DD6E05DD7E04D5FDE1CD9C78DDA1
:20486B004EFF0600ED4309C06960CB3CCB1DCB3CCB1D7DE6C032FE7F2100B07133DDE1E154
:20488B00F133E9DDE5DD210000DD393B4F2A09C0DD75FF0600ED4309C06960CB3CCB1DCBDA
:2048AB003CCB1D7DE6C032FE7F2100B071DD6607DD6E06E5DD6E05DD7E04D5FDE1CD9C78F2
:2048CB00DD4EFF0600ED4309C06960CB3CCB1DCB3CCB1D7DE6C032FE7F2100B07133DDE1F8
:2048EB00E1F1F1E9DDE5DD210000DD393B4F2A09C0DD75FF0600ED4309C06960CB3CCB1DA6
:20490B00CB3CCB1D7DE6C032FE7F2100B071DD6607DD6E06E5DD6E05DD7E04D5FDE1CD9C3E
:20492B0078DD4EFF0600ED4309C06960CB3CCB1DCB3CCB1D7DE6C032FE7F2100B07133DD00
:20494B00E1E1F1F1E9DDE5DD210000DD393B4F2A09C0DD75FF0600ED4309C06960CB3CCB81
:20496B001DCB3CCB1D7DE6C032FE7F2100B071DD6E05DD7E04D5FDE1CD9C784FDD5EFF162A
:20498B0000ED5309C0436ACB3DCB18CB3DCB1878E6C032FE7F2100B0737933DDE1E1C1E97A
:2049AB00DDE5DD210000DD393B4F2A09C0DD75FF0600ED4309C06960CB3CCB1DCB3CCB1DA2
:2049CB007DE6C032FE7F2100B071EBCD8C774FDD5EFF1600ED5309C0436ACB3DCB18CB3DB5
:2049EB00CB1878E6C032FE7F2100B0737933DDE1C9DDE5DD210000DD393B4F2A09C0DD75E0
:204A0B00FF0600ED4309C06960CB3CCB1DCB3CCB1D7DE6C032FE7F2100B071DD7E04EBCDBB
:204A2B008C774FDD5EFF1600ED5309C0436ACB3DCB18CB3DCB1878E6C032FE7F2100B0732C
:204A4B007933DDE1E133E9DDE5DD210000DD393B4F2A09C0DD75FF0600ED4309C06960CBAD
:204A6B003CCB1DCB3CCB1D7DE6C032FE7F2100B071DD6E05DD7E04D5FDE1CD9C78DD4EFF97
:204A8B000600ED4309C05950CB3ACB1BCB3ACB1B7BE6C032FE7F2100B07133DDE1E1F1E9CF
:204AAB00EBFD210200FD39FD6E02FD6603E5FD6E00FD6601EBD5CD7760E1F1F1E9EBFD210A
:204ACB000200FD39FD6E02FD6603E5FD6E00FD6601EBD5CDD060E1F1F1E9EB21B4C43600E9
:204AEB0021B6C43601FD210200FD39FD6E02FD6603E5FD6E00FD6601EBD5CD7760E1F1F1D5
:204B0B00E9DDE5DD210000DD39EB21B4C436003AB6C4D6022808D521E5C3CD4D62D121B693
:204B2B00C43602DD6E06DD6607E5DD6E04DD6605EBD5CD7760DDE1E1F1F1E9C3F5603E092A
:204B4B00CD4472CD2E6F21DA42CD56702E003E07CD4A732E003E17CD4A73AFCD8B732132B6
:204B6B00002209C03E0CE6C032FE7F3E322100B0772620E5AFF5331100002100A0CD757062
:204B8B002133002209C03E0CE6C032FE7F3E332100B0772620E5AFF5331100202100A0CDB2
:204BAB0075702134002209C03E0DE6C032FE7F3E342100B0772620E5AFF5331100402100F7
:204BCB00A0CD75702135002209C03E0DE6C032FE7F3E352100B0772620E5AFF53311006069
:204BEB002100A0CD75702136002209C03E0DE6C032FE7F3E362100B0772620E5AFF5331186
:204C0B0000802100A0CD75702137002209C03E0DE6C032FE7F3E372100B0772620E5AFF527
:204C2B00331100A02100A0CD75702138002209C03E0EE6C032FE7F3E382100B0772614E550
:204C4B00AFF5331100C02100A0CD7570AFFE78D0763CC3584CDDE5DD210000DD3921EDFF3D
:204C6B0039F9CDC454CDD355210A00E52180C9E5219700CDC84A2104002209C03E01E6C032
:204C8B0032FE7F3E043200B02143A0CDBD65210BC43619210200220CC4212A53CD156A2ED7
:204CAB00003EFFCD5B65DD36FDFADD36FE42DD36F108DD36F200DD36F300DD36F4FFDD3692
:204CCB00F500DD36EF00DD36F000DD36FF00218DC43601CD345A11E1A13E07CD8B403A0E01
:204CEB00C0DD77F63A0BC0DD77F73A0FC0DD77F8210CC07EDD77F9DD36FA00DD36FB00DD4A
:204D0B0036FC000E00DD7EFFB72806DD35FFC3164EDD7EF2B72029DD7EF6D607200BDD7ED0
:204D2B00F0D6072804DD36FA01DD7EF6D603C20A4EDD7EF0D603CA0A4EDD36FB01C30A4EAD
:204D4B00DD7EF23D204ADD7EF6D607200BDD7EF0D6072804DD36FA01DD7EF6D603200BDD67
:204D6B007EF0D6032804DD36FB01DD7EF63D200ADD7EF03D2804DD36FC01DD7EF6D605C23C
:204D8B000A4EDD7EF0D6052876DD36FC01C30A4EDD7EF2D6022068DD7EF7D607200BDD7E5F
:204DAB00EFD6072804DD36FA01DD7EF7D603200BDD7EEFD6032804DD36FB01DD7EF63D2080
:204DCB000ADD7EF03D2804DD36FC01DD7EF6D605200BDD7EF0D6052804DD36FC01DD7EF7EF
:204DEB003D200ADD7EEF3D2804DD36FC01DD7EF7D605200BDD7EEFD6052804DD36FC01DDE8
:204E0B007EF6DD77F0DD7EF7DD77EFDD7EF2B7200BDD7EF8B728250E01C3474EDD7EF23DC3
:204E2B00200BDD7EF8B728140E01C3474EDD7EF2D6022008DD7EF9B728020E01DD7EFAB7F2
:204E4B00200CDD7EFBB72006DD7EFCB72804DD36FF0CDD7EFAB72831DD7EF3B7200BDD36E8
:204E6B00F905DD36FA00C3804EDD7EF33DDD77F9079FDD77FADD7EF9DD77F3DD7EF2B728F8
:204E8B0008DD7EF5DD96F328CFDD7EFBB72822DD7EF3D60520045FC3AB4EDD7EF33C5F07A3
:204EAB00DD73F3DD7EF2B72808DD7EF3DD96F528DEDD7EFCB7CA554FDD7EF2B7CA554F21A5
:204ECB005AC41162C4DD7EF23D2041DD36F202AF772377210200225CC4210001225EC421D4
:204EEB000B002260C4AF122163C436002164C436C0C5CDD571C1210BC43619210200220CAF
:204F0B00C4C5214453CD156AC1C3554FDD36F201AF772377210200225CC4210001225EC440
:204F2B00210B002260C4AF122163C436002164C436C0C5CDD571C1210BC436192102002259
:204F4B000CC4C5215E53CD156AC1DD7EF4DD96F3287ADD7EF43C2849DD5EF41600EB291115
:204F6B000653195D54237EDD77FBDD36FC001A5F1600ED535AC4215CC4DD7EFB7723DD7E8B
:204F8B00FC77211800225EC42E0B2260C42162C436002163C436002164C436C0C5CDD57185
:204FAB00C1DD6EF32600297DC606477CCE536867235E160068677E320BC4ED530CC4C521C1
:204FCB007753CD156AC1DD7EF3DD77F479B7CA2E52DD7EF3DD77FBDD36FC006F2600291164
:204FEB000653195D54234E06001A5F1600ED535AC4ED435CC4211800225EC42E0B2260C4D3
:20500B002162C436002163C436002164C436C0CDD571DD6EFBDD66FC2929111253195D5421
:20502B002323237EDD77F5DD36F6006B6223234E06006B62236EDD75F7DD36F8001A5F1684
:20504B0000DD73F9DD72FAAF3CDD75FBDD77FCED5356C42158C4DD7EFB7723DD7EFC7721B5
:20506B005AC4DD7EF97723DD7EFA77215CC4DD7EF77723DD7EF877ED435EC42160C4DD7E64
:20508B00F57723DD7EF6772163C436002164C436D0CDA2713E68DD86F34F3E44CE0047DD42
:2050AB007EF2B72071DD7EF3DD77F5DD7EF3328AC40A328BC4F53311CFA03E08CD6E44DDF3
:2050CB0036F201DD7EF3B72006010100C3DD50010000DD71F3DD36F4FF210000225AC42EA8
:2050EB0002225CC4210001225EC4210B002260C42162C436002163C436002164C436C0CD82
:20510B00D571210BC43619210200220CC4215E53CD156AC32E520A328AC4F53311CFA03E19
:20512B0008CD6E44DD7EF23D2009DD77FBDD77FCC34651DD36FB01DD36FC00DD7EFB328DFE
:20514B00C4DD36FF00DD7EFFD63CD2FE52CD345A2101002256C42EC82258C46C225AC42E19
:20516B00C8225CC42EFF225EC42E0B2260C42163C436002164C436D0CDA271DD7EF1D60853
:20518B003868DD36F100DD6EFDDD66FE7EB72008DD36FDFADD36FE4221000039EBDD6EFD90
:2051AB00DD66FE7E124B4203AF02210000225AC42EDC225CC42E08225EC42E0B2260C4210B
:2051CB0062C436002163C436002164C436C0D5CDD571D1210BC4360021DC00220CC4EBCD25
:2051EB00156ADD34FD2003DD34FEDD4EF10600ED4356C421DC002258C42EFF225AC42EC8DB
:20520B00225CC42E01225EC42E0B2260C42163C436002164C436D0CDA271DD34F1DD34FF90
:20522B00C350512101002256C42EC82258C46C225AC42EC8225CC42EFF225EC42E0B22605D
:20524B00C42163C436002164C436D0CDA271DD7EF1D6083868DD36F100DD6EFDDD66FE7EFD
:20526B00B72008DD36FDFADD36FE4221020039EBDD6EFDDD66FE7E124B4203AF0221000025
:20528B00225AC42EDC225CC42E08225EC42E0B2260C42162C436002163C436002164C43604
:2052AB00C0D5CDD571D1210BC4360021DC00220CC4EBCD156ADD34FD2003DD34FEDD4EF1C2
:2052CB000600ED4356C421DC002258C42EFF225AC42EC8225CC42E01225EC42E0B2260C4A1
:2052EB002163C436002164C436D0CDA271DD34F1C3DE4CCD7B53DDF9DDE1C91E5F6F5FC202
:20530B005F1EB56EB5C2B50610505656105056A81050560668505656685056A8685056540E
:20532B0045414D20312053454C454354494F4E2028504C4159455229005445414D203220A1
:20534B0053454C454354494F4E20285E4A4F59325F29005445414D20322053454C454354F1
:20536B00494F4E20285E4350555F2900242424003AB3C4B7C021B3C436013E09CD4472CD2C
:20538B002E6F21DA42CD56702E003E07CD4A733E40F5332EBF3E01CD69732147002209C0CA
:2053AB003E11E6C032FE7F3E472100B0772620E5AFF5331100002100A0CD75702148002260
:2053CB0009C03E12E6C032FE7F3E482100B0772620E5AFF5331100202100A0CD7570214976
:2053EB00002209C03E12E6C032FE7F3E492100B0772620E5AFF5331100402100A0CD75707D
:20540B00214A002209C03E12E6C032FE7F3E4A2100B0772620E5AFF5331100602100A0CDB5
:20542B007570214B002209C03E12E6C032FE7F3E4B2100B0772620E5AFF5331100802100FB
:20544B00A0CD7570214C002209C03E13E6C032FE7F3E4C2100B0772620E5AFF5331100A06C
:20546B002100A0CD7570214D002209C03E13E6C032FE7F3E4D2100B0772614E5AFF53311D5
:20548B0000C02100A0CD757001000059507BD62C7ADE01D0C5D5CD345A11E1A13E07CD8B59
:2054AB0040D1C13E1EBB3E009A300A3A0FC0B7C03A0CC0B7C003C396543E09CD4472CD2E74
:2054CB006F21DA42CD56702E003E07CD4A732E003E17CD4A73AFCD8B732139002209C03E7B
:2054EB000EE6C032FE7F3E392100B0772620E5AFF5331100002100A0CD7570213A00220973
:20550B00C03E0EE6C032FE7F3E3A2100B0772620E5AFF5331100202100A0CD7570213B005D
:20552B002209C03E0EE6C032FE7F3E3B2100B0772620E5AFF5331100402100A0CD7570212C
:20554B003C002209C03E0FE6C032FE7F3E3C2100B0772620E5AFF5331100602100A0CD753F
:20556B0070213D002209C03E0FE6C032FE7F3E3D2100B0772620E5AFF5331100802100A0AE
:20558B00CD7570213E002209C03E0FE6C032FE7F3E3E2100B0772620E5AFF5331100A021CA
:2055AB0000A0CD7570213F002209C03E0FE6C032FE7F3E3F2100B0772614E5AFF5331100D5
:2055CB00C02100A0CD7570C92140002209C03E10E6C032FE7F3E402100B0772620E53E01A5
:2055EB00F5331100002100A0CD75702141002209C03E10E6C032FE7F3E412100B0772620F7
:20560B00E53E01F5331100202100A0CD75702142002209C03E10E6C032FE7F3E422100B04D
:20562B00772620E53E01F5331100402100A0CD75702143002209C03E10E6C032FE7F3E431F
:20564B002100B0772620E53E01F5331100602100A0CD75702144002209C03E11E6C032FE0C
:20566B007F3E442100B0772620E53E01F5331100802100A0CD75702145002209C03E11E6BA
:20568B00C032FE7F3E452100B0772620E53E01F5331100A02100A0CD75702146002209C0BD
:2056AB003E11E6C032FE7F3E462100B0772614E53E01F5331100C02100A0CD7570C94FB7D6
:2056CB00202B4B42210400094E2346D559503E0ACD6670D16B624E2346D559503E0BCD664A
:2056EB0070D1EB23235E23563E0DC366700DC0D5FDE1FD6E04FD6605EBE53E0CCD6670D18D
:20570B006B624E2346D559503E05CD6670D1EB23235E23563E09C36670DDE5DD210000DD40
:20572B0039FD21F5FFFD39FDF9DD75FDDD74FE011200097EDD77FFB7CA3959DD7EFDC60427
:20574B00DD77FBDD7EFECE00DD77FCAFDD96FFE25F57EE80F24358AFDD96FFE26B57EE8091
:20576B00F23959DD6EFBDD66FC7EDD77F9237EDD77FADD4EF9DD46FA21C00009DD7EFF4F87
:20578B00079F47BFED42EB7AE601577BDD77F7DD36F8004F060021DA4019DD75F9DD74FA70
:2057AB005EAFC60357ED5358C4210000225AC4ED435CC42E012260C42163C436002164C468
:2057CB0036E0CDA271DD4EF7DD7EF83C47DD6EF9DD66FA7E16005F7AC60357ED5358C42145
:2057EB000000225AC4ED435CC42E012260C42163C436002164C436E0CDA271DD4EF7DD7E5F
:20580B00F8C60247DD6EF9DD66FA5E160021000319EBED5358C4210000225AC4ED435CC44C
:20582B002E012260C42163C436002164C436E0CDA271DD35FFC36257AFDD96FFDD77FFDD4D
:20584B007EFBDD77F5DD7EFCDD77F6AFDD96FFE25F58EE80F23959E1E54E2346DD7EFF6FE8
:20586B00079F6709EB1B7AE601577BDD77F7DD36F8004F060021DA4019DD75F9DD74FA5EDB
:20588B00AFC60357ED5358C4210000225AC4ED435CC42E012260C40163C4AF022164C43654
:2058AB00E0C5CDA271C1DD5EF7DD7EF83CDD73FBDD77FCDD6EF9DD66FA7E16005F7AC60384
:2058CB0057ED5358C4210000225AC4215CC4DD7EFB7723DD7EFC772101002260C4AF022170
:2058EB0064C436E0C5CDA271C1DD5EF7DD7EF8C60257DD6EF9DD66FA6EAFC60367DD75FB3A
:20590B00DD74FC2158C4DD7EFB7723DD7EFC77210000225AC4ED535CC42E012260C4AF024D
:20592B002164C436E0CDA271DD35FFC35658DDF9DDE1C947F1E1F53A09C0F5F3AF3209C09B
:20594B003E03320AC03EC032B7C4F53E0132FF7FF132FE7FAF32FF7FFBCD8359AFF33C32BD
:20596B00FF7F3D32FE7F32FF7F32B7C4320AC0F13209C03200B0FBC97DE60387874FCB3CFD
:20598B00CB1DCB3CCB1D3E00853209C03200B0626B297CE601FD6F7CE606FD67CB3ACB1B09
:2059AB00CB1853586926A07AF6C057E93E0132B5C43AB4C4B72822FD21B4C4FD35003AB45C
:2059CB00C4B720153AB6C4D602200ECD256021B6C4360021E5C3CDA262FD217AC4FD350007
:2059EB003A7AC4B7C2464BFD36003C3A92C4B7CA464B3A7CC4B720073A7BC4B7CA464B3AEC
:205A0B007BC4B72012FD217BC4FD36003BFD217CC4FD3500C3464BFD217BC4FD3500C3460C
:205A2B004B00000000000000003AB5C4B728FA21B5C43600CD995F3AB6C4B7C8CD5F60B779
:205A4B00C03AB6C43D202921B6C436003A83C4B7280F211200E521804DE5213002CDD060C6
:205A6B00C9210B00E52100ABE5213601CDD060C9FD21B6C4FD36000021E5C3C3A262DDE555
:205A8B00DD210000DD3921FAFF39F95F1600210000656A531E000607CB22ED6A10FA333304
:205AAB00D5DD75FCDD74FD2A09C0DD74FEDD75FF0E0079D604306051AF5F6F631E0006058C
:205ACB00CB22ED6A10FA7BDD86FA5F7ADD8EFB577DDD8EFC6F7CDD8EFD67D5FDE1EB79C684
:205AEB00FC3209C03200B0792600C6FC3001247C47F5780F0FE6C047F121FE7F702109C0E8
:205B0B0023777BFDE5D1C5210020E5F53326A0CD7570C10CC3BD5ADD7EFE0F0FE6C032FE33
:205B2B007F0109C003DD7EFE020109C0DD7EFF022100B0DD7EFF77DDF9DDE1C93A2D00B770
:205B4B002016CD927801835B0AB7CA9F00035FC57BCDA200C1C3535BCD3D77CDAF5F21DB89
:205B6B00F33600CD494B11B759219FFDCD9577CD604CCDA05BC37A5B546869732067616D13
:205B8B0065206E656564204D535832206F722061626F766500DDE5DD210000DD39F5CD25A4
:205BAB006021B6C43600217FC436002180C436002181C436002182C43600217CC436012182
:205BCB007BC43600217EC43601218CC436012183C436000184C4AF0203AF022192C436000A
:205BEB00013E44ED5B8AC416006B622919291909C511D7C3010700EDB0C1ED5B8BC416008E
:205C0B006B62291929190911DEC3010700EDB03E06CD44723E20F5332EDF3E08CD6973215E
:205C2B00DA42CD56702E013E07CD4A73AFF5332E7F3E09CD69733E02F5332EFD3E08CD6929
:205C4B0073CD2E6F210080E5AFF5331100003E77CDB8703E03CD895A210000225AC42603C9
:205C6B00225CC4210800225EC42ED42260C42162C436770163C4AF022164C436C0C5CDD5AF
:205C8B0071C1210000225AC42603225CC4210800225EC42ED42260C42162C43677AF022180
:205CAB0064C436C0CDD5712104002209C03E01E6C032FE7F3E043200B02151A4CDBD652EAD
:205CCB00073E04CD5B65DD36FF003A8BC426006F29116EC4194E23460ADD77FE010BC4AF9C
:205CEB0002210803220CC4C521020039CD156AC13A8BC46F260029116EC4195E2356131AA4
:205D0B00DD77FEAF02211003220CC4C521020039CD156AC13A8BC46F260029116EC4195E20
:205D2B00235613131ADD77FEAF02211803220CC4C521020039CD156AC1AF02212003220C1D
:205D4B00C4C521405FCD156AC1AF02212803220CC4C521425FCD156AC13A8AC46F26002919
:205D6B00116EC4195E23561ADD77FEAF02213803220CC4C521020039CD156AC13A8AC46F55
:205D8B00260029116EC4195E2356131ADD77FEAF02214003220CC4C521020039CD156AC1C2
:205DAB003A8AC46F260029116EC4195E235613131ADD77FEAF02214803220CC4C5210200D6
:205DCB0039CD156AC1AF02215003220CC4C521405FCD156AC1AF02215803220CC4C5214282
:205DEB005FCD156AC13EF802210803220CC4C521445FCD156AC13EF802211003220CC4C51D
:205E0B0021465FCD156AC13EF802211803220CC4C521485FCD156AC13EF802212003220CFA
:205E2B00C4C5214A5FCD156AC13EF802213003220CC43A7CC45F1600C5D5214C5FE5CD5919
:205E4B006BF1F1C13EF802213C03220CC43A7BC46F2600C5110A00CDBF79D5214C5FE5CD59
:205E6B00596BF1F1C13EF802214403220CC43A7BC44F0600C5110A006960CDBF79C16B6214
:205E8B002929192979954F789C47C5214C5FE5CD596BF1F121A4C336012100002296C32146
:205EAB00A9C33600ED4B96C3ED43ADC321C0C336F8ED4B96C3ED43C4C3AFF5332EBF3E01E7
:205ECB00CD69732A96C3110000D5E51100A03E05CDCC462A96C3110001D5E51100A03E05AA
:205EEB00CDCC462A96C3110002D5E51100A03E05CDCC4601AAC33AA9C30201ABC33AA9C36A
:205F0B000201ACC33AA9C30201C1C33AC0C30201C2C33AC0C30201C3C33AC0C3023E40F51A
:205F2B00332EBF3E01CD69731145A73E04CD8B40DDF9DDE1C920003000540049004D00459B
:1C5F4B0000256900495441004652410042524100474552004E4C4400455350007C
:2079EF004F5F535F575F5B5F5F5F635F3C0001FF01000000000000000001010100040100E3
:207A0F00FFFFFFFF00FFFF00000000FFFF00FF00000000000000000A07FF000001FF0064EC
:097A2F000001FFFF00000000004F
:205F6700AF328F980680210098772310FCC93AF6C3B728190F0FE6C0F53E0132FF7FF132AE
:205F8700FE7FAF32FF7F3E0132B8C41804AF32B8C4C93AB8C4B7280F3E0132FF7FAF32FE7D
:205FA7007F32FF7F32B8C4C9CD0963B7200921490722F9C3C3C45F21BD0822F9C32102C43B
:205FC7003600FD2103C4FD360000213F002207C03E0FE6C032FE7F3E3F210090772100902B
:205FE700363FF5E53E2032E09832C098AF328E98328F983E0F328A98328B98328C98328D4E
:20600700982AF9C3228098228298228498228698210000228898E1F1C9ED5BB9C4C921FF5B
:20602700FF22B9C421000022F7C3FD2103C4FD360000C3675F3A03C4B7C03AF8C3FD21F79B
:20604700C3FDB600C8FD2103C4FD360001AF328F98C92103C43600C93AF8C321F7C3B6287C
:20606700063A03C4B72802AFC93E01C93A03C4C9DDE5DD210000DD39E5CD2560E122B9C45A
:2060870022FEC3DD7E04C67F4FDD7E05CE0047DD7E06CE005FDD7E07CE00573E07CB3ACB84
:2060A7001BCB18CB193D20F5ED4300C4FD2102C4FD36000022F5C321000022F3C32A00C4D9
:2060C70022F7C3DDE1E1F1F1E9EBFD210200FD39FD6E02FD6603E5FD6E00FD6601EBD5CD1E
:2060E7007760FD2102C4FD360001E1F1F1E93A03C4B720093AF8C321F7C3B62002AFC9CD30
:206107005B613E0F328F98ED4BF7C321F7C379C6FF772378CEFF773AF8C3FD21F7C3FDB635
:2061270000C259613A02C4B728152AFEC322F5C321000022F3C32A00C422F7C3C356613AAC
:2061470002C4B7200621FFFF22B9C4AF328F983E01C9AFC92109C07E2332FBC37E32FCC365
:206167003AB7C432FDC33AF6C30F0FE6C0473AFDC3B828143E0132FF7F7832FE7FAF32FF8F
:206187007F3E0132B8C41804AF32B8C43AF5C33209C0AF320AC03AF5C33200B02AF3C301C6
:2061A70000A009110098011500EDB0E53AFAC3328198010B0009112098011500EDB0E53204
:2061C7008398010B0009114098011500EDB0E5328598010B0009116098011500EDB032872E
:2061E70098117598010B00EDB0E1115598010B00EDB0E1113598010B00EDB0E111159801A9
:206207000B00EDB0ED5BFBC3ED5309C03AB8C4B728123E0132FF7F3AFDC332FE7FAF32FFA1
:206227007F32B8C47B3200B02AF3C30180000922F3C33AF4C3D620D82AF5C32322F5C321CC
:20624700000022F3C3C95D543AF3C377233AF4C3774B4203033AF5C302033AF6C30221044F
:2062670000193AF7C377233AF8C377210600193AB9C477233ABAC477210800193AFEC37790
:20628700233AFFC377210A00193A00C477233A01C477210C00193A02C477C9EBAF328F9896
:2062A7006B627E2332F3C37E32F4C36B6223237E2332F5C37E32F6C34B42210400097E23B7
:2062C70032F7C37E32F8C34B42210600097E2332B9C47E32BAC44B42210800097E2332FE95
:2062E700C37E32FFC34B42210A00097E233200C47E3201C4210C00197E3202C42103C436BB
:1063070000C93AE8FFCB4F28042E0118022E00C916
:047A38000000FFFF4C
:020000040004F6
:20A000004F1111C0060069602929092909290919110F00195E235679D60738113A90C4919A
:20A0200028053A91C491C021300019EBC93A8DC43DC03A8EC49128053A8FC491C0213000F4
:20A0400019EBC98B8B215F181818181818001818000036362448000000000000006C6CFE2F
:20A06000FE6CFEFE6C6C0000FFFFFFFF0000000000000066660C0C18303066660000387CCA
:20A080006C383A6E6C7E3A000018181020000000000000000C1C38303030381C0C00003070
:20A0A000381C0C0C0C1C3830000000667E3C3C7E66000000000018187E7E18180000000008
:20A0C00000000000000000606040800000007E7E0000000000000000000000000060600044
:20A0E0000006060C0C18303060600000183C7E6666667E3C180000183878181818187E7E0A
:20A1000000003C7E66060C18307E7E0000787C0E1C381C0E7C78000020606C6C7E7E0C0CE9
:20A120000C00007E7E607C0E06667C3800001E3E707C6E66663C1800007E7E060C0C1838CD
:20A14000706000003C7E66663C66667E3C00003C7E667E3E06667C3800000000006060002B
:20A1600000606000000000000000000060604080040C18306030180C04000000007E7E0093
:20A180007E7E000000002030180C060C18302000003C7E660E1C180018180000387C660623
:20A1A000767E4E6E3C00003C7E66667E7E6666660000787C66667C66667E7C0000183C7E2B
:20A1C0006660667E3C180000787C66666666667C7800007E7E60607860607E7E00007E7EAF
:20A1E0006060786060606000003C7E66606E66667E3C00006666667E7E6666666600003C31
:20A200003C18181818183C3C00007E7E0C0C0C6C6C7C38000066666C7870786C6666000096
:20A22000606060606060607E7E0000667E7E6666666666660000666676767E6E6E666600DE
:20A24000003C7E66666666667E3C00007C7E66667E7C60606000003C7E666666666C7E363A
:20A2600000007C7E667E7C6666666600003E7E70783C1E0E7E7C00007E7E1818181818185A
:20A28000180000666666666666667E3C000066666666663C3C181800006666666666667E9A
:20A2A0007E6600006666663C183C66666600006666663E1E0606060600007E7E060C1830CA
:20A2C000607E7E00003C3C30303030303C3C000060603030180C0C060600003C3C0C0C0C4A
:20A2E0000C0C3C3C000000000010387C6C00000000000000006C7C381000000030301008F6
:20A30000000000000000000000007C0E3E667E3E00006060607C7E66667E7C000000000073
:20A320003C7E60627E3C00000606063E7E66667E3E00000000003C7E667E703E00001E3EE9
:20A3400030303C3C30303000000000003E7E66763E067E3C6060607C7E6666666600001835
:20A36000180018181818183C00000606000E0E060606667E3C606060666E78786E660000FF
:20A38000303030303030383C1C0000000000547E7E6A6A6A00000000005C7E66666666000D
:20A3A000000000003C7E66667E3C00000000005C7E66667E7C60600000003A7E66667E3EBD
:20A3C00006060000005C7E7660606000000000003E707C3E0E7C00003030303C3030303083
:20A3E0001C0000000000666666667E3A00000000006666662C3C1800000000006A6A6A7E83
:20A400007E54000000000066761C386E6600000000006666667E3E067E3C0000007E7E00BC
:20A42000007E7E00000C1C18183018181C0C00001818181818181818180000303818180CC4
:20A440001818383000000000227A5E4400000000008888217E78484848784878007C5454CB
:20A460007C000000007CD682D682D67C006EC2AEC6EA86EC00EEBAF66CDEBAEE0078C8AE64
:20A48000CAB6CA7E0078485870000000001C342C282C341C00382C3414342C3800007C5438
:20A4A0006C547C000000386C446C3800000000000070D090F000007C447C000000000000D8
:20A4C00000705070000E1A366CD8B0E0003C665A5A5A663C00386848686C447C007C467A10
:20A4E000665E427E007C467A267A467C00705C564276141C007E425E467A467C003E625E92
:20A50000465A663C007E427A366C5870003C665A665A663C003C665A627A467C000070509D
:20A5200070507000000000705070D090F01C346C586C341C00007C447C447C000070586C6B
:20A54000346C587000784C742C382838007CC6BAFA4A467C003C665A5A425A7E007C465A09
:20A56000465A467C003C665A5E5A663C007C465A5A5A467C007E425E445E427E007E425EF3
:20A58000445C5070003C665E525A663C007E5A5A425A5A7E007C446C286C447C007E4276B1
:20A5A00074546C38007E5A564C565A7E00705050505E427E00EEBA92AABAAAEE00EEBA9A91
:20A5C000AAB2BAEE007CC6BABABAC67C007C465A465C5070003E625A623A0A0E007C465A7D
:20A5E000465A5A7E003E625E667A467C00FE82EE28282838007E5A5A5A5A663C00EEAABA4B
:20A60000D6546C3800EEAABAAAAAD67C00EEBAD66CD6BAEE007E5A5A6634141C007E427AD6
:20A62000665E427E003C242C282C243C00E0B0D86C361A0E003C24341434243C00386CD66E
:20A64000BAEE0000000000000000FE82FE78486838000000003C263A625A623E0070505C60
:20A66000465A467C00003E625E5E623E000E0A3A625A623E003C665A465E623E003E625E90
:20A68000445C507000003E625A627A467C70505C465A5A7E00003828382C243C00000E0AF2
:20A6A0000E7A5A663C70505E524E527E00382828282C341C000000FC86AAAAFE0000007C0C
:20A6C000465A5A7E0000003C665A663C0000007C465A465C7000003C625A623A0E007E52C4
:20A6E0004E585070003C645C663A263C00705848585C643C0000007E5A5A623E0000007E42
:20A700005A566C38000000FEAAAAD67C0000007C546C547C0000007E4A727A467C00007E41
:20A7200042766E427E3C246C486C243C00382828282828380078486C246C487800003E6AF7
:20A74000567C000000DDE5DD210000DD3921F3FF39F9011A44ED5B8AC416006B62291929C9
:20A7600009C5EBAFCDC956C1ED5B8BC416006B6229192909EB3E01CDC956DD36F300DD36A7
:20A78000F400DD36F5002100002296C321A4C33601DD36FF00DD7EFFD607D2E7A8DD4EFF8E
:20A7A0000600696029290929092909DD75FDDD74FEDD7EFDC611DD77F8DD7EFECEC0DD77B7
:20A7C000F9DD7EFF4F878787918787C624DD77FADD6EF8DD66F9DD7EFA77DD6EF8DD66F9A1
:20A7E0001104001936E4233600DD7EF8C60FDD77FBDD7EF9CE00DD77FCDD7EFFB7200BDDB6
:20A8000036FDD5DD36FE00C312A8DD36FD03DD36FE00DD4EFDDD46FEDD6EFBDD66FC71231C
:20A8200070DD6EF8DD66F9111100193600DD6EF8DD66F9111200193600DD7EFFDD77FBDD41
:20A8400036FC00DD7EFBC607DD77FDDD7EFCCE00DD77FEDD4EFDDD46FE696029290929093C
:20A860002909DD75FBDD74FC3E11DD86FBDD77FD3EC0DD8EFCDD77FEDD6EFDDD66FEDD7E73
:20A88000FA77DD6EFDDD66FE110400193614233601DD7EFDC60FDD77F9DD7EFECE00DD77F7
:20A8A000FADD7EFFB7200BDD36FBD6DD36FC00C3BAA8DD36FB76DD36FC00DD4EFBDD46FC72
:20A8C000DD6EF9DD66FA712370DD6EFDDD66FE111100193600DD6EFDDD66FE1112001936FE
:20A8E00000DD34FFC395A72153C136782100012257C12160002262C12164C136002165C181
:20A9000036000E0F79D62730340600696029290929092909EB2111C019EBAF12210400199C
:20A9200036E8233603210F0019AF7723772111001936002112001936000CC304A92167C2CB
:20A940003614210001226BC22E1B2276C22178C236002179C236004E79D627D2F3A906003E
:20A960006960292909290929091111C0195D54231A7721060019DD75FCDD74FD21040019D5
:20A98000DD75FADD74FB7EDD77FE237EDD77FFDD6EFCDD66FDDD7EFE7723DD7EFF776B6243
:20A9A00023231A7721080019DD75FCDD74FDDD6EFADD66FB7EDD77FE237EDD77FFDD6EFC54
:20A9C000DD66FDDD7EFE7723DD7EFF776B622323231A77210A0019DD75FEDD74FFDD6EFA83
:20A9E000DD66FB46235EDD6EFEDD66FF7023730CC358A9ED4B96C3ED43C6C3ED43AFC3ED18
:20AA00004B96C3ED43C8C3ED43B1C3ED4B96C3ED43CAC3ED43B3C31101A03E08CD8B40CDE2
:20AA2000345A11E1A13E07CD8B40219C00E521040039E521050039E521060039E51100A0F9
:20AA40003E09CD3245DD7EF33CCADBB2C34FAAAFCD8B7321AFC36E3E17CD4A732192C3CD31
:20AA600024571170AA3E05CDAB49DD77F60E0079D627303606006960292909290929091159
:20AA800011C0195D54C5010A0009C146237E2103001956C5210002E56867E5D533117EA24D
:20AAA0003E05CDAE45C10CC36FAADD7EF6B72036ED5B57C17AD602302D210F02194D442A77
:20AAC00096C379954F789CE6014779D6CF78DE003014ED4B62C16B26005D7C3C572153C139
:20AAE0006EC57DCD3E59DD36FF00DD7EFFD60ED27FABDD4EFF06006960292909290929093E
:20AB0000EB2111C019DD75F7DD74F8DD7EF7C604DD77F9DD7EF8CE00DD77FADD6EF9DD664E
:20AB2000FA4E234678D6023050210F0209DD75FBDD74FC2196C37EDD77FD237EDD77FEDDA6
:20AB40007EFBDD46FCDD96FD4F78DD9EFEE6014779D6CF78DE003021DD7EFFCD00A0DD6EA8
:20AB6000F9DD66FA6E26004D7C3C47DD6EF7DD66F86ED559507DCD3E59DD34FFC3EAAADD31
:20AB80007EF6B72836ED5B57C17AD602302D210F02194D442A96C379954F789CE6014779A6
:20ABA000D6CF78DE003014ED4B62C16B26005D7C3C572153C16EC57DCD3E590E0F79D62722
:20ABC000307506006960292909290929091111C019DD75FCDD74FD1104001946237EDD7049
:20ABE000FEDD77FFD602304BDD7EFEC60F5FDD7EFFCE02572A96C37B955F7A9CE601477BF2
:20AC0000D6CF78DE00302CDD5EFCDD56FD210F00195E2356DD6EFEAF3CDD75FEDD77FFDDA2
:20AC20006EFCDD66FD46C5D5DD5EFEDD56FF78CD3E59C10CC3BDABED4B96C33AA9C32100F3
:20AC400001E5C5F5331198A63E05CDAE45ED4B96C33AC0C3210001E5C5F5331137A93E0559
:20AC6000CDAE450E0079D627303306006960292909290929091111C0195D5423231A7721FB
:20AC8000080019DD75FEDD74FF2104001946235EDD6EFEDD66FF7023730CC365ACED4B96AF
:20ACA000C3ED43B1C3ED4B96C3ED43C8C3CD345A11E1A13E07CD8B40219C00E52104003916
:20ACC000E521050039E521060039E51100A03E09CD3245DD7EF33CCADBB2C3DDAC3E01CD91
:20ACE0008B7321B1C36E3E17CD4A732192C3CD24571170AA3E05CDAB494F060078D627308D
:20AD00003E5816006B62292919291929191111C0195D54C501060009C17EDD77FE237EDD3B
:20AD200077FF131AC5210000E5DD6EFEDD66FFE5F533117EA23E05CDAE45C104C3FCAC7930
:20AD4000B7204FED5B57C17AD6023046210F0219DD75FEDD74FF2A96C3DD7EFEDD46FF9527
:20AD60006F789CE601477DD6CF78DE0030242162C17EDD77FE237EDD77FF160021000219FC
:20AD8000EB2153C146C5DD6EFEDD66FFE578CD3E59C1060078D60E307A5816006B622929E2
:20ADA00019291929191111C019DD75FCDD74FDDD7EFCC604DD77FEDD7EFDCE00DD77FFDD96
:20ADC0006EFEDD66FF5E23567AD6023042210F0219EB2A96C37B955F7A9CE601577BD6CF8E
:20ADE0007ADE00302AC578CD00A0C1DD6EFEDD66FF6EAFC602DD75FEDD77FFDD6EFCDD6699
:20AE0000FD6EC5D5DD5EFEDD56FF7DCD3E59C104C394AD79B72836ED5B57C17AD602302D7B
:20AE2000210F02194D442A96C379954F789CE6014779D6CF78DE003014ED4B62C1160021CA
:20AE4000000219EB2153C16EC57DCD3E59DD36FF0FDD7EFFD6273064DD4EFF060069602975
:20AE60002909290929091111C0194D445950210400195E237EDD73FDDD77FED6023037DD0F
:20AE80007EFDC60F5FDD7EFECE02572A96C37B955F7A9CE601577BD6CF7ADE0030185950D4
:20AEA000210F00197E23666FDD5EFDAFC602570A4FE579CD3E59DD34FFC351AEED4B96C34F
:20AEC0003AA9C3210002E5C5F5331198A63E05CDAE45ED4B96C33AC0C3210002E5C5F53342
:20AEE0001137A93E05CDAE45DD36FF00DD7EFFD6273033DD4EFF06006960292909290929E3
:20AF000009EB2111C019EB4B420303031A02210A00194D44210400195E23567B02037A02AF
:20AF2000DD34FFC3ECAEED4B96C3ED43B3C3ED4B96C3ED43CAC3CD345A11E1A13E07CD8B94
:20AF400040219C00E521040039E521050039E521060039E51100A03E09CD3245DD7EF33C7D
:20AF6000CADBB2C366AF3E02CD8B7321B3C36E3E17CD4A732192C3CD24571170AA3E05CDBA
:20AF8000AB494FDD36FF00DD7EFFD627303ADD5EFF16006B62292919291929191111C01994
:20AFA0005D54C501080009C146237EEB232356C5210001E56867E5D533117EA23E05CDAE63
:20AFC00045C1DD34FFC387AF79B72041ED5B57C17AD6023038210F0219DD75FEDD74FF2AA2
:20AFE00096C3DD7EFEDD46FF956F789CE601477DD6CF78DE0030162162C146237E16002117
:20B0000053C16EC5E56867E37DCD3E59C1DD36FF00DD7EFFD60ED298B0DD5EFF16006B6229
:20B02000292919291929191111C019DD75F9DD74FADD7EF9C604DD77FBDD7EFACE00DD77AC
:20B04000FCDD6EFBDD66FC5E23567AD6023043210F0219EB2A96C37B955F7A9CE601477BEC
:20B06000D6CF78DE00302BC5DD7EFFCD00A0DD73FDDD72FEC1DD6EFBDD66FC5E1600DD6E4F
:20B08000F9DD66FA46C5DD6EFDDD66FEE578CD3E59C1DD34FFC311B079B72831ED5B57C1E7
:20B0A0007AD6023028210F02194D442A96C379954F789CE6014779D6CF78DE00300FED4BFD
:20B0C00062C116002153C16EC57DCD3E59DD36FF0FDD7EFFD627305EDD4EFF0600696029C6
:20B0E0002909290929091111C019DD75FDDD74FE010400095E23567AD6023034210F02193B
:20B100004D442A96C379954F789CE6014779D6CF78DE00301BDD4EFDDD46FE210F00094EED
:20B1200023461600DD6EFDDD66FE6EC57DCD3E59DD34FFC3D1B0ED4B96C33AA9C321000047
:20B14000E5C5F5331198A63E05CDAE45ED4B96C33AC0C3210000E5C5F5331137A93E05CD89
:20B16000AE45DD36FF00DD7EFFD6273031DD4EFF0600696029290929092909EB2111C01964
:20B18000EB4B42031A02210600194D44210400195E23567B02037A02DD34FFC366B1ED4B14
:20B1A00096C3ED43AFC3ED4B96C3ED43C6C3210BC43601211803220CC43A7DC4217BC49684
:20B1C00028733A7BC4327DC4210BC436F8213003220CC43A7CC406004FC521E0B2E5CD5932
:20B1E0006BF1F1210BC436F8213C03220CC43A7BC46F2600110A00CDBF79D521E0B2E5CD2A
:20B20000596BF1F1210BC436F8214403220CC43A7BC44F0600C5110A006960CDBF79C16B68
:20B22000622929192979954F789C47C521E0B2E5CD596BF1F13A81C4217FC49628483A7FEE
:20B24000C43281C4210000225AC4215803225CC4210800225EC42260C42162C43677216369
:20B26000C436002164C436C0CDD571210BC43600215803220CC43A7FC406004FC521E0B2A4
:20B28000E5CD596BF1F13A82C42180C496CA1FAA3A80C43282C4210000225AC42128032283
:20B2A0005CC4210800225EC42260C42162C436772163C436002164C436C0CDD571210BC407
:20B2C0003600212803220CC43A80C406004FC521E0B2E5CD596BF1F1C31FAADDF9DDE1C96E
:03B2E000256900DD
:020000040005F5
:20A00000DDE5DD210000DD39F5F54D44DD73FEDD72FFC5FDE1595021C00019FDE5D17B954A
:20A020007A9C30557B2E00DD86FE677DDD8EFFDD74FCDD77FD7AE60157217EA0197E1600EB
:20A040005F7AC60357ED5358C4210000225AC4215CC4DD7EFC7723DD7EFD772101002260A5
:20A06000C42163C436002164C436E0C5FDE5CDA271FDE1C1FD23C315A0DDF9DDE1C9000123
:20A0800002030405060708090A0B0C0D0E0F101112131415161718191A1B1C1D1E1F202190
:20A0A00022232425262728292A2B2C2D2E2F303132333435363738393A3B3B3B3B3B3B3B85
:20A0C0003B3B3B3B3B3B3B3C3D3E3F404142434445464748494A4B4C4D4E4F5051525354DB
:20A0E000555657585858585858585858585858585858585858585858585858585858585866
:20A1000058585858585858585858585858585858585858585858585858585858585858583F
:20A1200058585858585858585858585858585858585858585858585858585858585858581F
:20A14000585858585858585858585858585858585858585858585858585858595A5B5C5DF0
:20A160005E5F606162636465666768696A6B6C6D6E6F707172737475767778797A7B7C7D2F
:20A180007E7F808182838485868788898A8B8C8D8E8F90919293949596979898989898981E
:20A1A00098989898989898989898989898989898989898989898989898989898989898989F
:20A1C00098989898989898989898989898989898989898989898989898989898989898987F
:20A1E00098989898989898989898989898989898989898989898989898989898989898985F
:20A2000098989898989898989898999A9B9C9D9E9FA0A1A2A3A4A5A6A7A8A9AAABACADAE41
:20A22000AFB0B1B2B3B4B5B5B5B5B5B5B5B5B5B5B5B5B5B5B6B7B8B9BABBBCBDBEBFC0C145
:20A24000C2C3C4C5C6C7C8C9CACBCCCDCECFD0D1D2D3D4D5D6D7D8D9DADBDCDDDEDFE0E1CE
:20A26000E2E3E4E5E6E7E8E9EAEBECEDEEEFF0F1F2F3F4F5F6F7F8F9FAFBFCFDFEFFDDE5ED
:20A28000DD210000DD3921EEFF39F9DD77FFDD73FDDD72FEDD7EFDDD77F0DD7EFEDD77F143
:20A2A000DD7EF0D6E8DD7EF1DE03D20DA5DD5EF0DD7EF1C60257ED4B96C3EBBFED427CE682
:20A2C00001677DD6E07CDE0038093EE0BD3E019CD20DA5DD4EF00600DD7EFFDD77F2DD363A
:20A2E000F300DD7EF0DD77EEDD7EF1E601DD77EF7958DD8604DD77FB7BDD8E05DD77FC3E68
:20A30000F0B93E0098D280A4DD7EFDED44DD77F4DD77F5DD36F600DD7EFBDD77F7DD7EFCAD
:20A32000DD77F8DD7EF2DD77F9DD7EF3DD77FA3E7EDD86EEDD77FB3EA0DD8EEFDD77FCDDDA
:20A340006EFBDD66FC7EDD77FCDD77EEDD36EF00DD7EEEDD77FBDD7EEFC603DD77FC2156D1
:20A36000C4DD7EF27723DD7EF3772158C4DD7EFB7723DD7EFC77215AC4DD7EF97723DD7EEA
:20A38000FA77215CC4DD7EF77723DD7EF877211000225EC42160C4DD7EF57723DD7EF677E9
:20A3A0002163C436002164C436D0CDA271DD7EF4DD77FBDD36FC003E10DD96FB4F9FDD9626
:20A3C000FCDD71F7DD77F8DD7E04DD77F9DD7E05DD77FADD7EFBDD86F0DD77F5DD7EFCDD70
:20A3E0008EF1DD77F6DD7EF5DD77FBDD7EF6E601DD77FCDD7EFBC67EDD77F5DD7EFCCEA0C5
:20A40000DD77F6DD6EF5DD66F67EDD77FCDD77FBDD36FC00DD7EFBDD77F5DD7EFCC603DDB1
:20A4200077F6DD7EF5DD77FBDD7EF6DD77FC2156C4DD7EF27723DD7EF3772158C4DD7EFBF5
:20A440007723DD7EFC77215AC4DD7EF27723DD7EF377215CC4DD7EF97723DD7EFA7721107D
:20A4600000225EC42160C4DD7EF77723DD7EF8772163C436002164C436D0CDA271C30DA57B
:20A48000DD7EF2DD77F7DD7EF3DD77F83E7EDD86EEDD77F93EA0DD8EEFDD77FADD6EF9DD89
:20A4A00066FA7EDD77FADD77F9DD36FA00DD7EF9DD77F5DD7EFAC603DD77F6DD7EF5DD776D
:20A4C000F9DD7EF6DD77FA2156C4DD7EF27723DD7EF3772158C4DD7EF97723DD7EFA7721E5
:20A4E0005AC4DD7EF77723DD7EF877215CC4DD7EFB7723DD7EFC77211000225EC42260C4CE
:20A500002163C436002164C436D0CDA271DDF9DDE1E1F1E9DDE5DD210000DD3921F5FF391B
:20A52000F94FDD73FEDD72FFDD7EFEDD77F5DD7EFFDD77F6DD7EF5DD77FCDD36FD00DD71F3
:20A54000F7DD36F800DD4EF5DD7EF6E60147DD7EFCDD56FDDD86045F7ADD8E05573E2CDD85
:20A56000BEFC3E00DD9EFDD241A6DD7EFEED44DD77F9DD77FADD36FB00DD73FCDD72FDDD0A
:20A580005EF7DD56F8217EA0096E26004D7CC603472156C4DD7EF77723DD7EF877ED43580D
:20A5A000C4ED535AC4215CC4DD7EFC7723DD7EFD77210800225EC42160C4DD7EFA7723DDFA
:20A5C0007EFB772163C436002164C436D0CDA271DD5EF9160021D400BFED52DD75FCDD7402
:20A5E000FDDD4E04DD4605DD7EF5835FDD7EF68AE60157217EA0196E26005D7CC6035721B6
:20A6000056C4DD7EF77723DD7EF877ED5358C4215AC4DD7EF77723DD7EF877ED435CC421A8
:20A620000800225EC42160C4DD7EFC7723DD7EFD772163C436002164C436D0CDA271C391C8
:20A64000A6DD7EF7DD77FCDD7EF8DD77FD217EA0096E26004D7CC603472156C4DD7EF77755
:20A6600023DD7EF877ED4358C4215AC4DD7EFC7723DD7EFD77ED535CC4210800225EC42EA7
:20A68000D42260C42163C436002164C436D0CDA271DDF9DDE1E1F1E9DDE5DD210000DD39CE
:20A6A00021F9FF39F94FDD73FEDD72FFDD7EFEDD77FCDD36FD000600DD7EFCDD56FDDD86BB
:20A6C000045F7ADD8E05573E2CDDBEFC3E00DD9EFDD281A7DD7EFEED44DD77F9DD77FADD23
:20A6E00036FB00DD71FCDD70FD2100002256C426032258C4215AC4DD7EFC7723DD7EFD77D2
:20A70000ED535CC4210800225EC42160C4DD7EFA7723DD7EFB772163C436002164C436D09E
:20A72000C5CDA271C1DD6EF926003ED4955F9F94DD73FADD77FBDD5E04DD56057CC603DDDE
:20A7400075FCDD77FD2100002256C42158C4DD7EFC7723DD7EFD77ED435AC4ED535CC4210E
:20A760000800225EC42160C4DD7EFA7723DD7EFB772163C436002164C436D0CDA271C3AC70
:20A78000A72100002256C426032258C4ED435AC4ED535CC4210800225EC42ED42260C421CA
:20A7A00063C436002164C436D0CDA271DDF9DDE1E1F1E9DDE5DD210000DD3921F5FF39F9A1
:20A7C0004FDD73FEDD72FFDD7EFEDD77F5DD7EFFDD77F6DD7EF5DD77FCDD36FD00DD71F753
:20A7E000DD36F800DD4EF5DD7EF6E60147DD7EFCDD56FDDD86045F7ADD8E05573E2CDDBE1C
:20A80000FC3E00DD9EFDD2E0A8DD7EFEED44DD77F9DD77FADD36FB00DD73FCDD72FDDD5E26
:20A82000F7DD56F8217EA0096E26004D7CC603472156C4DD7EF77723DD7EF877ED4358C404
:20A84000ED535AC4215CC4DD7EFC7723DD7EFD77210800225EC42160C4DD7EFA7723DD7E9D
:20A86000FB772163C436002164C436D0CDA271DD5EF9160021D400BFED52DD75FCDD74FDE0
:20A88000DD4E04DD4605DD7EF5835FDD7EF68AE60157217EA0196E26005D7CC603572156BA
:20A8A000C4DD7EF77723DD7EF877ED5358C4215AC4DD7EF77723DD7EF877ED435CC4210854
:20A8C00000225EC42160C4DD7EFC7723DD7EFD772163C436002164C436D0CDA271C330A9E6
:20A8E000DD7EF7DD77FCDD7EF8DD77FD217EA0096E26004D7CC603472156C4DD7EF7772336
:20A90000DD7EF877ED4358C4215AC4DD7EFC7723DD7EFD77ED535CC4210800225EC42ED453
:20A920002260C42163C436002164C436D0CDA271DDF9DDE1E1F1E9DDE5DD210000DD3921DE
:20A94000F9FF39F94FDD73FEDD72FFDD7EFEDD77FCDD36FD000600DD7EFCDD56FDDD860435
:20A960005F7ADD8E05573E2CDDBEFC3E00DD9EFDD21DAADD7EFEED44DD77F9DD77FADD36AF
:20A98000FB00DD71FCDD70FDED4356C42100032258C4215AC4DD7EFC7723DD7EFD77ED533D
:20A9A0005CC4210800225EC42160C4DD7EFA7723DD7EFB772163C436002164C436D0C5CDAA
:20A9C000A271C1DD6EF926003ED4955F9F94DD73FADD77FBDD5E04DD56057CC603DD75FC5D
:20A9E000DD77FDED4356C42158C4DD7EFC7723DD7EFD77ED435AC4ED535CC4210800225E68
:20AA0000C42160C4DD7EFA7723DD7EFB772163C436002164C436D0CDA271C355AADD71FCB8
:20AA2000DD70FDED4356C42100032258C4215AC4DD7EFC7723DD7EFD77ED535CC421080098
:20AA4000225EC42ED42260C42163C436002164C436D0CDA271DDF9DDE1E1F1E94F3E079149
:20AA600030020E07060021600009EBED5362C1C9DDE5DD210000DD3921F3FF39F92A62C180
:20AA80003E60BD3E009C30053E01C3F7AB3A95C4D60420112A97C47CD6013804AFC3F7ABE2
:20AAA0003E01C3F7AB3A83C4B728053E01C3F7AB3A92C4B720073A8CC43DCAF7ABDD36F342
:20AAC000003AB2C4B728133A94C43C280D3A94C4FE0E3006DD77F3C3B2ABDD36F4FFDD367D
:20AAE000F5FF3A53C1DD77F6DD36FF00DD7EFFD60ED2B2ABDD4EFF060069602929092909C5
:20AB00002909EB2111C019DD75F7DD74F84EDD71F9DD36FA00DD7EF6DD77FBDD36FC00DD4D
:20AB20007EF6913015DD7EF9DD96FBDD77FDDD7EFADD9EFCDD77FEC34CABDD7EFBDD96F91E
:20AB4000DD77FDDD7EFCDD9EFADD77FEDD4EF7DD46F8210400094E23462A57C17D917C9800
:20AB6000300D7995DD77FB789CDD77FCC379AB7D91DD77FB7C98DD77FCDD4EFBDD46FCDD0D
:20AB80006EFDDD66FE09DD75FDDD74FEDD7EFDDD96F4DD7EFEDD9EF53012DD7EFDDD77F4F8
:20ABA000DD7EFEDD77F5DD7EFFDD77F3DD34FFC3ECAA2157C17EDD77FC237EDD77FDDD4EC5
:20ABC000F30600696029290929092909DD75FEDD74FFDD7EFEC6114FDD7EFFCEC047210481
:20ABE00000094E234603DD6EFCDD66FDAFED423004AFC3F7AB3E01DDF9DDE1C9DDE5DD2189
:20AC00000000DD39FD21F7FFFD39FDF94D4479D6202023783D201FDD36F7043A8CC4B72038
:20AC20000A2A96C311300019C332AC2A96C311900019EBC3F4AC79D6242013783D200FDD9A
:20AC400036F7052A96C311600019EBC3F4AC79D6292013783D200FDD36F7052A96C31160D5
:20AC60000019EBC3F4AC79D6302013783D200FDD36F7062A96C311600019EBC3F4AC79D61D
:20AC8000392013783D200FDD36F7042A96C311600019EBC3F4AC79D6402013783D200FDD78
:20ACA00036F7042A96C311600019EBC3F4AC79D6442013783D200FDD36F7052A96C311605B
:20ACC0000019EBC3F4AC79D6492013783D200FDD36F7052A96C311600019EBC3F4AC79D6A5
:20ACE000F8B0C2D1ADDD36F7042A96C311600019EBC3F4ACDD7EF78787876F3E8095DD7706
:20AD0000F8DD36FF00DD7EFFDD96F7D2AAADDD7EFFDD77FDDD36FE00DD7EFDC60F6FDD7E89
:20AD2000FECE0067D55D5429291929192919D17DC611DD77F97CCEC0DD77FADD7EFF878739
:20AD40008787DD6EF885DD6EF9DD66FA77DD7EF9C6046FDD7EFACE0067732372DD7EF9C6EC
:20AD60000FDD77FBDD7EFACE00DD77FCDD6EFDDD66FE09DD75FDDD74FEDD6EFBDD66FCDD70
:20AD80007EFD7723DD7EFE77DD7EF9C6116FDD7EFACE00673600DD7EF9C6126FDD7EFACEB6
:20ADA00000673600DD34FFC305ADDD7EF7C60F4F79D618301C0600696029290929092909BA
:20ADC0001111C0191104001936E82336030CC3B0ADDDF9DDE1C91111C00E0F79D618D0060B
:18ADE00000696029290929092909192323232336E82336030CC3DBAD5D
:020000040006F4
:20A00000DDE5DD210000DD3921F1FF39F9DD77FF3A8DC4B7200C3A90C4DD96FFCADBA8C356
:20A0200034A03A8EC4DD96FFCADBA83A90C4DD96FFCADBA82A66C17DD605B43E012801AF40
:20A04000DD77FCDD4EFF06006960292909290929091111C019DD75FDDD74FEDD7EFCB72829
:20A060005F3AA7C44FCBB90600DD6EFF2600BFED42204DDD6EFDDD66FE111100193600DD61
:20A080006EFDDD66FE111200193600DD6EFDDD66FE110F0019DD7EFFD6073006010100C3AE
:20A0A000A5A001FFFF79E5F533AFF533DD7EFFF53311C2A63E13CD2F48E1732372C3DBA840
:20A0C000DD7EFCB7CA08A2DD7EFF2194C496C208A2DD6EFDDD66FE111100193600DD6EFDE7
:20A0E000DD66FE111200193600DD7EFDC60FDD77F9DD7EFECE00DD77FADD7EFFB72807DDA1
:20A100007EFFD607205E2168C17EDD77FD237EDD77FE3E05DDBEFD3E00DD9EFE382BDD7E0B
:20A12000FFB7200BDD36FDF7DD36FE00C337A1DD36FDF6DD36FE00DD6EF9DD66FADD7EFD9B
:20A140007723DD7EFE77C3DBA8DD7EFFB7200601D500C358A101D600DD6EF9DD66FA71239A
:20A1600070C3DBA83A53C1DD77FBDD6EFDDD66FE7EDD77FCDD96FB300BDD36FB01DD36FC6E
:20A1800000C39EA1DD7EFBDD96FC300BDD36FBFFDD36FCFFC39EA1AFDD77FBDD77FCDD7EF7
:20A1A000FBDD77FCED4B57C1DD5EFDDD56FE210400195E23567B917A983006010100C3D09D
:20A1C000A17993789A300601FFFFC3D0A1010000DD7EFCB72014B12011DD7EFFD6073006C5
:20A1E000110100C3E9A111FFFF4B61DD6EFCE5DD7EFFF53311C2A63E13CD2F48DD6EF9DD68
:20A2000066FA732372C3DBA8DD7EFDDD77F1DD7EFEDD77F2DD7EFFD607300AAFDD77FDDD06
:20A2200077FEC32DA2DD36FD01DD36FE00DD7EFDDD77F3DD7EFFB7280EDD7EFFD6072807A9
:20A24000DD36FE00C34BA2DD36FE01DD7EF1C615DD77F7DD7EF2CE00DD77F8DD6EF7DD66CD
:20A26000F87EDD77FB237EDD77FCDDB6FBCA8EA5DD7EFEB7C28EA5DD7EFBC6FFDD77FDDD4F
:20A280007EFCCEFFDD77FEDD6EF7DD66F8DD7EFD7723DD7EFE77DD6EF7DD66F87EDD77FB9C
:20A2A000237EDD77FCDD7EF1C60FDD77F9DD7EF2CE00DD77FADD7EFDD614DD7EFEDE00DA83
:20A2C00015A5E1E54EDD7EF1C611DD77FDDD7EF2CE00DD77FEDD6EFDDD66FE7E81E1E5770A
:20A2E000DD7EF1C604DD77FBDD7EF2CE00DD77FCDD6EFBDD66FC4E2346D1D5211200197EE2
:20A300006F079F6709EBDD6EFBDD66FC732372E1E57ED6103004E1E53610E1E54E3EE09113
:20A320003004E1E536E0DD6EFBDD66FC4E234679D61878DE00300BDD6EFBDD66FC361823E3
:20A340003600DD6EFBDD66FC4E23463EDEB93E0198300BDD6EFBDD66FC36DE233601DD6E66
:20A36000FDDD66FE4EAF91E26CA3EE80F28BA3DD7EF3B7200BDD36FD1EDD36FE00C3A4A319
:20A38000DD36FD8EDD36FE00C3A4A3DD7EF3B7200BDD36FD1FDD36FE00C3A4A3DD36FD8FEB
:20A3A000DD36FE00DD4EFDDD46FEDD6EF9DD66FA712370E1E55E2153C1564A0600DD73FD72
:20A3C000DD36FE007A93300CDD7EFD914FDD7EFE98C3DDA379DD96FD4F78DD9EFE47DD6EFC
:20A3E000FBDD66FC7EDD77FD237EDD77FE2A57C17DDD96FD7CDD9EFE300CDD7EFD955FDDD8
:20A400007EFE9CC30FA47DDD96FD5F7CDD9EFE57DD71FBDD70FC3E18DDBEFB3E00DD9EFCE3
:20A4200038083E18BB3E009A30050600C331A406014878B720643AB2C4B7285E3A94C43C63
:20A4400028583A93C4DD96F32850ED5B94C416006B62292919291929191111C0191104008B
:20A460001946235E78DD96FD7BDD9EFE300CDD7EFD9047DD7EFE9BC383A478DD96FD477B2D
:20A48000DD9EFE5F3E20DDBEFB3E00DD9EFC380A3E18B83E009B38020E012A68C17CB5281D
:20A4A0000E3A93C4DD96F328063A93C43C20050600C3B6A4060179B7CADBA82A66C1110569
:20A4C00000BFED52D2DBA83A95C4B7C2DBA8B0C2DBA83A93C4DD96F3280B211E002268C1F1
:20A4E0003EFF32A7C4DD7EF33293C4DD7EFF3294C42A66C13E03BD3E009C30062103002222
:20A5000066C12160002262C1DD6EF7DD66F8AF772377C3DBA8DD7EFBDD46FCD60A78DE0020
:20A52000383EC1C5211100094EAF91E230A5EE80F245A5DD7EF3B72006011E00C354A5014E
:20A540008E00C354A5DD7EF3B72006011F00C354A5018F00DD6EF9DD66FA712370C3DBA84F
:20A56000DD7EF3B72006010100C36FA501FFFF79F533AFF533DD7EFFF53311C2A63E13CD47
:20A580002F48DD6EF9DD66FA732372C3DBA8DD7EFEB7CACEA83A53C1DD77F9E1E57EDD77F2
:20A5A000FEDD77FCDD36FD006F260011040019DD7EF9DD77FADD36FB007DDD96FA7CDD9EE9
:20A5C000FBE2C6A5EE80F2E8A5DD7EFCC602DD77F8DD7EFDCE00DD77F9DD7EF8DD77FBDDE9
:20A5E0007EF9DD77FCC31FA6DD7EFCC6FC4FDD7EFDCEFF47DD7EFA91DD7EFB98E201A6EEED
:20A6000080F215A6DD4EFCDD46FD0B0BDD71FBDD70FCC31FA6DD7EF9DD77FBDD36FC00DD07
:20A620007EFBDD46FCD65878DE003008DD36FB58DD36FC00DD4EFBDD46FC3E98B93E0098A7
:20A640003008DD36FB98DD36FC00DD7EF3B72006112000C359A611C401DD73F4DD72F5DDB4
:20A660007EF1C611DD77F6DD7EF2CE00DD77F7DD7EFEDD77FDDD36FE00DD7EFDDD96FBDD86
:20A680007EFEDD9EFC300BDD36FD01DD36FE00C3AFA6DD7EFBDD96FDDD7EFCDD9EFE300686
:20A6A00001FFFFC3A9A6010000DD71FDDD70FEDD7EFDDD77FEDD6EF6DD66F7DD7EFE77E11C
:20A6C000E5111200193600DD7EFEB72879DD4EF30600696029092909DD75FBDD74FC3ED772
:20A6E000DD86FBDD77FD3EC3DD8EFCDD77FEDD6EFDDD66FE110600197EDD77F83A7AC4DD19
:20A7000077F9DD36FA00DD7EFFDD77FBDD36FC00DD7EFBDD86F9DD77FDDD7EFCDD8EFADD68
:20A7200077FE110600DD6EFDDD66FECDA379DD7EF8060093789AE23BA7EE80F246A7DD6EC1
:20A74000F6DD66F73600E1E54EDD6EF6DD66F77EDD77FCDD71FE79DD86FCDD77FEE1E5DD1D
:20A760007EFE77DD7EF1C604DD77FDDD7EF2CE00DD77FEDD6EFDDD66FEDD7EF47723DD7E45
:20A78000F577DD7EF1C613DD77FADD7EF2CE00DD77FBDD6EFADD66FB4E234603DD71FCDD0C
:20A7A00070FDDD6EFADD66FBDD7EFC7723DD7EFD77DD6EF6DD66F77EDD77FEDD7EF1C60F7D
:20A7C000DD77FADD7EF2CE00DD77FBDD7EFEB7CA50A8110600DD6EFCDD66FDCD1C63DD73B5
:20A7E000F8DD72F9DD7EF8E601DD77FDDD36FE00DD7EF3B7202DDD7EFEDDB6FD200BDD3604
:20A80000FDF3DD36FE00C311A8DD36FDF4DD36FE00DD6EFADD66FBDD7EFD7723DD7EFE7761
:20A82000C3DBA8DD7EFEDDB6FD200BDD36FDF2DD36FE00C33EA8DD36FDF5DD36FE00DD4EC1
:20A84000FDDD46FEDD6EFADD66FB712370C3DBA8111E00DD6EFCDD66FDCD1C63DD73F8DDE6
:20A8600072F9DD7EF8E601DD77FDDD36FE00DD7EF3B7202DDD7EFEDDB6FD200BDD36FDF368
:20A88000DD36FE00C38FA8DD36FDF4DD36FE00DD6EFADD66FBDD7EFD7723DD7EFE77C3DBB5
:20A8A000A8DD7EFEDDB6FD200BDD36FDF2DD36FE00C3BCA8DD36FDF5DD36FE00DD4EFDDD87
:20A8C00046FEDD6EFADD66FB712370C3DBA8DD7EFFF5331100A03E15CD6E44DDF9DDE1C905
:020000040000FA
:087A62000104C4AF0203AF02EE
:020000040007F3
:20A00000B720172E0FCDDB76CB6520033E01C93E08CDFB76B728183E01C92E4FCDDB76CBB3
:20A020006520033E01C93E15CDFB76B73E01C0AFC94FB72006210F00C33EA0214F00CDDBBC
:20A04000767D2FE60F575A06003E0A92384F16002157A0191919E9C39DA0C378A0C37DA0B4
:20A06000C39DA0C382A0C391A0C39BA0C39DA0C387A0C38CA0C396A00601C39DA00605C362
:20A080009DA00607C39DA00603C39DA00602C39DA00608C39DA00604C39DA0060678B7C250
:20A0A0003EA1B1C23EA1C53E48CDFB76C1B7280CC53E58CDFB76C1B728020608C53E48CDD9
:20A0C000FB76C1B7280CC53E68CDFB76C1B728020606C53E78CDFB76C1B7280CC53E68CD6F
:20A0E000FB76C1B728020604C53E78CDFB76C1B7280CC53E58CDFB76C1B72802060278B76C
:20A10000200CC53E48CDFB76C1B72802060778B7200CC53E78CDFB76C1B72802060378B7ED
:20A12000200CC53E58CDFB76C1B72802060178B7200CC53E68CDFB76C1B72802060578B7D1
:20A14000C2DFA10DC2DFA1C53E62CDFB76C1B7280CC53E45CDFB76C1B728020608C53E6284
:20A16000CDFB76C1B7280CC53E75CDFB76C1B728020606C53E05CDFB76C1B7280CC53E7527
:20A18000CDFB76C1B728020604C53E05CDFB76C1B7280CC53E45CDFB76C1B728020602783B
:20A1A000B7200CC53E62CDFB76C1B72802060778B7200CC53E05CDFB76C1B72802060378A6
:20A1C000B7200CC53E45CDFB76C1B72802060178B7200CC53E75CDFB76C1B7280206057837
:20A1E000C9DDE5DD210000DD393BAFCD31A0320EC0AFCD00A05F010FC07BB728063A05C48A
:20A20000B72804AFC309A23E01022110C0730104C42105C4733A8DC43D2032C53E01CD3157
:20A22000A0C1320BC0C53E01CD00A0C1DD77FFB728040AB72804AFC33CA23E01320CC021BD
:20A240000DC0DD7EFF77DD7EFF02C35EA2210BC03600210DC03600210CC03600AF0233DD17
:02A26000E1C952
:020000040008F2
:20A00000C921BBC43600210000E52180EFE5218F00CDC84AC9C9210000E52621E521EE00C4
:20A02000CDE54A212001E511FCAB3E05CD7346C9210000E521803BE521F802CD0C4BC93AAA
:20A04000BBC4B7C0210000E521803BE521F802CD0C4B21BBC43601C9210000E5261FE52113
:20A06000F600CD0C4B212901E511FCAB3E05CD7346C9210000E52627E521F400CD0C4B21BA
:20A080003001E511FCAB3E05CD7346C9210000E5218023E521F000CD0C4B212401E511FC44
:20A0A000AB3E05CD7346C9210000E52621E521F200CD0C4B21F800E511FCAB3E05CD73467B
:10A0C000C9213901E511FCAB3E05CD7346C9C9C9AB
:020000040000FA
:017A3C000049
:020000040009F1
:20A00000DDE5DD210000DD39FD21CFFFFD39FDF9DD75FDDD74FEDD73FBDD72FCDD6EFDDDF9
:20A0200066FE7EDD77FFD603D2E3A0DD6E06DD6607E5DD6E04DD6605E5DD6EFBDD66FCE557
:20A04000DD6EFDDD66FEE51100A03E0DCD32452164C33678216D002273C33A53C1D67820BA
:20A06000242157C17EDD77F9237EDD77FADD4EF9DD46FA79D6B2200D100BDD36F9E8DD3638
:20A08000FA03C38DA0DD36F9B2DD36FA012168C3DD7EF97723DD7EFA77217BC33678216D66
:20A0A00000228AC33A53C1D67820212157C17EDD77F9237EDD77FADD7EF9D64ADDB6FA2040
:20A0C0000BDD36F9E8DD36FA03C3D4A0DD36F94ADD36FA00217FC3DD7EF97723DD7EFA77BA
:20A0E000C3E3BCDD7EFFD603C2B6BC3A7CC4B720643A7BC4B7205EDD6EFBDD66FC3602DD9A
:20A100004E04DD46053A7AC4023A7EC43D201FDD6EFDDD66FE3604214401E511FCAB3E054A
:20A12000CD73461130A03E08CD8B40C3E3BC3A7EC4D602C2E3BCDD6EFDDD66FE360521409E
:20A1400001E511FCAB3E05CD7346113FA03E08CD8B40C3E3BCDD6EFBDD66FC4E79B7283409
:20A16000DD5E04DD56051A47217AC47896301E793DDD6EFBDD66FC77B72012D511D6AD3E0A
:20A1800005CD8B40D1FD2192C4FD3600013A7AC412C3E3BC1100A03E0ACD8B40DD6E04DD00
:20A1A0006605E5DD6EFBDD66FCE5DD6EFDDD66FEE51128A23E0ACDC244DD6EFDDD66FE7E7A
:20A1C000D603C2E3BC3AAFC44F079F472AADC40922ADC47DD6507CDE00300E21500022ADAA
:20A1E000C421AFC43601C3FCA13EA2BD3E009C300B21A20022ADC421AFC436FF3A8DC43DD7
:20A2000020160139C23AADC40221B801223DC2216B002248C2C31EA221E803223DC20150AB
:20A22000C23AADC4022132002254C22E6C225FC22164C33678216D002273C33A53C1D678CF
:20A2400020112A57C17DD6B2200925200601E803C356A201B201ED4368C3217BC33678212E
:20A260006D00228AC33A53C1D678200F2A57C17DD64AB4200601E803C37EA2014A00ED4334
:20A280007FC3DD36ED01DD36EEFFDD36EFFFDD36F008DD36F1FFDD36F2FFDD36FF01DD7EFA
:20A2A000FFD607D25CA3DD4EFF06006960292909290929091111C0194D440A2153C15E937D
:20A2C0005F1600D68030047AC3D1A2AF935F3E019ADD73F5DD77F6210400094E23462A5760
:20A2E000C179954F789CE601DD71F7DD77F8D601300FDD7EF7DD77F9DD7EF8DD77FAC3108B
:20A30000A3AFDD96F7DD77F93E02DD9EF8DD77FADD4EF9DD46FADD6EF5DD66F609EB3A93B8
:20A32000C4B7201C3A94C4DD96FF20142A66C17DD6057CDE0030093AB2C4B728031100004F
:20A340007BDD96EE7ADD9EEF300CDD73EEDD72EFDD7EFFDD77EDDD34FFC39EA20E083A93F4
:20A36000C43D3E012801AFDD77F379D60ED204A406006960292909290929091111C019DD41
:20A3800075F7DD74F87E2153C146905F1600D68030047AC39CA3AF935F3E019ADD73F9DD64
:20A3A00077FADD5EF7DD56F8210400195E23562A57C17B955F7A9CE60157D601380721007E
:20A3C00002BFED52EBDD6EF9DD66FA19EBDD7EF3B7281A3A94C49120142A66C17DD6057C4A
:20A3E000DE0030093AB2C4B728031100007BDD96F17ADD9EF23009DD73F1DD72F2DD71F0E4
:20A400000CC35EA3DD7EED32B0C4DD7EF032B1C4DD36D900DD36DA00DD7EF3B7200C3A93B5
:20A42000C43C28063A90C43C2009DD7EF03290C4C34EA53A0FC0DD77FFB7CA4EA5ED4B90DC
:20A44000C40600696029290929092909DD75F9DD74FA3E11DD86F9DD77F43EC0DD8EFADDE1
:20A4600077F5DD6EF4DD66F57EDD77F63A53C1DD77FFDD7EF6DD77F7DD36F800DD7EFFDDB2
:20A4800077F9DD36FA00DD7EFFDD96F63015DD7EF7DD96F9DD77EBDD7EF8DD9EFADD77EC32
:20A4A000C3B5A4DD7EF9DD96F7DD77EBDD7EFADD9EF8DD77ECDD7EEBDD77F9DD7EECDD774D
:20A4C000FADD7EF4DD77F7DD7EF5DD77F8DD6EF7DD66F8110400197EDD77EB237EDD77EC03
:20A4E0002157C17EDD77F5237EDD77F6DD7EF5DD96EBDD7EF6DD9EEC3015DD7EEBDD96F518
:20A50000DD77F7DD7EECDD9EF6DD77F8C321A5DD7EF5DD96EBDD77F7DD7EF6DD9EECDD775E
:20A52000F83E30DDBEF93E00DD9EFA380EDD4EF7DD46F83E18B93E00983013DD7EF02190C7
:20A54000C496280ADD7EF03290C4DD36DA013A8DC43DC28EA63A93C4B7280C3A93C43C2881
:20A56000063A8EC43C2009DD7EED328EC4C393A63A0CC0DD77FFB7CA93A6ED4B8EC4060079
:20A58000696029290929092909DD75F9DD74FA3E11DD86F9DD77F43EC0DD8EFADD77F5DD21
:20A5A0006EF4DD66F57EDD77F63A53C1DD77FFDD7EF6DD77F7DD36F800DD7EFFDD77F9DD6D
:20A5C00036FA00DD7EFFDD96F63015DD7EF7DD96F9DD77EBDD7EF8DD9EFADD77ECC3F2A5E4
:20A5E000DD7EF9DD96F7DD77EBDD7EFADD9EF8DD77ECDD7EEBDD77F9DD7EECDD77FADD7ED3
:20A60000F4DD77F7DD7EF5DD77F8DD6EF7DD66F8110400197EDD77EB237EDD77EC2157C1DD
:20A620007EDD77F5237EDD77F6DD7EF5DD96EBDD7EF6DD9EEC3015DD7EEBDD96F5DD77F7C4
:20A64000DD7EECDD9EF6DD77F8C35EA6DD7EF5DD96EBDD77F7DD7EF6DD9EECDD77F83E30C4
:20A66000DDBEF93E00DD9EFA380EDD4EF7DD46F83E18B93E0098301BDD7EED218EC4962867
:20A6800012DD7EED328EC4DD36D901C393A6218EC436FFDD4EF1DD46F23E18B93E009838FD
:20A6A00040DD7EF3B720063A93C43C20343A91C43C28073A7AC4E607202C21ABC47EDD7701
:20A6C000FF3AA9C4DD66FFE533672EFFE53A90C4F5331100A03E14CDEF482191C473C3E6B2
:20A6E000A62191C436FF3A8DC43D205DDD7EEEDD77F9DD7EEFDD77FA3E18DDBEF93E00DD91
:20A700009EFA38403A93C4B728063A93C43C20343A8FC43C28073A7AC4E607202C21AAC45A
:20A720007EDD77FF3AA8C4DD66FFE533672EFFE53A8EC4F5331100A03E14CDEF48218FC4A0
:20A7400073C349A7218FC436FFDD6E04DD6605E5DD6EFBDD66FCE5DD6EFDDD66FEE5115D68
:20A76000A23E14CDC244DD6EFDDD66FE7ED606CAE3BC3A83C4B728083A95C4D604CAE3BC88
:20A780001100A03E12CD8B403AA7C44FCB79CA3FA879CBBFFE0E380821A7C436FFC33FA87D
:20A7A000D6073006010000C3ADA70101003A93C43C280E3A93C491280821A7C436FFC33F54
:20A7C000A82A66C17DD605B42075DD6EFDDD66FE36062195C436073AA1C43296C42AA3C4A7
:20A7E0002297C411A7A03E08CD8B402165C136002164C136002100002266C13AA1C432531F
:20A80000C12157C13AA3C477233AA4C4772160002262C12190C436FF218EC436FF21A7C446
:20A8200036FFFD2192C4FD360000DD6EFBDD66FC3602DD4E04DD46053A7AC402C3E3BCFD4F
:20A8400021B2C4FD3600003A94C43CCADAA82A66C1110500BFED52D2DAA8ED4B94C40600C5
:20A860006960292909290929091111C019DD75F7DD74F85E2153C1564B06006A26007A93EC
:20A88000300979954F789C47C391A87D914F7C9847DD71F9DD70FADD4EF7DD46F821040023
:20A8A000094E2346ED5B57C17B917A98300879934F789AC3BBA87B914F7A9847DD5EF9DDCA
:20A8C00056FA3E18BB3E009A38103E18B93E00983808FD21B2C4FD3600013A8EC4DD77D159
:20A8E0003A90C4DD77D23A8FC4DD77D33A91C4DD77D4DD36FF00DD7EFFD602D294BCDD5E98
:20A90000FF16002102003919DD75F9DD74FA7EDD77DB3CCA8EBCDD4EFF06006960290911DE
:20A920000BC019DD75DCDD74DD7EDD77FADD4EDCDD46DD030ADD77DEDD7EFFB7200ADD7E2F
:20A94000D9B72804DD36DE00DD7EFF3D3E012801AFDD77DFB7280ADD7EDAB72804DD36DE77
:20A9600000DD4EDB06006960292909290929091111C019DD75E0DD74E1DD7EDBD6073E0093
:20A9800017DD77E2B72806010000C390A9010100DD71E3DD7EE0C615DD77E4DD7EE1CE00FD
:20A9A000DD77E5DD6EE4DD66E57EDD77F8237EDD77F9DD7EE0C60FDD77F3DD7EE1CE00DD11
:20A9C00077F4DD7EF9DDB6F8CA5FAEDD7EF8C6FFDD77F6DD7EF9CEFFDD77F7DD6EE4DD6616
:20A9E000E5DD7EF67723DD7EF777DD6EE4DD66E57EDD77F1237EDD77F2DD7EF6DD77F9DD42
:20AA00007EF7DD77FADD7EF9D614DD7EFADE00DABCADDD6EE0DD66E17EDD77FADD7EE0C6A3
:20AA200011DD77EFDD7EE1CE00DD77F0DD6EEFDD66F07EDD77F9DD7EFADD86F9DD6EE0DD83
:20AA400066E177DD7EE0C604DD77F1DD7EE1CE00DD77F2DD6EF1DD66F27EDD77F7237EDDE6
:20AA600077F8DD7EE0DD77F9DD7EE1DD77FADD6EF9DD66FA111200197EDD77FADD77F90778
:20AA80009FDD77FADD7EF7DD77F5DD7EF8DD77F6DD7EF9DD77F7DD7EFADD77F8DD7EF7DD22
:20AAA00086F5DD77F9DD7EF8DD8EF6DD77FADD6EF1DD66F2DD7EF97723DD7EFA77DD6EE076
:20AAC000DD66E17ED6103008DD6EE0DD66E13610DD6EE0DD66E14E3EE0913008DD6EE0DD95
:20AAE00066E136E0DD6EF1DD66F24E234679D61878DE00300BDD6EF1DD66F23618233600C1
:20AB0000DD6EF1DD66F24E23463EE8B93E0198300BDD6EF1DD66F236E8233601DD6EEFDD1C
:20AB200066F04EAF91E22AABEE80F249ABDD7EE3B7200BDD36F91EDD36FA00C362ABDD36EC
:20AB4000F98EDD36FA00C362ABDD7EE3B7200BDD36F91FDD36FA00C362ABDD36F98FDD36BB
:20AB6000FA00DD4EF9DD46FADD6EF3DD66F4712370DD6EE0DD66E17EDD77FA3A53C1DD7764
:20AB8000F9DD77F5DD36F600DD7EFADD77F7DD36F800DD7EF9DD96FA3015DD7EF7DD96F5FF
:20ABA000DD77F9DD7EF8DD9EF6DD77FAC3C1ABDD7EF5DD96F7DD77F9DD7EF6DD9EF8DD77E8
:20ABC000FADD7EF9DD77F7DD7EFADD77F8DD6EF1DD66F27EDD77F9237EDD77FA2157C17E59
:20ABE000DD77F3237EDD77F4DD7EF3DD96F9DD7EF4DD9EFA3015DD7EF9DD96F3DD77F5DD82
:20AC00007EFADD9EF4DD77F6C31DACDD7EF3DD96F9DD77F5DD7EF4DD9EFADD77F6DD7EF714
:20AC2000DD77F2DD7EF8DD77F33E18DDBEF23E00DD9EF33818DD7EF5DD77F7DD7EF6DD7715
:20AC4000F83E18DDBEF73E00DD9EF83007DD36F800C358ACDD36F801DD7EF8DD77F4DD7E58
:20AC6000F8B7C211AD3AB2C4B7CA11AD3A94C43CCA11AD3A93C4DD96E3CA11ADED4B94C461
:20AC80000600696029290929092909DD75F5DD74F63E11DD86F5DD77F73EC0DD8EF6DD77F3
:20ACA000F8DD6EF7DD66F8110400197EDD77F5237EDD77F6DD7EF5DD96F9DD7EF6DD9EFABD
:20ACC0003015DD7EF9DD96F5DD77F7DD7EFADD9EF6DD77F8C3E9ACDD7EF5DD96F9DD77F7B7
:20ACE000DD7EF6DD9EFADD77F8DD7EF7DD77F9DD7EF8DD77FA3E20DDBEF23E00DD9EF33833
:20AD0000103E18DDBEF93E00DD9EFA3804DD36F4012168C17EDD77F9237EDD77FADDB6F9B2
:20AD2000280E3A93C4DD96E328063A93C43C2007DD36FA00C33BADDD36FA01DD7EF4B7CA3E
:20AD40008EBC2166C17EDD77F8237EDD77F9DD7EF8D605DD7EF9DE00D28EBC3A95C4B7C221
:20AD60008EBCDD7EFAB7C28EBC3A93C4DD96E3280E211E002268C1FD21A7C4FD3600FFDD32
:20AD80007EE33293C4DD7EDB3294C42166C17EDD77F9237EDD77FA3E03DDBEF93E00DD9E79
:20ADA000FA30062103002266C12160002262C1DD6EE4DD66E5AF772377C38EBCDD7EF1DDE3
:20ADC00046F2D60A78DE00385CDD4EE0DD46E1211100094EAF91E2DBADEE80F2FAADDD7ECD
:20ADE000E3B7200BDD36F91EDD36FA00C313AEDD36F98EDD36FA00C313AEDD7EE3B7200B88
:20AE0000DD36F91FDD36FA00C313AEDD36F98FDD36FA00DD4EF9DD46FADD6EF3DD66F471A7
:20AE20002370C38EBCDD7EE3B7200BDD36F901DD36FA00C33EAEDD36F9FFDD36FAFFDD7E17
:20AE4000F9F533AFF533DD7EDBF53311C2A63E13CD2F48DD6EF3DD66F4732372C38EBCDD27
:20AE60007EE0C611DD77E6DD7EE1CE00DD77E7DD6EE6DD66E73600DD7EE0C612DD77E8DD61
:20AE80007EE1CE00DD77E9DD6EE8DD66E936003E08DD96FADA33AFDD4EFA060021A3AE099E
:20AEA0000909E9C333AFC3BEAEC3C9AEC3DCAEC3E7AEC3FAAEC305AFC318AFC323AFDD6E98
:20AEC000E8DD66E936FEC333AFDD6EE8DD66E936FEDD6EE6DD66E73602C333AFDD6EE6DDAC
:20AEE00066E73602C333AFDD6EE8DD66E93602DD6EE6DD66E73602C333AFDD6EE8DD66E9FA
:20AF00003602C333AFDD6EE8DD66E93602DD6EE6DD66E736FEC333AFDD6EE6DD66E736FEFA
:20AF2000C333AFDD6EE8DD66E936FEDD6EE6DD66E736FEDD6EE6DD66E77EDD77F8DD7EE0EA
:20AF4000C604DD77EADD7EE1CE00DD77EBDD7EF8B7200BDD6EE8DD66E97EB7CA1FB13EA857
:20AF6000DD86FFDD77F93EC4CE00DD77FADD6EF9DD66FADD7EF8773EAADD86FFDD77F83EE5
:20AF8000C4CE00DD77F9DD6EE8DD66E97EDD77FADD6EF8DD66F9DD7EFA77DD6EE0DD66E10D
:20AFA0007EDD77FADD77F9DD36FA00DD6EE6DD66E77EDD77F8DD77F5079FDD77F6DD7EF9B9
:20AFC000DD77F7DD7EFADD77F8DD7EF7DD86F5DD77F9DD7EF8DD8EF6DD77FADD7EF9DD77E4
:20AFE000F7DD7EFADD77F8DD7EF7D610DD7EF8173F1FDE80300BDD6EE0DD66E13610C328A0
:20B00000B03EE0DDBEF73E00DD9EF8E210B0EE80F21EB0DD6EE0DD66E136E0C328B0DD7EF4
:20B02000F9DD6EE0DD66E177DD6EEADD66EB7EDD77F9237EDD77FADD6EE8DD66E97EDD7703
:20B04000F8DD77F5079FDD77F6DD7EF9DD77F7DD7EFADD77F8DD7EF7DD86F5DD77F9DD7E2D
:20B06000F8DD8EF6DD77FADD7EF9DD77F7DD7EFADD77F8DD7EF7D618DD7EF8173F1FDE8083
:20B08000300EDD6EEADD66EB3618233600C3BFB03EE8DDBEF73E01DD9EF8E29FB0EE80F23B
:20B0A000B0B0DD6EEADD66EB36E8233601C3BFB0DD4EF9DD46FADD6EEADD66EB712370DD9E
:20B0C0006EE0DD66E1111300195E23562B13732372DD36D500DD36D601DD36D702DD36D8FB
:20B0E00001EB110300CD1C637BE6034F0600210600390956DD6EE8DD66E946DD6EE6DD6673
:20B10000E77E58D5F533DD7EDBF5331100A03E13CD8E48DD6EF3DD66F4732372C351B13EF2
:20B12000AADD86FF6F3EC4CE0067463EA8DD86FF5F3EC4CE00571AC533F533DD7EDBF533B1
:20B1400011C2A63E13CD2F48DD6EF3DD66F4732372DD6EE0DD66E17EDD77EC2153C15EDDE7
:20B160007EECDD77EDDD36EE004B06007BDD96EC300CDD7EED914FDD7EEE98C387B179DD62
:20B1800096ED4F78DD9EEEDD71EFDD77F0DD6EEADD66EB7EDD77F1237EDD77F22157C17EB7
:20B1A000DD77F7237EDD77F8DD7EF7DD96F1DD7EF8DD9EF23015DD7EF1DD96F7DD77F9DDBC
:20B1C0007EF2DD9EF8DD77FAC3DDB1DD7EF7DD96F1DD77F9DD7EF8DD9EF2DD77FADD7EF988
:20B1E000DD77F3DD7EFADD77F43A93C4DD96E33E012801AFDD77F5DDCBF54620063A93C48A
:20B200003C200BDD36F920DD36FA00C327B23AB2C4B7280BDD36F90ADD36FA00C327B2DDBC
:20B2200036F90EDD36FA00DD7EF9DD77F62A66C1110600BFED523804DD36F60C2168C17EA7
:20B24000DD77F7237EDD77F8DDB6F7280CDDCBF54620063A93C43C2004AFC35FB23E01DD5F
:20B2600077F9DD5EF3DD56F4DD4EF63AB2C4B7286E3A94C43C2868DDCBF5462062D5ED5B0B
:20B2800094C416006B6229291929192919D144FD2111C0C54DFD09C1FDE5E1C50112000903
:20B2A000C17EB7203A0E09FD7E04DD77CFFD7E05DD77D0DD7EF1DD96CFDD7EF2DD9ED03883
:20B2C00010DD7EF1DD96CF5FDD7EF2DD9ED0C3DEB2DD7ECFDD96F15FDD7ED0DD9EF2573A70
:20B2E000B2C4B7280CDDCBF54620063A93C43C2004AFC3F7B23E01DD77FADD7EF62600DDF7
:20B3000096EF7CDD9EF0DA0DBB06007993789ADA0DBB2A66C1110500BFED52D20DBBDD7EFF
:20B32000F9B7C20DBB3A95C4B7C20DBBDD7EFAB7C20DBBDDCBF5462009211E002268C1C310
:20B3400050B33A94C4DD96DB28062114002268C1DD7EE2B7280AAFDD77F9DD77FAC368B30E
:20B36000DD36F901DD36FA00DD7EF93293C4DD7EDB3294C42160002262C121A7C436FFDDB2
:20B380006EE6DD66E74EDD6EE8DD66E97EDD77FA79B72006DD7EFAB72847AF91E2A1B3EE81
:20B3A00080F2AAB3010100C3B7B3CB79280601FFFFC3B7B3010000DD71F9AFDD96FAE2C3E8
:20B3C000B3EE80F2CCB3010100C3DBB3DDCBFA7E280601FFFFC3DBB3010000DD71FAC339A5
:20B3E000B43EA8DD86FF6F3EC4CE00674EAF91E2F4B3EE80F2FDB3010100C30AB4CB792895
:20B400000601FFFFC30AB4010000DD71F93EAADD86FF6F3EC4CE00674EAF91E220B4EE80BC
:20B42000F229B4010100C336B4CB79280601FFFFC336B4010000DD71FADD5EFF16002104B2
:20B44000003919DD75F7DD74F8DD7EFAF533DD66F92EFFE5DD7EDBF5331100A03E14CDEF20
:20B4600048DD6EF7DD66F873DD36F600DD7EDEB7CA7DB8DD36F400DD6EDCDD66DD7EDD777C
:20B48000F5DD7EDFB72835DD6EEADD66EB7EDD77F2237EDD77F3D60130222A96C37CB5205D
:20B4A0001BDD7EF53D280EDD7EF5D6082807DD7EF5D6022047DD36F401C3FCB4DD7EFFB736
:20B4C000203A3A8DC43D2034DD6EEADD66EB4E2346AFB93E019830242A96C37DD640201CF7
:20B4E000252019DD7EF5D605280EDD7EF5D6062807DD7EF5D6042004DD36F401DD7EF4B7D6
:20B50000CA42B6DD36F6012100002266C12268C121A7C436FFDD6EE0DD66E17E329DC42168
:20B520009EC43600DD6EEADD66EB7E23329FC47E32A0C42AADC422A1C4DD7EDFB728061174
:20B540001000C348B511F001ED53A3C4219DC47EFD21A1C4FD9600237EFD9E013015219D1C
:20B56000C43AA1C496DD77F7233AA2C49EDD77F8C385B521A1C43A9DC496DD77F7233A9EE0
:20B58000C49EDD77F8DD7EF7DD77F2DD7EF8DD77F3219FC47EFD21A3C4FD9600237EFD9E75
:20B5A000013015219FC43AA3C496DD77F7233AA4C49EDD77F8C3CAB521A3C43A9FC496DDB6
:20B5C00077F7233AA0C49EDD77F8DD7EF7DD77F4DD7EF8DD77F5DD7EF4DD86F2DD77F7DD50
:20B5E0007EF5DD8EF3DD77F8DDCBF83EDDCBF71EDDCBF83EDDCBF71EDDCBF83EDDCBF71E5D
:20B60000DD7EF732A5C4D60A300521A5C4360A3E19FD21A5C4FD96003004FD36001921A6A6
:20B62000C436022105002266C11100A03E08CD8B40210100E521802EE5219A01CD0C4BC3B2
:20B640007DB8DD6EF7DD66F87EDD77EF3CCA7DB8DD36F000DD6EEADD66EB7EDD77F1237E72
:20B66000DD77F2DD4EEF0600696029290929092909DD75F7DD74F83E11DD86F7DD77F33E1C
:20B68000C0DD8EF8DD77F4DD7EF3C604DD77F5DD7EF4CE00DD77F6DD6EF5DD66F67EDD772C
:20B6A000F7237EDD77F8DD7EDFB72868ED4B2CC0ED5B43C07993789A30025950DD73EDDDA3
:20B6C00072EEDD7EF1DD96EDDD7EF2DD9EEE300CDD7EF1DD77EDDD7EF2DD77EEDD7EEDDD2B
:20B6E00077F1DD7EEEDD77F2DD7EF1C6F8DD77EDDD7EF2CEFFDD77EEDD7EF7DD96EDDD7E9F
:20B70000F8DD9EEE3061DD7EF8D601305ADD36F001C367B7ED4BCDC021E4C07EDD77ED2332
:20B720007EDD77EEDD7EED91DD7EEE983006DD71EDDD70EEDD4EEDDD46EE79DD96F178DD88
:20B740009EF23006DD4EF1DD46F2210800097DDD96F77CDD9EF8300FAFDDBEF73E01DD9EB0
:20B76000F83004DD36F0012100002266C12268C1DD7EF0B72806018000C37FB701000079C0
:20B78000DDB6EF32A7C4DD6EE0DD66E17E329DC4219EC43600DD6EEADD66EB7E23329FC4D8
:20B7A0007E32A0C4DD6EF3DD66F47E32A1C4FD21A1C4FD360100DD6EF5DD66F67E2332A345
:20B7C000C47E32A4C4219DC47EFD9600237EFD9E01300DED4B9DC42AA1C4BFED42C3EAB706
:20B7E000ED4BA1C42A9DC4BFED42EB219FC47EFD21A3C4FD9600237EFD9E01300DED4B9FDD
:20B80000C42AA3C4BFED42C314B8ED4BA3C42A9FC4BFED42194D44C51106006960CD1C63A1
:20B82000C1FD21A5C4FD73003AA5C4D6063004FD3600063E1CFD21A5C4FD96003004FD3689
:20B84000001C1118006960CD1C63FD21A6C4FD73003AA6C4D6013004FD3600013E07FD2150
:20B86000A6C4FD96003004FD3600072105002266C11100A03E08CD8B40DD36F601DD7EF604
:20B88000B7C206BA0164C10A5FDD7EF993200B2165C156DD7EFA92CA06BADD7EF957079F6F
:20B8A00067AF926F9F94677B079F57BFED5220262165C16EDD7EFA5F079F57AF935F9F92E3
:20B8C000577D079F67BFED52200CDD7EF9B7200ADD7EFAB72004AFC3DCB83E01DD77F6DD8C
:20B8E00036F700DD36F806AFDD96FAE2F0B8EE8007E6015FAFDD96F9E2FDB8EE80F213B9CB
:20B900007BB72806210300C30DB9210800DD75F7C324B9DDCBF97E280B7BB73EFD20023EE9
:20B92000F8DD77F77BB72815DD7EF9B72806110B00C337B9110800DD73F8C347B9DDCBFA87
:20B940007E2804DD36F8FEDD7EF9022165C1DD7EFA77DD6EE0DD66E14E0600DD7EF76F0760
:20B960009F6709EBDD6EEADD66EB4E2346DD7EF86F079F67094D443A53C126006F195D549D
:20B98000CB7C2802EB13CB2ACB1B2153C1732A57C109DD75F7DD74F8EBDDCBF87E2807DDC3
:20B9A0005EF7DD56F813CB2ACB1B7AE60157ED5357C1DD6EE6DD66E77EB7200ADD6EE8DD3F
:20B9C00066E97EB72837DD7EF9B7280CDD7EFAB72806110100C3DBB9110200ED5366C1DD4B
:20B9E0007EF6B72806010000C3EEB9010C00ED4368C11100A03E08CD8B40C38EBC21000060
:20BA00002266C1C38EBCDD7EF6B7C28EBC2A66C17CB5C28EBCDD36F800DD36F506AFDD96F3
:20BA2000FAE226BAEE8007E601DD77F6AFDD96F9E235BAEE80F25ABADD7EF6B7280BDD36F6
:20BA4000F703DD36F800C351BADD36F708DD36F800DD7EF7DD77F8C36DBADDCBF97E280D1A
:20BA6000DD7EF6B73EFD20023EF8DD77F8DD7EF6B72822DD7EF9B7280BDD36F60BDD36F731
:20BA800000C38CBADD36F608DD36F700DD7EF6DD77F5C39FBADDCBFA7E2804DD36F5FEDD9D
:20BAA0006EE0DD66E17EDD86F83253C1DD6EEADD66EB4E2346DD7EF56F079F6709EB7AE6BB
:20BAC0000157ED5357C12164C1DD7EF9772165C1DD7EFA77DD6EE6DD66E77EB7200BDD6E8C
:20BAE000E8DD66E97EB7CA8EBCDD7EF9B7280CDD7EFAB72806010200C3FEBA010400ED43BD
:20BB000066C11100A03E08CD8B40C38EBCDD7EDEB7CA8EBCDDCBF546C28EBC3A93C43CCAD8
:20BB20008EBCDD6EE4DD66E54E237EB1C28EBC3A95C4B7C28EBCDD7EF8DDB6F7C28EBC3A3F
:20BB4000B2C4B72806DDCBF5462804AFC351BB3E01B7CA8EBC3A94C43C3E012801AF5FCBE4
:20BB6000432036ED4B94C406006960292909290929090111C009564A06007ADD96EC300C78
:20BB8000DD7EED914FDD7EEE98C395BB79DD96ED4F78DD9EEE47C39CBB01FFFFCB43203DB5
:20BBA000ED5B94C416006B62292919291929191111C019110400195E23567BDD96F17ADDDD
:20BBC0009EF2300CDD7EF1935FDD7EF29AC3D9BB7BDD96F15F7ADD9EF257C3E0BB11FFFF34
:20BBE000D5FDE1DD5EEFDD56F03E14BB3E009A380EDD6EF3DD66F43E14BD3E009C30133E3B
:20BC000010B93E0098383FFDE5C13E10B93E00983834211E002268C1DD7EE33293C4DD7E76
:20BC2000DB3294C42A66C13E03BD3E009C30062103002266C12160002262C1FD21A7C4FD87
:20BC40003600FFC38EBC3E24BB3E009A3840DD4EF3DD46F43E18B93E00983832DD6EE4DDA5
:20BC600066E5361E233600DD4EE6DD46E72153C15EDD6EE0DD66E17E933006110400C3842C
:20BC8000BC11FCFF7B02DD6EE8DD66E93600DD34FFC3F6A8060078D60E3010C5C5331100E9
:20BCA000A03E06CD6E44C104C396BC1172A73E12CD8B40C3E3BC21E803223DC22254C2DD91
:20BCC0006E06DD6607E5DD6E04DD6605E5DD6EFBDD66FCE5DD6EFDDD66FEE51100A03E0C72
:0BBCE000CD3245DDF9DDE1E1F1F1E9D5
:02000004000AF0
:20A00000DDE5DD210000DD3921F6FF39F90111C01153C13AB2C4B7281E3A94C43C28183A36
:20A0200094C4D60E3011ED5B94C416006B622929192919291909EB010000214000E3DD36E5
:20A04000F840DD36F900210400197EDD77FA237EDD77FBDD5EFADD56FB7AD6013025AFDD2D
:20A0600096FA5F3E01DD9EFB57CB3ACB1B21400019E3D1D53E8CBB3E009A302E218C00E3AC
:20A08000C3AAA0AFBB3E019A302015CB3ACB1B21400019DD75F8DD74F9EB3E8CBB3E009ACA
:20A0A0003008DD36F88CDD36F9002196C37EDD77FC237EDD77FDDD7EF6DD86FCDD77FEDDAC
:20A0C0007EF7DD8EFDDD77FFDD7EFADD96FEDD7EFBDD9EFFD283A1DD7EFDDDB6FCCA83A1EF
:20A0E000DD6EFEDD66FFDD4EFADD46FBBFED42DD75FEDD74FFDD7EFEDD77FADD7EFFDD77AF
:20A10000FB3E04DDBEFA3E00DD9EFBE210A1EE80F262A1DD7EFADD77FEDD7EFBDD77FFDD96
:20A12000CBFB7E2810DD7EFAC607DD77FEDD7EFBCE00DD77FFDD4EFEDD46FFCB28CB19CBCB
:20A1400028CB19CB28CB1903030303AF914F9F904779D6F878173F1FDE7F301001F8FFC37F
:20A160006CA1AFDD96FE4F9FDD96FF47DD5EFCDD56FD696019CB7CCA10A2AF934F9F9247F6
:20A18000C310A2DD5EFCDD56FD21C000197DDD96F86F7CDD9EF9677DDD96FA7CDD9EFB302F
:20A1A0006F7BD6407ADE013067DD7EFADD46FB954F789C4759503E04BB3E009AE2C1A1EE4D
:20A1C00080F2F3A14B42CB7A2806210700194D44CB28CB19CB28CB19CB28CB190303030316
:20A1E00059503E08BB3E009AE2EDA1EE80F2F3A10108005950DD6EFCDD66FD193E40BD3EAE
:20A20000019C300C3E40DD96FC4F3E01DD9EFD477950DD86FC5F7ADD8EFD57ED5396C321B1
:20A22000A4C371DDF9DDE1C9DDE5DD210000DD39FD21F7FFFD39FDF9DD75FEDD74FFDD73E3
:20A24000FCDD72FD2153C14E79D61038203EDF91381B2A57C17DD6187CDE0038103EDEBD53
:20A260003E019C3808FD2195C4FD3600003A53C1DD77F72157C17EDD77F8237EDD77F93A55
:20A2800094C43C2800DD7EF8D618DD7EF9DE003E0017DD77FAB7CA45A3DD7EF7D652DA45EA
:20A2A000A33E9EDD96F7DA45A33A83C4B7281F2180C4342195C436052100002266C12E0886
:20A2C000E52100DEE521CC01CDE54AC37BA5DD6EFEDD66FF360921A4C336002195C43605AB
:20A2E000218CC436002180C43411C1A03E08CD8B40210800E52100DEE521CC01CDE54A21D1
:20A3000065C136002164C136002100002266C12E602262C12191C436FF218FC436FF219023
:20A32000C436FF218EC436FFFD2192C4FD360000DD6EFCDD66FD3603DD4E04DD46053A7A0A
:20A34000C402C37BA53EDEDDBEF83E01DD9EF93E0017DD77FBB7CA05A4DD7EF7D652DA05CB
:20A36000A43E9EDD96F7DA05A43A83C4B7281F217FC4342195C436052100002266C12E0804
:20A38000E52100DEE521CC01CDE54AC37BA5DD6EFEDD66FF360921A4C336002195C43605EA
:20A3A000218CC43601217FC43411C1A03E08CD8B40210800E52100DEE521CC01CDE54A2110
:20A3C00065C136002164C136002100002266C12E602262C12191C436FF218FC436FF219063
:20A3E000C436FF218EC436FFFD2192C4FD360000DD6EFCDD66FD3603DD4E04DD46053A7A4A
:20A40000C402C37BA5DD7EF7D61038083EDFDD96F7D2A8A43A95C4B7280A2A66C17DD60551
:20A42000B4CAA8A4DD6EFEDD66FF360621A4C336002195C436013A53C1D6803007DD36FB33
:20A4400010C348A4DD36FBDEDD7EFB3296C42157C17E233297C47E3298C41158A03E08CDE0
:20A460008B402165C136002164C136002100002266C12E602262C12191C436FF218FC43686
:20A48000FF2190C436FF218EC436FFFD2192C4FD360000DD6EFCDD66FD3602DD4E04DD46B3
:20A4A000053A7AC402C37BA5DD7EFAB72007DD7EFBB7CA7BA53A95C4B7280A2A66C17DD6F0
:20A4C00005B4CA7BA5DD6EFEDD66FF360621A4C336002195C43600ED4B57C179D61878DE97
:20A4E0000030063A93C4B7280E3EDEB93E019830283A93C43D20222195C436033A53C13261
:20A5000096C42157C17E233297C47E3298C41172A03E08CD8B40C338A52195C436023A538E
:20A52000C13296C42157C17E233297C47E3298C4118CA03E08CD8B402165C136002164C17D
:20A5400036002100002266C12E602262C12191C436FF218FC436FF2190C436FF218EC436E1
:20A56000FFFD2192C4FD360000DD6EFCDD66FD3602DD4E04DD46053A7AC402DDF9DDE1E130
:02A58000F1E9FF
:02000004000BEF
:20A00000211DC03678212000221EC02134C036402160002235C0214BC036B0216000224C2F
:20A02000C02190C0362821A0002291C021A7C036C821A00022A8C021BEC0367821BC01223F
:20A04000BFC021D5C0364021A00122D6C021ECC036B021A00122EDC02131C13628213801CC
:20A060002232C12148C136C82138012249C10162C01179C03A8CC4B720263E740221F20062
:20A080002263C03E8412227AC02103C136642128012204C1211AC1368C212801221BC1C9CC
:20A0A0003E640221C8002263C03E8C12227AC02103C1366C21FE002204C1211AC1367C213A
:06A0C000FE00221BC1C9D5
:02000004000CEE
:20A00000DDE5DD210000DD39FD21EEFFFD39FDF9DD75FDDD74FEDD73FBDD72FCDD6EFDDDDA
:20A0200066FE4E79D604C21AA5DD6EFBDD66FC7EDD77FFB7CA54ADDD7E04DD77EEDD7E05C1
:20A04000DD77EFE1E54E217AC47996D211A5DD7EFF3DDD6EFBDD66FC77B7C211A511D6AD5D
:20A060003E05CD8B40AFF5332EBF3E01CD6973217EC43602217CC43601217BC43600218CE3
:20A08000C436002192C436002153C136782100012257C12164C136002165C13600210000C0
:20A0A0002266C12E602262C12196C3DD7E067723DD7E077721A4C3360021B3C3DD7E067709
:20A0C00023DD7E077721B1C3DD7E067723DD7E077721AFC3DD7E067723DD7E077721CAC306
:20A0E000DD7E067723DD7E077721C8C3DD7E067723DD7E077721C6C3DD7E067723DD7E0705
:20A1000077DD6E063E17CD4A731100A03E0BCD8B400E0079D60E30500600696029290929C8
:20A12000092909EB2111C019EBD5FDE1FD7E0C1221040019DD75F7DD74F8D5FDE1FD7E0DAC
:20A14000DD77F9FD7E0EDD77FADD6EF7DD66F8DD7EF97723DD7EFA772111001936002112F0
:20A16000001936000CC313A11170AA3E05CDAB49DD77F0AFDD77F1DD77F2DD4EF1DD46F22F
:20A18000AFB93E0298DAF8A32A96C3DD5EF1DD56F2D5E51100A03E05CDCC46DD36FF25DD95
:20A1A0007EFFD6273077DD4EFF0600696029290929092909EB2111C019DD75F7DD74F8013D
:20A1C0000400094E237EDD71F9DD77FAD6023047DD7EF9C60F5FDD7EFACE0257ED4B96C30A
:20A1E000EBBFED427CE6014F7DD6CF79DE003027DD4EF7DD46F8210F00094E2346DD7EF983
:20A200001600DD86F15F7ADD8EF257DD6EF7DD66F86EC57DCD3E59DD34FFC39FA1DD7EF058
:20A22000B7203BED5B57C17AD6023032210F02194D442A96C379954F789CE6014779D6CFDC
:20A2400078DE003019ED4B62C116007BDD86F15F7ADD8EF2572153C16EC57DCD3E59DD3636
:20A26000FF00DD7EFFD60ED2F6A2DD4EFF0600696029290929092909EB2111C019DD75F344
:20A28000DD74F4010400094E237EDD71F5DD77F6D602305CDD7EF5C60FDD77F7DD7EF6CEFC
:20A2A00002DD77F82196C37EDD77F9237EDD77FADD7EF7DD46F8DD96F94F78DD9EFAE60120
:20A2C0004779D6CF78DE003027DD4EF3DD46F4210F00094E2346DD7EF51600DD86F15F7AB4
:20A2E000DD8EF257DD6EF3DD66F46EC57DCD3E59DD34FFC362A2ED4B6BC278D60230332111
:20A300000F0209EB2A96C37B955F7A9CE601577BD6CF7ADE00301BED5B76C2060079DD86CD
:20A32000F14F78DD8EF2472167C26ED559507DCD3E59DD7EF0B7283BED5B57C17AD6023063
:20A3400032210F02194D442A96C379954F789CE6014779D6CF78DE003019ED4B62C116009F
:20A360007BDD86F15F7ADD8EF2572153C16EC57DCD3E590E0F79FE25306ED61A286606005D
:20A38000696029290929092909EBFD2111C0FD19FDE5D1210400195E23567AD60230452195
:20A3A0000F0219DD75F9DD74FA2A96C3DD7EF9DD46FA956F789CE601477DD6CF78DE0030FB
:20A3C00023FDE5E1C5010F0009C17E23666F16007BDD86F15F7ADD8EF257FD4600C5E578AB
:20A3E000CD3E59C10CC375A3DD4EF1DD7EF23CDD71F1DD77F2C37AA10E0079D627307B0614
:20A40000006960292909290929091111C0195D5423DD75F7DD74F821020019DD75F9DD747B
:20A42000FA6B622323231A77DD6EF9DD66FA77DD6EF7DD66F87721060019DD75F5DD74F6A1
:20A4400021080019DD75F7DD74F8210A0019DD75F9DD74FA2104001946235EDD6EF9DD66C2
:20A46000FA702373DD6EF7DD66F8702373DD6EF5DD66F67023730CC3FAA3ED4B96C33AA9FA
:20A48000C3210000E5C5F5331198A63E05CDAE45ED4B96C33AC0C3210000E5C5F53311372B
:20A4A000A93E05CDAE45ED4B96C33AA9C3210001E5C5F5331198A63E05CDAE45ED4B96C3E2
:20A4C0003AC0C3210001E5C5F5331137A93E05CDAE45ED4B96C33AA9C3210002E5C5F533AB
:20A4E0001198A63E05CDAE45ED4B96C33AC0C3210002E5C5F5331137A93E05CDAE453E4055
:20A50000F5332EBF3E01CD6973DD6EFDDD66FE3602E1E53A7AC477C354AD79D605C2C7A582
:20A520002191C436FF218FC436FF2190C436FFFD218EC4FD3600FFDD6EFBDD66FC5E7BB766
:20A54000CA54ADDD4E04DD46050A57217AC47A96306E7B3DDD6EFBDD66FC77B72062C511A8
:20A56000D6AD3E05CD8B40C13A7FC42180C496281FDD6EFDDD66FE360ADD6EFBDD66FC3679
:20A58000033A7AC402FD2183C4FD360000C3C0A5DD6EFDDD66FE360BC5214901E511FCABE7
:20A5A0003E05CD7346211200E521804DE5213002CDC84AC1DD6EFBDD66FC36023A7AC402BD
:20A5C0003A7AC402C354AD79D606C268ACDD6EFBDD66FC7EDD77FFB7CA54ADDD7E04DD7787
:20A5E000F2DD7E05DD77F3DD6EF2DD66F34E217AC47996D25BACDD7EFF3DDD6EFBDD66FC9E
:20A6000077B7C25BAC11D6AD3E05CD8B403A95C43D200B1100A03E11CD8B40C393A63A9576
:20A62000C4FE022804D604200B11FAA73E11CD8B40C393A63A95C4D603200B1137AC3E11B6
:20A64000CD8B40C393A63A95C4D607200B117AB23E11CD8B40C393A62153C13678210001A6
:20A660002257C12164C136002165C136002100002266C12E602262C13A95C4D605280C21A7
:20A6800096C3DD7E067723DD7E07771100A03E0BCD8B403A95C4D6043E012801AFDD77FF24
:20A6A0003A95C43D28143A95C4D602280DDD7EFFB720073A95C4D6072073DDCBFF4620079F
:20A6C0003A95C4D607200C2A97C4DD75F9DD74FAC3DFA62157C17EDD77F9237EDD77FADDAB
:20A6E0007EF9D660DD7EFADE0030092100002296C3C319A73E40DDBEF93E01DD9EFA300923
:20A700002140012296C3C319A7DD7EF9C6A04FDD7EFACEFF47ED4396C32191C436FF218F83
:20A72000C436FF2190C436FF218EC436FF21A4C336003A95C4D604CABCAA1170AA3E05CD38
:20A74000AB49DD77F4AFDD77F5DD77F6DD4EF5DD46F6AFB93E0298DABCA92A96C3DD5EF510
:20A76000DD56F6D5E51100A03E05CDCC46DD36FF25DD7EFFD6273077DD4EFF0600696029CC
:20A78000290929092909EB2111C019DD75F7DD74F8010400094E237EDD71F9DD77FAD60231
:20A7A0003047DD7EF9C60F5FDD7EFACE0257ED4B96C3EBBFED427CE6014F7DD6CF79DE0089
:20A7C0003027DD4EF7DD46F8210F00094E2346DD7EF91600DD86F55F7ADD8EF657DD6EF760
:20A7E000DD66F86EC57DCD3E59DD34FFC371A7DD7EF4B7203BED5B57C17AD6023032210F7A
:20A8000002194D442A96C379954F789CE6014779D6CF78DE003019ED4B62C116007BDD865E
:20A82000F55F7ADD8EF6572153C16EC57DCD3E590E0079D60E307A060069602929092909D8
:20A8400029091111C019DD75F7DD74F8EB2104001946237EDD70F9DD77FAD602304FDD7EE3
:20A86000F9C60F5FDD7EFACE02472A96C37B955F789CE601577BD6CF7ADE003030DD5EF7F1
:20A88000DD56F8210F00195E2356DD6EF92600E5FDE1C5DD4EF5DD46F6FD09C1DD6EF7DD5C
:20A8A00066F846C5D5FDE5D178CD3E59C10CC332A82A6BC2DD75F9DD74FA7CD602303BDDD8
:20A8C0007EF9C60F5FDD7EFACE0257ED4B96C3EBBFED427CE6014F7DD6CF79DE00301BED84
:20A8E0004B76C2DD7EF91600DD86F55F7ADD8EF6572167C26EC57DCD3E59DD7EF4B7283BBB
:20A90000ED5B57C17AD6023032210F02194D442A96C379954F789CE6014779D6CF78DE00B1
:20A920003019ED4B62C116007BDD86F55F7ADD8EF6572153C16EC57DCD3E59DD36FF0FDDB2
:20A940007EFFD6253065DD7EFFD61A2858DD4EFF0600696029290929092909EBFD2111C08E
:20A96000FD19FDE5C1210400094E234678D6023034210F0209EB2A96C37B955F7A9CE60170
:20A98000577BD6CF7ADE00301CFDE5D1210F00195E23560600DD6EF5DD66F609FD4E00EB0B
:20A9A000E579CD3E59DD34FFC33FA9DD4EF5DD5EF67B3CDD71F5DD77F6C34CA7DD36FF00BD
:20A9C000DD7EFFD627306EDD4EFF0600696029290929092909EB2111C019EB4B4203210236
:20A9E0000019DD75F9DD74FA6B622323231A77DD6EF9DD66FA7702210600194D44210800ED
:20AA000019DD75F7DD74F8210A0019DD75F9DD74FA210400195E2356DD6EF9DD66FA732385
:20AA200072DD6EF7DD66F87323727B02037A02DD34FFC3C0A9ED4B96C33AA9C3210000E5AA
:20AA4000C5F5331198A63E05CDAE45ED4B96C33AC0C3210000E5C5F5331137A93E05CDAEC7
:20AA600045ED4B96C33AA9C3210001E5C5F5331198A63E05CDAE45ED4B96C33AC0C32100A5
:20AA800001E5C5F5331137A93E05CDAE45ED4B96C33AA9C3210002E5C5F5331198A63E0531
:20AAA000CDAE45ED4B96C33AC0C3210002E5C5F5331137A93E05CDAE45C344ACED4B59C19A
:20AAC0003A54C1210000E5C5F533117EA23E05CDAE45ED4B5BC13A55C1210001E5C5F53368
:20AAE000117EA23E05CDAE45ED4B5DC13A56C1210002E5C5F533117EA23E05CDAE45ED4B1A
:20AB00003FC23A3AC2210000E5C5F533117EA23E05CDAE45ED4B41C23A3BC2210001E5C599
:20AB2000F533117EA23E05CDAE45ED4B43C23A3CC2210002E5C5F533117EA23E05CDAE451B
:20AB4000ED4B56C23A51C2210000E5C5F533117EA23E05CDAE45ED4B58C23A52C22100016F
:20AB6000E5C5F533117EA23E05CDAE45ED4B5AC23A53C2210002E5C5F533117EA23E05CDF6
:20AB8000AE45ED4B62C1ED5B57C116002153C16EC57DCD3E59ED4B62C12A57C126005D7C0C
:20ABA0003C572153C16EC57DCD3E59ED4B62C12A57C126005D7CC602572153C16EC57DCD4C
:20ABC0003E590E0079D627307B06006960292909290929091111C0195D5423DD75F7DD74B8
:20ABE000F821020019DD75F9DD74FA6B622323231A77DD6EF9DD66FA77DD6EF7DD66F877D8
:20AC000021060019DD75F5DD74F621080019DD75F7DD74F8210A0019DD75F9DD74FA210493
:20AC200000195E2356DD6EF9DD66FA732372DD6EF7DD66F8732372DD6EF5DD66F673237295
:20AC40000CC3C4ABDD6EFDDD66FE36023A95C4D6052008FD2195C4FD360006DD6EF2DD662F
:20AC6000F33A7AC477C354AD79D609382C3E0B913827DD6E06DD6607E5DD6E04DD6605E53D
:20AC8000DD6EFBDD66FCE5DD6EFDDD66FEE51100A03E16CD3245C354AD79FE072804D60847
:20ACA0002027DD6E06DD6607E5DD6E04DD6605E5DD6EFBDD66FCE5DD6EFDDD66FEE5110068
:20ACC000A03E0FCD3245C354AD79D60C382C3E0E913827DD6E06DD6607E5DD6E04DD66056D
:20ACE000E5DD6EFBDD66FCE5DD6EFDDD66FEE51100A03E10CD3245C354AD79D60F38553E67
:20AD000011913850217BC33678216D00228AC3117FC33A53C1D678200F2A57C17DD64AB44E
:20AD2000200601E803C32BAD014A007912137812DD6E06DD6607E5DD6E04DD6605E5DD6EAC
:1CAD4000FBDD66FCE5DD6EFDDD66FEE5114DAA3E0FCD3245DDF9DDE1E1F1F1E991
:02000004000DED
:20A00000DDE5DD210000DD39FD21E8FFFD39FDF9DD75FDDD74FEDD73FBDD72FCDD6EFDDDE0
:20A0200066FE4E79B7203D2A96C301A4C37DDD96067CDD9E07381FAF02DD6EFDDD66FE363B
:20A0400001DD6EFBDD66FC3602DD4E04DD46053A7AC402C345A80A4F079F4709EBED5396B1
:20A06000C3C345A8793D2042DD4E04DD46050A5F217AC47B96302CDD6EFBDD66FC7E3DDDAC
:20A080006EFBDD66FC77B7201ADD6EFDDD66FE3602C51115A03E08CD8B401100A03E0BCDBF
:20A0A0008B40C13A7AC402C345A879D602C245A82191C436FF218FC436FF2190C436FFFDEF
:20A0C000218EC4FD3600FFDD36EC013A95C4D606C22BA22196C37EDD77F7237EDD77F8DDD0
:20A0E0007E06DD77F5DD7E07DD77F6DD7EF5C603DD77F9DD7EF6CE00DD77FADD7EF7DD776E
:20A10000F5DD7EF8DD77F6DD7EF9DD96F5DD7EFADD9EF6305C21A4C336FC2196C37EDD7799
:20A12000F7237EDD77F83AA4C3DD77FFDD77F9079FDD77FADD7EF7DD77F5DD7EF8DD77F6CE
:20A14000DD7EF9DD77F7DD7EFADD77F8DD7EF7DD86F5DD77F9DD7EF8DD8EF6DD77FA21960F
:20A16000C3DD7EF97723DD7EFA77DD36EC00C32BA2DD7EF5C603DD77F9DD7EF6CE00DD77FA
:20A18000FADD7EF9DD9606DD7EFADD9E07305C21A4C336042196C37EDD77F7237EDD77F8A3
:20A1A0003AA4C3DD77FFDD77F9079FDD77FADD7EF7DD77F5DD7EF8DD77F6DD7EF9DD77F793
:20A1C000DD7EFADD77F8DD7EF5DD86F7DD77F9DD7EF6DD8EF8DD77FA2196C3DD7EF977237D
:20A1E000DD7EFA77DD36EC00C32BA2DD7E06DD96F72008DD7E07DD96F8282BDD7E06DD773C
:20A20000FADD7EF7DD77FFDD7EFADD96FFDD77FF32A4C32196C3DD7E067723DD7E0777DDC1
:20A2200036EC00C32BA221A4C336003A95C4D6043E012801AF47CB4020073A95C4D6072021
:20A24000063A96C4C34AA23A53C15F1600CB4020073A95C4D60720062A97C4C361A22A575E
:20A26000C1DD75F5DD74F6DD73F7DD72F8DD7EF7D680DD7EF8DE003013DD7EF7C628DD7751
:20A28000F9DD7EF8CE00DD77FAC39CA2DD7EF7C6D8DD77F9DD7EF8CEFFDD77FADD4EF9DDA9
:20A2A00046FADD5EF5DD56F67AD601300821300019EBC3BDA27BC6D05F7ACEFF5769607DB1
:20A2C000D6107CDE00300301100069603EE0BD3E009C300301E0006B627DD6187CDE0030A6
:20A2E000031118006B623EE8BD3E019C300311E8012173C271ED5374C2DD36FF003E1ADDF6
:20A3000096FFDAC3A6DD7EFFD60E3808DD7EFFD61ADABDA6DD4EFF060069602929092909DA
:20A3200029091111C0194D440ADD77EDC5FDE1FD5E0C21040009DD75F7DD74F8210D000913
:20A34000DD75F9DD74FA21110009DD75EEDD74EF21120009DD75F0DD74F1210F0009DD7561
:20A36000F2DD74F3DD7EED932025DD6EF7DD66F87EDD77F4237EDD77F5DD6EF9DD66FA5683
:20A38000236EDD7EF4922007DD7EF595CA03A5DD36EC00DD7EED93302B7B1600DD6EED26A9
:20A3A00000956F7A9C577DD6027A173F1FDE8038053E02C3BAA37BDD96EDDD6EEEDD66EFA7
:20A3C00077C3FFA37BDD96ED302DDD7EED16006B2600956F7A9C577DD6027A173F1FDE8067
:20A3E00038053EFEC3EDA3DD7EED93ED44DD6EEEDD66EF77C3FFA3DD6EEEDD66EF3600DDC0
:20A400006EF9DD66FA5E2356DD6EF7DD66F87EDD77F9237EDD77FADD7EF993DD7EFA9A3084
:20A42000267BDD96F96F7ADD9EFA677DD6027CDE0038053E02C33DA47BDD5EF993DD6EF0FD
:20A44000DD66F177C380A47BDD96F97ADD9EFA3027DD7EF9936FDD7EFA9A677DD6027CDEE2
:20A460000038053EFEC36EA4DD7EF993ED44DD6EF0DD66F177C380A4DD6EF0DD66F1360004
:20A480000ADD6EEEDD66EF5E8302DD6EF7DD66F85E2356DD6EF0DD66F17E6F079F6719EBA3
:20A4A000DD6EF7DD66F8732372211300095E23562B13732372DD36E800DD36E901DD36EAC8
:20A4C00002DD36EB01EB110300CD1C637BE6034F060021000039097EDD6EF0DD66F146DD04
:20A4E0006EEEDD66EF56F5334AC5DD7EFFF5331100A03E13CD8E48DD6EF2DD66F37323729F
:20A50000C3BDA63A53C1DD77F6DD7EEDDD96F63006010100C328A5DD7EF6DD96ED3006011C
:20A52000FFFFC328A5010000DD71F8DD7EFFD6073E0017DD77F7B72806010100C342A501DD
:20A54000FFFFDD71FADD7EFFD61AC2F0A53A95C4D6043E012801AFDD77F8B7280C2A97C4D4
:20A56000DD75F9DD74FAC375A52157C17EDD77F9237EDD77FADD7EF8B728093A96C4DD7752
:20A58000F8C38AA5DD7EF6DD77F8DD4EF80600DD5EED16007B917A983006010100C3AFA560
:20A5A0007993789A300601FFFFC3AFA5010000DD71F8DD7EF4DD96F9DD7EF5DD9EFA300634
:20A5C000010100C3DDA5DD7EF9DD96F4DD7EFADD9EF5300601FFFFC3DDA5010000DD71FAF1
:20A5E000DD7EF8B7200ADD7EFAB72004DD36FA01DD6EEEDD66EF3600DD6EF0DD66F13600A3
:20A600003A95C43D204DDD7EFFFD219CC4FD960020413A96C4D6803E00174FDD7EF7B72872
:20A620001979B72806012500C32EA6012200DD6EF2DD66F3712370C3BDA679B72806019532
:20A6400000C347A6019200DD6EF2DD66F3712370C3BDA63A95C4D60420462A97C47CD6016F
:20A660003006010000C36BA6010700DD6EFF2600BFED42202BDD7EFFB7200BDD36F9F3DD06
:20A6800036FA00C38EA6DD36F9F2DD36FA00DD6EF2DD66F3DD7EF97723DD7EFA77C3BDA635
:20A6A000DD66FADD6EF8E5DD7EFFF53311C2A63E13CD2F48DD6EF2DD66F3732372DD34FF1A
:20A6C000C3FDA2DD7EECB7CA45A8DD36FF00DD7EFFD60E3020DD4EFF060069602929092946
:20A6E0000929091111C01901150009AF772377DD34FFC3CEA62194C436FFDD4E04DD4605F9
:20A700003A95C43D280B3A95C4FE032804D607204EDD6EFDDD66FE36073A9CC4D6073004BA
:20A72000AFC326A73E011E00FE0120051E01C33CA7B720083A8DC43D20021E017BB728064C
:20A74000110500C349A7110100DD6EFBDD66FC733A7AC402FD21ACC4FD360000C345A83A01
:20A7600095C4FE022804D6042054DD6EFDDD66FE36082A97C47CD6013004AFC380A73E0755
:20A78000B728023E011E00FE0120051E01C39BA7B720083A8DC43D20021E017BB7280611DA
:20A7A0000500C3A8A7110100DD6EFBDD66FC733A7AC402FD21ACC4FD360000C345A83A95BE
:20A7C000C4D60620052195C43600DD6EFDDD66FE36033A8CC4B7202B218EC43603C53E0106
:20A7E000F533AF672E04E53E03F5331100A03E14CDEF48C17B328FC43EFF3291C43290C489
:20A80000C32BA82190C4360BC53EFFF533AF672E0AE53E0BF5331100A03E14CDEF48C17BDB
:20A820003291C43EFF328FC4328EC43A8CC43293C4DD6EFBDD66FC36023A7AC4021116A03A
:0DA840003E08CD8B40DDF9DDE1E1F1F1E9ED
:02000004000FEB
:20A00000DDE5DD210000DD39FD21E5FFFD39FDF9DD75FEDD74FFDD73FCDD72FDDD6EFEDDDE
:20A0200066FF7EDD77FBD607C246A33A9CC4D607300AAFDD77FADD77FBC344A0DD36FA01B4
:20A04000DD36FB00DD7EFADD77F7DD36F800DD7EF73D2007DD36F801C36BA0DD7EF7B7208E
:20A060000A3A8DC43D2004DD36F8012191C436FF218FC436FF2190C436FFFD218EC4FD363D
:20A0800000FFDD7E04DD77F9DD7E05DD77FADD6EF9DD66FA4E217AC479963018DD6EFCDDBE
:20A0A00066FD7EDD77FBB7280BDD7EFB3DDD6EFCDD66FD77DD6EF9DD66FA3A7AC477DD7E2A
:20A0C000F8B7CAF1A1DD7EF7B720153A9BC4B720063A99C4C3DAA03A9AC4328FC4C3F2A07B
:20A0E0003A9BC4B720063A99C4C3EFA03A9AC43291C4DD4EF7060069602909DD75FADD7422
:20A10000FB3E0BDD86FADD77F83EC0DD8EFBDD77F9DD6EF8DD66F97EDD77FBB728113AAC7F
:20A12000C4B7200B3A9BC44F219BC43E019177DD7EFB32ACC4DD7EF8DD77FADD7EF9DD7789
:20A14000FBDD6EFADD66FB237EDD77FBDD6EFCDD66FD7EDD77FAB72004DD36FB01DD7EFBFE
:20A16000B7CA45AA3A95C43D28073A95C4D60720213A9BC4B720063A99C4C380A13A9AC436
:20A18000F5333A9CC4F53311B9AF3E11CD524AC3B0A13A9BC4B720063A99C4C3A1A13A9AAA
:20A1A000C4F5333A9CC4F5331122B13E11CD524A3AA5C4DD77FADD36FB004F06006960290F
:20A1C0002909292909292909DD75FADD74FB116400DD6EFADD66FBCDBF7921A5C473DD6EBA
:20A1E000FEDD66FF3603FD2192C4FD360001C345AADD6EFCDD66FD7EB7C245AA217AC4CBF5
:20A200004620093A99C4DD77FBC312A23A9AC4DD77FB3A95C43D28073A95C4D6072015DD0A
:20A220007EFBF5333A9CC4F53311B9AF3E11CD524AC305A33A9CC4D607300AAFDD77FADD94
:20A2400077FBC34DA2DD36FA01DD36FB00DD7EFADD77FBB7200BDD36FA01DD36FB00C369F0
:20A26000A2DD36FA08DD36FB00DD7EFADD77FBDD77E5DD7EFB3CDD77FADD77E6DD7EFBC606
:20A2800004DD77FADD77E7DD7EFBC605DD77FBDD77E83A7AC4DD77F8DD36F900DD7EF8E67C
:20A2A00003DD77F6DD36F7005F16002100003919DD75FADD74FB7EDD77FB3A9CC4DD96FBF2
:20A2C0002031DD7EF8C601DD77FADD7EF9CE00DD77FB110400DD6EFADD66FBCDA379DD7383
:20A2E000F8DD72F92100003919DD75FADD74FB7EDD77FBDD7EFBF5333A9CC4F5331122B122
:20A300003E11CD524A3AA5C4DD77FADD36FB004F06006960292909292909292909DD75FA0B
:20A32000DD74FB116400DD6EFADD66FBCDBF7921A5C473DD6EFEDD66FF3603FD2192C4FDA2
:20A34000360001C345AADD7EFBD608C245AA2191C436FF218FC436FF2190C436FFFD218E85
:20A36000C4FD3600FFDD5E04DD56051A217AC4963012DD6EFCDD66FD7EB728083DDD6EFCAF
:20A38000DD66FD773A7AC4122A97C4DD75F7DD74F87CD601300AAFDD77FADD77FBC3A8A37E
:20A3A000DD36FA07DD36FB00DD7EFADD77E94F0600696029290929092909DD75F5DD74F67E
:20A3C0003E11DD86F5DD77FA3EC0DD8EF6DD77FBDD7EFADD77EADD7EFBDD77EBDD7EE9B7B7
:20A3E000200BDD36FA01DD36FB00C3F5A3DD36FAFFDD36FBFFDD7EFADD77FB3A96C4D68014
:20A40000300BDD36F901DD36FA00C315A4DD36F9FFDD36FAFFDD7EF9DD77FA3A95C4D60445
:20A420003E012801AFDD77ECB7280D3A96C4DD77F9DD36FA00C373A43A53C1DD77F9DD7722
:20A44000F3DD36F400DD7EFADD77F9079FDD77FADD4EF9DD46FA6960290929DD75F5DD746F
:20A46000F6DD7EF3DD96F5DD77F9DD7EF4DD9EF6DD77FADD7EF9DD77EDDD7EFADD77EEDDCC
:20A480007EECB7280FDD7EF7DD77FADD7EF8DD77FBC3E1A42157C17EDD77F8237EDD77F9E9
:20A4A000DD7EFBDD77FA079FDD77FB0603DDCBFA26DDCBFB1610F6DD7EF8DD77F6DD7EF982
:20A4C000DD77F7DD7EFADD77F8DD7EFBDD77F9DD7EF6DD96F8DD77FADD7EF7DD9EF9DD77C9
:20A4E000FBDD7EFADD77EFDD7EFBDD77F0DD7EE9B72009DD77FADD77FBC304A5DD36FA01F4
:20A50000DD36FB00DD7EFADD77FBDD36F100DD7EFB3D2007DD36F101C32BA5DD7EFBB72006
:20A520000A3A8DC43D2004DD36F101DD6EFCDD66FD7EB7C2B3A9DD7EEAC604DD77F2DD7E96
:20A54000EBCE00DD77F3DD6EF2DD66F37EDD77F4237EDD77F5DD7EEFDD96F4200ADD7EF0B2
:20A56000DD96F53E012801AFDD77F6DD7EEAC60FDD77F7DD7EEBCE00DD77F8DDCBF6462841
:20A5800022DD6EEADD66EB7EDD77F9DD77FADD36FB00DD7EEDDD96FA2009DD7EEEDD96FB7A
:20A5A000CAD5A7DD7EEAC612DD77FADD7EEBCE00DD77FBDDCBF646C287A62A57C1DD7EF423
:20A5C00095DD7EF59C3006010200C3D0A501FEFFDD6EFADD66FB71DD6EF2DD66F37EDD7752
:20A5E000F5237EDD77F6DD7EF5DD96EFDD7EF6DD9EF0302ADD6EFADD66FB7E6F079F67DD59
:20A600004EF5DD46F609DD7EEF95DD7EF09C300EDD7EEFDD4EF591DD6EFADD66FB77DD6E91
:20A62000F2DD66F37EDD77F5237EDD77F6DD7EEFDD96F5DD7EF0DD9EF6302ADD6EFADD66F0
:20A64000FB7E6F079F67DD4EF5DD46F6097DDD96EF7CDD9EF0300EDD7EEFDD4EF591DD6E79
:20A66000FADD66FB77DD6EF2DD66F34E2346DD6EFADD66FB7E6F079F6709EBDD6EF2DD6610
:20A68000F3732372C38FA6DD6EFADD66FB3600DD6EEADD66EB7EDD77F94F0600DD7EEAC680
:20A6A00011DD77FADD7EEBCE00DD77FBDD6EEDDD66EEBFED42CA59A72153C1DD7EF9963068
:20A6C00006010200C3CAA601FEFFDD6EFADD66FB71DD6EEADD66EB4E791E00DD96ED7BDD4C
:20A6E0009EEE3024591600DD6EFADD66FB7E6F079F6719DD7EED95DD7EEE9C300BDD7EED30
:20A7000091DD6EFADD66FB77DD6EEADD66EB4E411E00DD7EED90DD7EEE9B3024591600DD42
:20A720006EFADD66FB7E6F079F67197DDD96ED7CDD9EEE300BDD7EED91DD6EFADD66FB7790
:20A74000DD6EEADD66EB4EDD6EFADD66FB7E81DD6EEADD66EB77C361A7DD6EFADD66FB3668
:20A7600000DD6EEADD66EB111300195E23562B13732372EB110600CD1C637BE601DD77FA1E
:20A78000DD36FB00DD7EE9B7201EDD7EFBDDB6FA200BDD36FAF3DD36FB00C3C3A7DD36FA1C
:20A7A000F4DD36FB00C3C3A7DD7EFBDDB6FA200BDD36FAF2DD36FB00C3C3A7DD36FAF5DD43
:20A7C00036FB00DD4EFADD46FBDD6EF7DD66F8712370C345AA3A9BC4B720073A99C447C3BA
:20A7E000E6A73A9AC447DD70FBDD7EF1B72016217AC4CB4620093A99C4DD77FBC305A83A43
:20A800009AC4DD77FBDD7EECB72809DD7EF9DD77FAC31AA83A53C1DD77FADD7EFA329DC4B1
:20A82000219EC43600DD7EECB7280CDD6EF2DD66F34E2346C33BA8ED4B57C1ED439FC4DD9D
:20A840004EFB0600696029290929092909EB2111C019EB1A32A1C4AF32A2C4210400197E8C
:20A860002332A3C47E32A4C4219DC47EFD21A1C4FD9600237EFD9E013011219DC43AA1C44F
:20A8800096234F3AA2C49E47C399A821A1C43A9DC496234F3A9EC49E47219FC47EFD21A3BA
:20A8A000C4FD9600237EFD9E01300DED5B9FC42AA3C4BFED52C3C2A8ED5BA3C42A9FC4BF65
:20A8C000ED52094D44C51105006960CD1C63C1FD21A5C4FD73003AA5C4D60F3004FD360008
:20A8E0000F3E2DFD21A5C4FD96003004FD36002D1118006960CD1C63FD21A6C4FD73003AC0
:20A90000A6C4D6023004FD3600023E07FD21A6C4FD96003004FD3600073A9DC43253C121BC
:20A9200057C13A9FC477233AA0C4772105002266C16C2268C12165C136002164C136001183
:20A9400000A03E08CD8B40DD7EE9B72009DD77F9DD77FAC35EA9DD36F901DD36FA00DD7E7B
:20A96000F93293C4DD7EE93294C4DD7EFB32A7C4DD6EF2DD66F3DD7EE9B72006112000C30C
:20A9800085A911BC01732372DD7EE9B7200601D500C397A901D600DD6EF7DD66F871237061
:20A9A000DD6EFEDD66FF3603FD2192C4FD360001C345AADD7EF1B72865DD7EFBB720153A6D
:20A9C0009BC4B720063A99C4C3CEA93A9AC4328FC4C3E6A93A9BC4B720063A99C4C3E3A99F
:20A9E0003A9AC43291C4010BC0DD5EFB16006B62291909EB1A4FB728113AACC4B7200B3AFE
:20AA00009BC447219BC43E019077FD21ACC4FD7100131AB72808DD6EFCDD66FD36003A952E
:20AA2000C4D6042820DD7EEAC60F5FDD7EEBCE0057DD7EE9B7200601F300C340AA01F20097
:20AA40007912137812DDF9DDE1E1F1F1E9DDE5DD210000DD39FD21DCFFFD39FDF9DD75FD44
:20AA6000DD74FEDD73FBDD72FCDD6EFDDD66FE7EDD77FAD60FDA6FBD3E11DD96FADA6FBDEF
:20AA8000DD7EFAD6103E012801AFDD77FFB72007DD7EFAD61120163A86C4D6073006110712
:20AAA00000C3A7AA110000DD73E6C3BFAA3A87C4B72006010700C3BCAA010000DD71E6DD6A
:20AAC0007EFAD60FC2D4B02166C17EDD77F9237EDD77FADD4EF9DD46FA79D605B0C280AC9E
:20AAE0003A68C1DD77FF2AA1C4DD75F5DD74F62A9DC4DD75F7DD74F8DD7EF5DD96F7DD7758
:20AB0000F9DD7EF6DD9EF8DD77FADD7EF9DD77F3DD7EFADD77F42AA3C4DD75F5DD74F62AA9
:20AB20009FC4DD75F7DD74F8DD7EF5DD96F7DD77F9DD7EF6DD9EF8DD77FA21A5C4DD7EFF23
:20AB40009638773AA1C43253C12157C13AA3C477233AA4C4772100002266C1AFF533115C90
:20AB6000AA3E05CD6E442157C17EDD77F9237EDD77FA3E18DDBEF93E00DD9EFA3827215306
:20AB8000C14E79D652381E3E9E9138193A87C43D20072180C434C39DAB217FC434FD219519
:20ABA000C4FD360005DD6EFBDD66FC3602DD4E04DD46053A7AC402C36FBD3A9DC4DD77F835
:20ABC000DD4EFF0600C55950DD6EF3DD66F4CD2677EBC13AA5C45F1600C5CDBF79C17BDD51
:20ABE00086F83253C12A9FC4E55950DD6EF9DD66FACD26774B42E13AA5C45F1600E5696057
:20AC0000CDBF79E119EBED5357C1ED4B68C103ED4368C13AA5C44FCB39411E0079DD96FFF5
:20AC2000381FD5C53AA6C45FDD66FF2E005506082930011910FAC1D15358CDBF7943C36C1C
:20AC4000ACDD7EFF9167D5C53AA6C45F2E005506082930011910FAC1D13AA5C41600904F21
:20AC60007A9B5759CDBF793AA6C493473E079030020607C533115CAA3E05CD6E44C36FBDB8
:20AC8000DD7EFADDB6F9C26FBDDD7E04DD77F2DD7E05DD77F3DD6EF2DD66F34E217AC47900
:20ACA000963012DD6EFBDD66FC7EB728083DDD6EFBDD66FC77DD6EF2DD66F33A7AC477DD5A
:20ACC0006EFBDD66FC7EB7C26FBDFD2184C4ED5B87C41600FD19FD5E007BD605D2B2AD4B57
:20ACE0003A87C4B7200779C61B4FC3F1AC79C6204F3A95C4D6053E012801AFDD77F4060067
:20AD00006960292909290929090111C009DD75F5DD74F67B87838787DD77FFDD7EF5C60442
:20AD2000DD77F7DD7EF6CE00DD77F8DD7EF5C60FDD77F9DD7EF6CE00DD77FA3A87C4B72022
:20AD400042DD7EFFC620DD6EF5DD66F677DD6EF7DD66F83610233600DD7EF4B7280BDD3619
:20AD6000F72FDD36F800C371ADDD36F716DD36F800DD4EF7DD46F8DD6EF9DD66FA712370D4
:20AD8000C3B2ADDD7EFFC6A8DD6EF5DD66F677DD6EF7DD66F83610233600DD7EF4B7280689
:20ADA000019F00C3A9AD018600DD6EF9DD66FA7123703E842187C4864F3EC4CE00470A3C6E
:20ADC000020E003A84C4DD77FF2185C47EDD77FADD7EFFDD96FA2044DD7EFFD605383D3A49
:20ADE0007FC4FD2180C4FD960028050E01C379AEDD7EFFD605C279AE061B78D625307A5841
:20AE000016006B62292919291929191111C0191104001936E823360304C3FAAD3E05DD9699
:20AE2000FF38563E05DD96FA384FDD46FF3E0590DD77FFDD46FA3E05905F3A80C4DD77F9EC
:20AE4000DD36FA001600DD6EF9DD66FA193A7FC45F16007D937C9AE25CAEEE80F261AE0EB4
:20AE600001DD6EFF2600197DDD96F97CDD9EFAE274AEEE80F279AE0E013A87C4B720073E33
:20AE8000010600C388AEAF473287C421E8032257C179B72825DD6EFDDD66FE3611DD6EFB66
:20AEA000DD66FC3606DD6EF2DD66F33A7AC477FD2183C4FD360000C36FBD3A86C4DD77FA5C
:20AEC000D6073E001747B72806DD56FAC3D5AEDD7EFAC6F957DD72F978B7280BDD36F74042
:20AEE000DD36F800C3EFAEDD36F7C0DD36F800DD7EF7DD77FFDD36F500DD36F6003E06DD3B
:20AF000096F9386BDD4EF906002110AF090909E9C325AFC330AFC33BAFC346AFC351AFC3CD
:20AF20005CAFC367AFDD36F5EEDD36F6EEC36FAFDD36F502DD36F6EEC36FAFDD36F516DD82
:20AF400036F6EEC36FAFDD36F5EADD36F602C36FAFDD36F5FEDD36F602C36FAFDD36F5120C
:20AF6000DD36F602C36FAFDD36F5F6DD36F616DD4EFA0600696029290929092909DD75F9CA
:20AF8000DD74FA3E11DD86F9DD77F73EC0DD8EFADD77F8DD7EF7C60CDD77F9DD7EF8CE002F
:20AFA000DD77FADD7EFFDD86F5DD77FFDD6EF9DD66FA77DD7EF7C60DDD77F9DD7EF8CE00B3
:20AFC000DD77FADD7EF6DD77F3079FDD77F4DD7EF3DD77F7DD7EF43CDD77F8DD6EF9DD66A6
:20AFE000FADD7EF77723DD7EF877DD7EE6DD77FADD7EE6D6073009DD7EE6DD77FFC30BB0A9
:20B00000DD7EE6DD77FFC6F9DD77FFDD7EFAD607300BDD36F840DD36F900C325B0DD36F823
:20B02000C0DD36F900DD4EF83E06DD96FF3863DD5EFF1600213AB01919E9180C1815181ED3
:20B040001827183018391842DD36F5EEDD36F6EEC392B0DD36F502DD36F6EEC392B0DD36B3
:20B06000F516DD36F6EEC392B0DD36F5EADD36F602C392B0DD36F5FEDD36F602C392B0DDD4
:20B0800036F512DD36F602C392B0DD36F5F6DD36F616DD5EFA16006B62292919291929193F
:20B0A000EB2111C019EB210C001979DD86F577210D0019DD7EF64F079F473C712377217372
:20B0C000C2369821E8002274C2DD6EFDDD66FE3610C36FBDDD7EFFB7CA7BB5DD36E701DDDE
:20B0E0004EE606006960292909290929091111C019110400194E234679D66078DE00300673
:20B10000010000C30EB179C6A04F78CEFF4759503E40BB3E019A3003014001ED5B96C369B8
:20B1200060232323DD73F9DD72FA7DDD96F97CDD9EFA301D21A4C336FCED4B96C33AA4C3A1
:20B140006F079F6709EBED5396C3DD36E700C399B1DD6EF9DD66FA232323AFED42301D21A9
:20B16000A4C33604ED4B96C33AA4C36F079F6709EBED5396C3DD36E700C399B16960BFED77
:20B18000522811799321A4C377ED4396C3DD36E700C399B121A4C33600DD36FF00DD7EFF5F
:20B1A000D603D261B5DD7EFFB720063A86C4C3BFB1DD7EFF3D2006DD7EE6C3BFB13E1ADD7A
:20B1C00077E84F06006960292909290929091111C019DD75E9DD74EA7EDD77F9DD4EE9DD06
:20B1E00046EA210C00097EDD77FADD7EE9C604DD77EBDD7EEACE00DD77ECDD7EE9C60DDD89
:20B2000077EDDD7EEACE00DD77EEDD7EE9C611DD77EFDD7EEACE00DD77F0DD7EE9C612DDC7
:20B2200077F1DD7EEACE00DD77F2DD7EE9C60FDD77F3DD7EEACE00DD77F4DD7EF9DD96FAD1
:20B240002019DD6EEBDD66EC4E2346DD6EEDDD66EE5E23666BBFED42CAFEB4DD36E700DD9D
:20B260007EF9DD96FA3048DD7EFADD77F7DD36F800DD7EF9DD77F5DD36F600DD7EF7DD965C
:20B28000F5DD77F9DD7EF8DD9EF6DD77FADD7EF9D602DD7EFA173F1FDE803806110200C3F2
:20B2A000A5B2110100DD6EEFDD66F073C305B3DD7EFADD96F93046DD7EF9DD77F5DD36F6ED
:20B2C00000DD7EFADD77F7DD36F800DD7EF5DD96F7DD77F9DD7EF6DD9EF8DD77FADD7EF956
:20B2E000D602DD7EFA173F1FDE8038053EFEC3F3B23EFFDD6EEFDD66F077C305B3DD6EEF97
:20B30000DD66F03600DD6EEDDD66EE7EDD77F9237EDD77FADD6EEBDD66EC7EDD77F5237ED4
:20B32000DD77F6DD7EF5DD96F9DD7EF6DD9EFA303DDD7EF9DD96F5DD77F7DD7EFADD9EF607
:20B34000DD77F8DD7EF7DD77F9DD7EF8DD77FADD7EF9D602DD7EFADE003806010200C3649A
:20B36000B3010100DD6EF1DD66F271C3ABB3DD7EF9DD96F5DD7EFADD9EF63027DD7EF5DD0F
:20B3800096F94FDD7EF6DD9EFA4779D60278DE0038053EFEC399B33EFFDD6EF1DD66F2776E
:20B3A000C3ABB3DD6EF1DD66F23600DD6EE9DD66EA4EDD6EEFDD66F07E81DD6EE9DD66EA49
:20B3C00077DD6EEBDD66EC4E2346DD6EF1DD66F27E6F079F6709EBDD6EEBDD66EC7323720E
:20B3E000DD6EE9DD66EA111300195E23562B13732372DD36DE00DD36DF01DD36E002DD36A6
:20B40000E1013A95C4D6053E012801AF4FC5EB110300CD1C63C17BE6035F16002102003970
:20B42000194679B7CAA6B4DD7EE8FD2186C4FD96002073DD70FADD7EE8D607302DDD7EFA6F
:20B44000B7200BDD36F92EDD36FA00C394B4DD7EFA3D200BDD36F92DDD36FA00C394B4DDCD
:20B4600036F92CDD36FA00C394B4DD7EFAB7200BDD36F99CDD36FA00C394B4DD7EFA3D20B0
:20B480000BDD36F99DDD36FA00C394B4DD36F99EDD36FA00DD4EF9DD46FADD6EF3DD66F473
:20B4A000712370C35BB5CB412029DD7EE8DD96E6202178B7200601FD00C3C7B4100601FEDD
:20B4C00000C3C7B401FF00DD6EF3DD66F4712370C35BB5DD6EF1DD66F256DD6EEFDD66F0AE
:20B4E0007E4AC5F533DD7EE8F5331100A03E13CD8E48DD6EF3DD66F4732372C35BB5DD6EEC
:20B50000EFDD66F03600DD6EF1DD66F236004EDD7EE8D61A20050601C33BB5DD6EE8260073
:20B52000E5110300CDA3794BE10DC5110300CDBF79EB110300CDA379C1430579B72005B01C
:20B5400020020601C5DD7EE8F53311C2A63E13CD2F48DD6EF3DD66F4732372DD34FFC39D97
:20B56000B1DD7EE7B7CA6FBDDD6EFDDD66FE360CFD2195C4FD360000C36FBDDD7EFAD6118B
:20B58000C26FBD2191C436FF218FC436FF2190C436FF218EC436FF3A80C4FD217FC4FD96A5
:20B5A000003006010000C3ACB5010100DD71E679B72006110100C3BCB5110000DD73E7DD39
:20B5C00036E801ED4B96C359503E03BB3E009A301921A4C336FCED4B96C33AA4C36F079FF4
:20B5E0006709EBED5396C3C321B6131313BF301921A4C33604ED4B96C33AA4C36F079F670C
:20B6000009EBED5396C3C321B679B7B0280EAF9132A4C32100002296C3C321B621A4C33620
:20B6200000DD36FF003E1ADD96FFDA23BDDD7EFFD60E3E0017DD77F8DDCBF8462008DD7E2C
:20B64000FFD61ADA1DBDDD4EFF0600696029290929092909DD75F6DD74F73E11DD86F6DD7A
:20B6600077F93EC0DD8EF7DD77FADD7EF9DD77E9DD7EFADD77EADD7EFFD60730061100000A
:20B68000C392B6DD7EF8B72806110100C392B611FF00DD73EBDD7EE7DD96EB2808DD7EFFD5
:20B6A000D61AC2BDB8DD7EE9C604DD77EDDD7EEACE00DD77EEDD6EEDDD66EE7EDD77F92368
:20B6C0007EDD77FAD602D2AFB8DD7EE9C612DD77EFDD7EEACE00DD77F0DD6EEFDD66F03634
:20B6E00003DD7EE9C611DD77F1DD7EEACE00DD77F2DD6EF1DD66F23600DD6EEDDD66EE7E00
:20B70000DD77F7237EDD77F8DD6EEFDD66F07EDD77FADD77F9079FDD77FADD7EF7DD77F5DC
:20B72000DD7EF8DD77F6DD7EF9DD77F7DD7EFADD77F8DD7EF5DD86F7DD77F9DD7EF6DD8E79
:20B74000F8DD77FADD7EF9DD77F7DD7EFADD77F8DD6EEDDD66EEDD7EF77723DD7EF877DD67
:20B760006EEDDD66EE7EDD77F9237EDD77FADD7EF8D602306CDD7EF9DD77F3DD7EFADD7778
:20B78000F4DD7EF3C60FDD77F9DD7EF4CE02DD77FA2196C37EDD77F5237EDD77F6DD7EF958
:20B7A000DD77F7DD7EFADD77F8DD7EF7DD96F5DD77F9DD7EF8DD9EF6DD77FADD7EF9DD77DC
:20B7C000F7DD7EFAE601DD77F8DD7EF7D6CFDD7EF8DE00300C3EFFDDBEF33E01DD9EF430DD
:20B7E0000EDD6EEDDD66EE36E8233603C31DBDDD36E800DD7EE9C613DD77F5DD7EEACE0047
:20B80000DD77F6DD6EF5DD66F67EDD77F7237EDD77F8DD7EF7C601DD77F9DD7EF8CE00DD4B
:20B8200077FADD6EF5DD66F6DD7EF97723DD7EFA77DD36E200DD36E301DD36E402DD36E587
:20B8400001DD7EE9C60FDD77F7DD7EEACE00DD77F8110300DD6EF9DD66FACD1C63DD73F9FA
:20B86000DD72FADD7EF9E603DD77F5DD36F6005F16002106003919DD75F9DD74FA7EDD779A
:20B88000FADD6EEFDD66F046DD6EF1DD66F27EDD66FA68E5F533DD7EFFF5331100A03E13D6
:20B8A000CD8E48DD6EF7DD66F8732372C31DBDDD6EEDDD66EE36E8233603C31DBDDD7EEBFD
:20B8C000DD96E6C21DBDDD7EFFDD77ECDD36ED004F060069602909290929092909DD75F3AE
:20B8E000DD74F43A7AC4DD77F9DD36FA00DD7EF9DD77F5DD7EFADD77F6DDCBF526DDCBF694
:20B9000016DD7EF3DD86F5DD77F7DD7EF4DD8EF6DD77F811A000DD6EF7DD66F8CDA379DD30
:20B9200073F7DD72F8DD7EF7DD77F5DD7EF8DD77F6DD7EF5C628DD77F7DD7EF6CE00DD7722
:20B94000F8DD7EF7DD77EEDD7EF8DD77EFDD4EECDD46ED6960292909290929092909DD7592
:20B96000F7DD74F8DD7EF9DD86F76FDD7EFADD8EF867116400CDA379DD73F9DD72FADD7E00
:20B98000F9DD77F7DD7EFADD77F8DD7EF7C618DD77F9DD7EF8CE00DD77FADD7EF9DD77F03E
:20B9A000DD7EFADD77F1DD6EE9DD66EA7EDD77FADD77F2DD36F300DD7EFADD77F9DD36FAC5
:20B9C00000DD7EEEDD96F2DD7EEFDD9EF33E0017DD77F4B72821DD7EF9DD77F6DD7EFADD94
:20B9E00077F7DD7EF6DD96EEDD77F9DD7EF7DD9EEFDD77FAC321BADD7EEEDD77F5DD7EEF56
:20BA0000DD77F6DD7EF9DD77F7DD7EFADD77F8DD7EF5DD96F7DD77F9DD7EF6DD9EF8DD777D
:20BA2000FADD7EE9C604DD77F5DD7EEACE00DD77F6DD6EF5DD66F67EDD77DC237EDD77DD5F
:20BA4000DD7EF0DD96DCDD7EF1DD9EDD3015DD7EDCDD96F0DD77F7DD7EDDDD9EF1DD77F88E
:20BA6000C375BADD7EF0DD96DCDD77F7DD7EF1DD9EDDDD77F83E14DDBEF93E00DD9EFA382E
:20BA800018DD7EF7DD77F9DD7EF8DD77FA3E14DDBEF93E00DD9EFA3006010200C3A2BA015C
:20BAA0000100DD71FADD7EE9C6114FDD7EEACE0047DD7EF2DD96EEDD7EF3DD9EEF3007DDFF
:20BAC0007EFA02C3D6BADD7EF4B72808AFDD96FA02C3D6BAAF02DD6EF5DD66F67EDD77F8FE
:20BAE000237EDD77F9DD7EE9C6125FDD7EEACE0057DD7EF8DD96F0DD7EF9DD9EF13007DDE9
:20BB00007EFA12C31EBBDD7EF0DD96F8DD7EF1DD9EF93008AFDD96FA12C31EBBAF12DD6E7B
:20BB2000E9DD66EA6E0A85DD6EE9DD66EA77DD6EF5DD66F64E23461A6F079F6709EBDD6E15
:20BB4000F5DD66F6732372DD7EE9C613DD77F9DD7EEACE00DD77FADD6EF9DD66FA5E23568C
:20BB600013DD6EF9DD66FA732372EB110300CD1C637BE603DD77F8D6032004DD36F801DD48
:20BB80006EF9DD66FA7EE6074F0600DD6EF5DD66F65E237EDD73F3DD77F479D60478DE0095
:20BBA0003022DD7EF3C6FFDD77F9DD7EF4CEFFDD77FADD6EF5DD66F6DD7EF97723DD7EFAAD
:20BBC00077C3E3BBDD7EF3C601DD77F9DD7EF4CE00DD77FADD6EF5DD66F6DD7EF97723DD7C
:20BBE0007EFA77DD7EE9C60FDD77F9DD7EEACE00DD77FADD7EFFB72807DD7EFFD607203CBC
:20BC0000DD7EF8B7200BDD36F7FDDD36F800C32ABCDD7EF83D200BDD36F7FEDD36F800C3A3
:20BC20002ABCDD36F7FFDD36F800DD4EF7DD46F8DD6EF9DD66FA712370C31DBDDDCBEC46D1
:20BC4000206FDD7EEBB7202DDD7EF8B7200BDD36F75CDD36F800C39FBCDD7EF83D200BDDAF
:20BC600036F75DDD36F800C39FBCDD36F75EDD36F800C39FBCDD7EF8B7200BDD36F7CCDD98
:20BC800036F800C39FBCDD7EF83D200BDD36F7CDDD36F800C39FBCDD36F7CEDD36F800DDDD
:20BCA0006EF9DD66FADD7EF77723DD7EF877C31DBDDD7EEBB7202DDD7EF8B7200BDD36F704
:20BCC0002EDD36F800C30EBDDD7EF83D200BDD36F72DDD36F800C30EBDDD36F72CDD36F8D1
:20BCE00000C30EBDDD7EF8B7200BDD36F79CDD36F800C30EBDDD7EF83D200BDD36F79DDD03
:20BD000036F800C30EBDDD36F79EDD36F800DD6EF9DD66FADD7EF77723DD7EF877DD34FF6D
:20BD2000C325B6DD7EE8B72834DD6EFBDD66FC4E79B7281EDD5E04DD56051A47217AC47817
:20BD40009630080DDD6EFBDD66FC713A7AC412C36FBDDD6EFDDD66FE36FFC36FBDDD6EFBA6
:17BD6000DD66FC3606DD4E04DD46053A7AC402DDF9DDE1E1F1F1E940
:020000040010EA
:20A00000DDE5DD210000DD39FD21E0FFFD39FDF9DD75FDDD74FEDD73FBDD72FCDD6EFDDDE8
:20A0200066FE7EDD77FFD60CDAACAC3E0EDD96FFDAACAC217BC33678216D00228AC33A5350
:20A04000C1D678201C2157C17EDD77F9237EDD77FADD7EF9D64ADDB6FA200601E803C36488
:20A06000A0014A00ED437FC33A87C4B72006010700C377A0010000DD71E4DD6EFDDD66FE83
:20A080007EDD77FFD60CC2BCA12183C436013A87C4C684DD77F93E00CEC4DD77FADD6EF9D1
:20A0A000DD66FA7EDD77FFDD77F9DD36FA00110600DD6EF9DD66FACDA379DD73F9DD72FA25
:20A0C000DD7EF9DD77FF4F0C3A87C4B7200479C3D5A079C6073286C42153C13678214A005D
:20A0E0002260C1215FC13678214A002257C16C2266C12E602262C1ED4B86C4060069602987
:20A100002909290929091111C019010C00093678ED4B86C4060069602929092909290911C9
:20A1200011C019010D0009365A233600DD4EE40600696029290929092909EB2111C019EBB7
:20A14000210C00193678210D001936202336002173C2363E2138002274C206003E1A903874
:20A16000503A86C4902846DD7EE490284078FE1A283BFE0E3804D61A38335816006B6229DC
:20A18000291929192919EB2111C019EBD5FDE1FD7E0C1221040019DD75F9DD74FA210D00CA
:20A1A000194E235EDD6EF9DD66FA71237304C35CA1DD6EFDDD66FE360DC3ACACDD7EFFD654
:20A1C0000DC2E2A7DD36E501DD4EE40600696029290929092909DD75F9DD74FA3E11DD8649
:20A1E000F9DD77E63EC0DD8EFADD77E7DD7EE6DD77F9DD7EE7DD77FADD6EF9DD66FA1104DA
:20A2000000197EDD77F9237EDD77FADD7EF9DD77F7DD7EFADD77F8DD7EF7D660DD7EF8DE72
:20A2200000300AAFDD77F9DD77FAC33DA2DD7EF7C6A0DD77F9DD7EF8CEFFDD77FADD7EF931
:20A24000DD77F5DD7EFADD77F62196C37EDD77F7237EDD77F8DD7EF5DD77F3DD7EF6DD77AA
:20A26000F4DD7EF3C603DD77F9DD7EF4CE00DD77FADD7EF7DD77F3DD7EF8DD77F4DD7EF993
:20A28000DD96F3DD7EFADD9EF4305C21A4C336FC2196C37EDD77F7237EDD77F83AA4C3DDA0
:20A2A00077FFDD77F9079FDD77FADD7EF7DD77F5DD7EF8DD77F6DD7EF9DD77F7DD7EFADDDE
:20A2C00077F8DD7EF5DD86F7DD77F9DD7EF6DD8EF8DD77FA2196C3DD7EF97723DD7EFA77E2
:20A2E000DD36E500C393A3DD7EF3C603DD77F9DD7EF4CE00DD77FADD7EF9DD96F5DD7EFA8D
:20A30000DD9EF6305C21A4C336042196C37EDD77F7237EDD77F83AA4C3DD77FFDD77F90706
:20A320009FDD77FADD7EF7DD77F5DD7EF8DD77F6DD7EF9DD77F7DD7EFADD77F8DD7EF5DD8B
:20A3400086F7DD77F9DD7EF6DD8EF8DD77FA2196C3DD7EF97723DD7EFA77DD36E500C393AF
:20A36000A3DD7EF7DD96F52008DD7EF8DD96F6281DDD7EF5DD4EF79132A4C32196C3DD7EE6
:20A38000F57723DD7EF677DD36E500C393A321A4C33600DD36FF00DD7EFFD603D291A7DD8B
:20A3A0007EFFB7200D3A86C4DD77F9DD36FA00C3CDA3DD7EFF3D200DDD7EE4DD77F9DD36C8
:20A3C000FA00C3CDA3DD36F91ADD36FA00DD7EF9DD77E84F0600696029290929092909DDD3
:20A3E00075F7DD74F83E11DD86F7DD77F93EC0DD8EF8DD77FADD7EF9DD77E9DD7EFADD77C9
:20A40000EADD7EE8D61A2006013E00C311A4017800DD71FADD7EE9C604DD77EBDD7EEACE21
:20A4200000DD77ECDD7EE9C60DDD77EDDD7EEACE00DD77EEDD7EE82186C496204CDD6EEB49
:20A44000DD66EC7EDD77F8237EDD77F9DD6EEDDD66EE7EDD77F6237EDD77F7DD7EF6DD7753
:20A46000F4DD7EF7DD77F5DD7EF4C604DD77F6DD7EF5CE00DD77F7DD7EF6DD96F8DD7EF773
:20A48000DD9EF93004DD36FA60DD7EE8DD96E43E012801AFDD77F8B7284CDD6EEBDD66EC1A
:20A4A0007EDD77F6237EDD77F7DD6EEDDD66EE7EDD77F4237EDD77F5DD7EF4DD77F2DD7EDF
:20A4C000F5DD77F3DD7EF2C604DD77F4DD7EF3CE00DD77F5DD7EF4DD96F6DD7EF5DD9EF702
:20A4E0003004DD36FA90DD6EE9DD66EA7EDD77F9DD7EE9C611DD77EFDD7EEACE00DD77F0AA
:20A50000DD7EE9C612DD77F1DD7EEACE00DD77F2DD7EE9C60FDD77F3DD7EEACE00DD77F4C6
:20A52000DD7EFADD96F92019DD6EEBDD66EC4E2346DD6EEDDD66EE5E23666BBFED42CA266C
:20A54000A7DD36E500DD7EF9DD96FA3048DD7EFADD77F7DD36F800DD7EF9DD77F5DD36F6D2
:20A5600000DD7EF7DD96F5DD77F9DD7EF8DD9EF6DD77FADD7EF9D602DD7EFA173F1FDE806E
:20A580003806110200C38BA5110100DD6EEFDD66F073C3EBA5DD7EFADD96F93046DD7EF9A7
:20A5A000DD77F5DD36F600DD7EFADD77F7DD36F800DD7EF5DD96F7DD77F9DD7EF6DD9EF8D3
:20A5C000DD77FADD7EF9D602DD7EFA173F1FDE8038053EFEC3D9A53EFFDD6EEFDD66F077FE
:20A5E000C3EBA5DD6EEFDD66F03600DD6EEDDD66EE7EDD77F9237EDD77FADD6EEBDD66ECDD
:20A600007EDD77F5237EDD77F6DD7EF5DD96F9DD7EF6DD9EFA303DDD7EF9DD96F5DD77F792
:20A62000DD7EFADD9EF6DD77F8DD7EF7DD77F9DD7EF8DD77FADD7EF9D602DD7EFADE003831
:20A6400006110200C34AA6110100DD6EF1DD66F273C391A6DD7EF9DD96F5DD7EFADD9EF6BC
:20A660003027DD7EF5DD96F94FDD7EF6DD9EFA4779D60278DE0038053EFEC37FA63EFFDD49
:20A680006EF1DD66F277C391A6DD6EF1DD66F23600DD6EE9DD66EA7EDD6EEFDD66F04E81F3
:20A6A000DD6EE9DD66EA77DD6EEBDD66EC4E2346DD6EF1DD66F27E6F079F6709EBDD6EEB11
:20A6C000DD66EC732372DD6EE9DD66EA111300195E23562B13732372DD36E000DD36E101A0
:20A6E000DD36E202DD36E301EB110300CD1C637BE6034F060021000039097EDD6EF1DD6608
:20A70000F246DD6EEFDD66F056F5334AC5DD7EE8F5331100A03E13CD8E48DD6EF3DD66F482
:20A72000732372C38BA7DD6EEFDD66F03600DD6EF1DD66F23600DD7EF8B72832DD6EE9DD5D
:20A7400066EA111300195E23562B13732372EB110F00CD1C63CB43200601F300C362A70103
:20A76000F400DD6EF3DD66F4712370C38BA73EFFF533AFF533DD7EE8F53311C2A63E13CD39
:20A780002F48DD6EF3DD66F4732372DD34FFC397A3DD7EE5B7CAACAC11CEA03E08CD8B4042
:20A7A000DD6EFBDD66FC3605DD4E04DD46053A7AC402DD6EE6DD66E7111100193601ED4B03
:20A7C00086C406006960292909290929091111C019011100093601DD6EFDDD66FE360EC3C4
:20A7E000ACACDD7EFFD60EC2ACACDD4EE406006960292909290929091111C019DD75F0DDF2
:20A8000074F1DD7EE4B72006010000C311A8010100DD71F2793D2810DD7EF2B720063A8D19
:20A82000C43D2804AFC32AA83E01DD77F33A87C43D28103A87C4B720063A8DC43D2804AF22
:20A84000C345A83E01DD77F4DD36F500DD36F60121E8032254C2DD7EF3B7283E010BC0DD57
:20A860005EF216006B622919094EDD6EF0DD66F11111001979FE072808FE082804D6062086
:20A88000053600C39AA879FE032808FE022804D60420053602C39AA83601ED4B86C40600A7
:20A8A0006960292909290929091111C019DD75F7DD74F8DD7EF4B7CA7EA9ED4B87C4060003
:20A8C00069602909DD75EEDD74EF3E0BDD86EEDD77F93EC0DD8EEFDD77FADD6EF9DD66FAEF
:20A8E0007EDD77FFDD7EF7C611DD77F9DD7EF8CE00DD77FADD7EFFD607280EDD7EFFD608FD
:20A900002807DD7EFFD606200BDD6EF9DD66FA3600C342A9DD7EFFD603280EDD7EFFD602A7
:20A920002807DD7EFFD604200BDD6EF9DD66FA3602C342A9DD7EFFB72808DD6EF9DD66FA60
:20A940003601DD6EF9DD66FA7EDD77F6ED4B87C4060069602909DD75EEDD74EF3E0BDD86C7
:20A96000EEDD77F93EC0DD8EEFDD77FADD6EF9DD66FA237EB72851DD36F501C3C8A93A7AB3
:20A98000C4DD77F9DD36FA00110300DD6EF9DD66FACDA379DD73EEDD72EFDD7EEEDD77FF03
:20A9A000DD34FFDD34FFDD6EFBDD66FCDD7EFF963816DD36F501DDCBF9462006110000C3CA
:20A9C000C5A9110200DD73F6DD5E04DD56051A4F217AC479963012DD6EFBDD66FC7EB7283E
:20A9E000083DDD6EFBDD66FC773A7AC412DD6EFBDD66FC7EB72018DD36F501DD7EF4B72863
:20AA00000EDD4EF7DD46F8211100097EDD77F6DD7EF5B7204FDD6EF0DD66F1111300195E68
:20AA200023562B13732372DD7EF0C60FDD77EEDD7EF1CE00DD77EFEB110F00CD1C63CB4333
:20AA4000200BDD36F9F3DD36FA00C355AADD36F9F4DD36FA00DD4EF9DD46FADD6EEEDD6633
:20AA6000EF712370DD7EF5B7CAACACDD6EFBDD66FC3600DD36E15CDD36E278DD36E3943A7E
:20AA800053C1DD77FF329DC4219EC436002157C17E23329FC47E32A0C4DD5EF61600210117
:20AAA000003919DD75F9DD74FA7EDD77FF32A1C421A2C4360021100022A3C43E0F32A5C4E7
:20AAC0003E0132A6C43EFF32A7C42E052266C12E012268C1DD7EF7C60FDD77F9DD7EF8CE36
:20AAE00000DD77FA3EFFF533AFF5333A86C4F53311C2A63E13CD2F48DD73F7DD72F8DD6E39
:20AB0000F9DD66FADD7EF77723DD7EF877DD7EF3B72811DD4EF0DD46F1211100097EDD77CF
:20AB2000FFC306ACDD4EF20600696029092909DD75F7DD74F83ED7DD86F7DD77F93EC3DD25
:20AB40008EF8DD77FADD6EF9DD66FA110600197EDD77FF4F87818787DD77FF3A7AC4DD771B
:20AB6000F4DD36F500116400DD6EF4DD66F5CDA379DD73F7DD72F8DD7EFFDD77F9DD36FAC2
:20AB800000DD7EF7DD96F9DD7EF8DD9EFAE292ABEE80F29EABDD7EF6DD77FFC306ACDD7EF3
:20ABA000F4E601DD77F9DD36FA00DD7EF6B72024DD7EFADDB6F9200BDD36F901DD36FA00EE
:20ABC000C3CBABDD36F902DD36FA00DD7EF9DD77FFC306ACDD7EF6D6022017DD7EFADDB6BD
:20ABE000F92006010000C3ECAB010100DD71FFC306ACDD7EFADDB6F92006010000C303AC9D
:20AC0000010200DD71FFDD7EF0C60FDD77F9DD7EF1CE00DD77FADD7EFFB72016DD6EF9DDA7
:20AC200066FA36EF233600DD6EF0DD66F13664C374ACDD7EFFD6022016DD6EF9DD66FA362B
:20AC4000EE233600DD6EF0DD66F1368CC374AC3E01F533AFF533DD7EE4F53311C2A63E132A
:20AC6000CD2F48DD6EF9DD66FA732372DD6EF0DD66F13678DD7EF6DD96FF201A21A5C4362D
:20AC80000ADD7EF63D200921280022A3C4C396AC21200022A3C4210100E521802EE5219ADC
:14ACA00001CD0C4BDD6EFDDD66FE360FDDF9DDE1E1F1F1E96D
:020000040011E9
:20A00000DDE5DD210000DD3921EBFF39F93A93C4B72006010100C31CA0010000DD71F33AC2
:20A0200093C43C2004DD36F3002A97C4113000BFED5230062130002297C42A97C43ED0BD4B
:20A040003E019C300621D0012297C4DD7EF3B72006010100C35AA0010800DD71FF79DD7773
:20A06000FDC606DD77F4DD7EFFDD77EFDD36F5FFDD36F6FFDD7EFFDD77FEDD7EFEDD96F4B7
:20A08000D236A1DD4EFE06006960292909290929091111C019DD75FBDD74FC7EDD77FA4FB0
:20A0A00006003A96C45F16003A96C4DD96FA300879934F789AC3BDA07B914F7A98DD71F719
:20A0C000DD77F8DD4EFBDD46FC210400097EDD77F9237EDD77FA2197C47EDD96F9237EDD23
:20A0E0009EFA30152197C4DD7EF996DD77FBDD7EFA239EDD77FCC30BA13A97C4DD96F9DD1B
:20A1000077FB3A98C4DD9EFADD77FCDD7EFBDD46FCDD86F74F78DD8EF84779DD96F578DDFC
:20A120009EF6300CDD71F5DD70F6DD7EFEDD77EFDD34FEC37AA0DD7EEFDD96FF3E0128011D
:20A14000AFDD77FEB72807DD7EFD3CC351A1DD7EFFDD77F0DD7EFEB72808DD7EFD3C3CC35E
:20A16000A2A1DD7EFFDD77FBDD36FC00DD7EFBC601DD77F9DD7EFCCE00DD77FADD7EEFDDE0
:20A1800077FBDD36FC00DD7EF9DD96FB2010DD7EFADD96FC2008DD7EFD3C3CC3A2A1DD7E2F
:20A1A000FD3CDD77F1DD36F5FFDD36F6FFDD36F7FFDD36F8FFDD7EFFDD96F4D2A5A2DD7ECA
:20A1C000EFDD96FFCA9FA2DD4EFF06006960292909290929091111C019DD75FDDD74FE7E44
:20A1E000DD77FC3A96C44F0600DD5EFC16003A96C4DD96FC30087B914F7A98C303A27993BD
:20A200004F789ADD71F9DD77FADD4EFDDD46FE210400097EDD77FB237EDD77FC2197C47E19
:20A22000DD96FB237EDD9EFC30152197C4DD7EFB96DD77FDDD7EFC239EDD77FEC351A23A40
:20A2400097C4DD96FBDD77FD3A98C4DD9EFCDD77FEDD4EFDDD46FEDD6EF9DD66FA097DDD58
:20A2600096F57CDD9EF63021DD7EF5DD77F7DD7EF6DD77F8DD7EF0DD77F1DD75F5DD74F6BF
:20A28000DD7EFFDD77F0C39FA27DDD96F77CDD9EF8300CDD75F7DD74F8DD7EFFDD77F1DDFC
:20A2A00034FFC3B5A1DD7EF3B72006010800C3B4A2010100DD71FF79DD77FEC606DD77F7D4
:20A2C000DD7EFFDD77F2DD7EFE3CDD77F3DD36F8FFDD36F9FFDD36FAFFDD36FBFFDD7EFF7A
:20A2E000DD77FD3A96C4DD77FEDD36FF00DD7EFDDD96F7D2B7A3DD4EFD06006960292909D5
:20A3000029092909EB2111C019EB1ADD77FC4F06003A96C4DD96FC300C79DD96FE4F78DD6C
:20A320009EFFC32EA3DD7EFE914FDD7EFF9847210400195E23562197C47E23937E9A300D60
:20A340002197C47B96235F7A9E57C354A32A97C4BFED52EBEB09DD75FEDD74FFDD7EFEDD8D
:20A3600096F8DD7EFFDD9EF93027DD7EF8DD77FADD7EF9DD77FBDD7EF2DD77F3DD7EFEDD1C
:20A380004EFFDD77F8DD71F9DD7EFDDD77F2C3B1A3DD7EFEDD96FADD7EFFDD9EFB3012DD73
:20A3A0007EFEDD4EFFDD77FADD71FBDD7EFDDD77F3DD34FDC3E3A22A97C47DC6F84F7CCE12
:20A3C000FFDD71F4DD77F53A96C4D6803006010100C3D7A301FFFFDD71F6796F079F672933
:20A3E0002929DD7EFE954FDD7EFF9CDD71F7DD77F8DD7EF73253C1DD7EF4DD4EF5C6FA5F21
:20A4000079CEFF57ED5357C12161002262C16C2268C12266C12165C136002164C13600DDAA
:20A420007EEF329CC4DD7EF03299C4DD7EF1329AC4219BC43600211DC03680212000221E7C
:20A44000C021BEC0368021BC0122BFC0DD36FF01DD7EFFD60ED23AA6DD7EFFD607CA34A68A
:20A46000DD7EEFDD96FFCA34A6DD7EF0DD96FFCA34A6DD7EF1DD96FFCA34A6DD7EF2DD96F9
:20A48000FFCA34A6DD7EF3DD96FFCA34A6DD7EFFD6073006110000C39DA41101004B79B7A6
:20A4A0002006DD7EFFC3ADA4DD7EFFC6F9DD36F980DD36FA00DD36FB00DD36FC01FE012019
:20A4C0001EDD36F940DD36FA0079B72006117800C3D6A4118801DD73FBDD72FCC396A5FEBD
:20A4E00002202EDD36F9C0DD36FA0079B7200BDD36FD78DD36FE00C302A5DD36FD88DD362A
:20A50000FE01DD7EFDDD77FBDD7EFEDD77FCC396A5FE03201EDD36F940DD36FA0079B72006
:20A520000601C800C32AA5013801DD71FBDD70FCC396A5FE04201EDD36F9C0DD36FA00795E
:20A54000B7200601C800C34CA5013801DD71FBDD70FCC396A5FE05201EDD36F950DD36FA2D
:20A560000079B72006011801C36EA501E800DD71FBDD70FCC396A5D606201BDD36F9B0DD6C
:20A5800036FA0079B72006011801C390A501E800DD71FBDD70FC2A97C44D7C3D47DD5EFF9C
:20A5A00016006B6229291929192919EB2111C019EB210C0019DD75FDDD74FEDD7EF9DD6E65
:20A5C000FDDD66FE77210D0019EB6960CB782803696023CB2CCB1DDD4EFBDD46FC094D44B3
:20A5E0006B62712370DD6EFDDD66FE7ED6103008DD6EFDDD66FE3610DD6EFDDD66FE4E3E81
:20A60000E0913008DD6EFDDD66FE36E06B624E234679D63078DE0030076B623630233600D6
:20A620006B624E23463ED0B93E019830073ED012133E0112DD34FFC350A4DD4EEF060069ED
:20A640006029290929092909EB2111C019EB210C0019DD7EF777210D0019DD7EF47723DDDE
:20A660007EF577DD4EF00600696029290929092909EB2111C0194D44210C0009EBD5DD6E7F
:20A68000F65D29192929291929D13A96C48512210D0009ED4B97C479C6D04F78CEFF477147
:20A6A0002370DD4EF10600696029290929092909EB2111C0194D44210C0009EBD5DD6EF69F
:20A6C0005D2929292919291929D13A96C48512210D0009ED4B97C479C6204F3001047123B8
:20A6E00070DD4EF20600696029290929092909EB2111C0194D44210C0009EBD5DD6EF65D24
:20A70000292919292929D13A96C48512210D0009ED4B97C479C6E84F78CEFF47712370DDAA
:20A720004EF30600696029290929092909EB2111C0194D44210C0009EBD5DD6EF65D2919ED
:20A74000291929192929D13A96C48512210D0009ED4B97C479C6304F300104712370DD7E0B
:20A76000F0DD77EBDD7EF1DD77ECDD7EF2DD77EDDD7EF3DD77EEDD36FF00DD7EFFD604308A
:20A7800074DD5EFF160021000039194E0600696029290929092909EB2111C019EB210C0098
:20A7A00019DD75FDDD74FE7ED6103008DD6EFDDD66FE3610DD6EFDDD66FE4E3EE0913008B9
:20A7C000DD6EFDDD66FE36E0210D00194E23462B79D61878DE00300636182336002B4E237B
:20A7E000462B3EE8B93E0198300536E8233601DD34FFC37AA7DDF9DDE1C9DDE5DD21000074
:20A80000DD3921F2FF39F92A97C47CD6013006010000C318A8010100DD71F279B7200601B3
:20A820000000C328A8010700DD71F6DD7EF2B72006010100C33AA801FFFFDD71F7DD7EF2D7
:20A84000B72006013000C34CA801D001DD71F3DD70F43A96C4D6803E0017B72806114B005F
:20A86000C366A811B500DD73F8DD72F9B72806115F00C378A811A1003A95C4D60420153AEB
:20A8800096C41600DD77F8DD72F92A97C4DD75F3DD74F45F2153C1732157C1DD7EF377237D
:20A8A000DD7EF477DD4EF60600696029290929092909EB2111C019DD75FADD74FB3A95C402
:20A8C000D6042054DD7EF76F079F672929ED4B97C409EBED5357C12160002262C1DD7EFA10
:20A8E000C60FDD77FCDD7EFBCE00DD77FDDD7EF2B7200BDD36FEF3DD36FF00C306A9DD36F4
:20A90000FEF2DD36FF00DD4EFEDD46FFDD6EFCDD66FD712370C31EA92160002262C12100EE
:20A92000002268C12266C12165C136002164C13600DD6EFADD66FB110C0019DD7EF877DD2A
:20A940007EFAC60D4FDD7EFBCE00473A95C4D6042006210000C366A9DD7EF75F079F576B53
:20A96000622929192929DD7EF3DD56F4955F7A9C577B02037A02DD7EF6B72006010700C3ED
:20A9800085A90100000600696029290929092909EB2111C019EB210C00193680210D0019D6
:20A9A00079B72006012000C3ADA901BC01712370DD7EF2B72006010100C3BFA9010800796C
:20A9C0003299C43C329AC4219BC43600AFDD96F3DD77F53E02DD9EF4DD77F6DD7EF23D3E47
:20A9E000012801AFDD77F7DD36FD01DD7EFDD60ED232ACDD7EFDD607CA2CACDD7EFDD6072A
:20AA0000300AAFDD77FBDD77FCC314AADD36FB01DD36FC00DD7EFBDD77FEB72009DD7EFD2F
:20AA2000DD77FFC32EAADD7EFDC6F9DD77FFDD36F880DD36F900DD7EFF3D3E012801AF4F2A
:20AA4000B7280BDD36F840DD36F900C3A5AADD7EFFD602200BDD36F8C0DD36F900C3A5AA5D
:20AA6000DD7EFFD603200BDD36F840DD36F900C3A5AADD7EFFD604200BDD36F8C0DD36F9D9
:20AA800000C3A5AADD7EFFD605200BDD36F850DD36F900C3A5AADD7EFFD6062008DD36F862
:20AAA000B0DD36F900DD7EFEDD96F22055DD7EF2B72009DD5EF3DD56F4C3C2AADD5EF5DDE9
:20AAC00056F679B72007DD7EFFD602200D21600019DD75FEDD74FFC339ABDD7EFFD6032838
:20AAE00007DD7EFFD604200D21900019DD75FEDD74FFC339AB21C80019DD75FEDD74FFC378
:20AB000039AB79B72007DD7EFFD602200BDD36FE54DD36FF01C339ABDD7EFFD6032807DD3F
:20AB20007EFFD604200BDD36FE04DD36FF01C339ABDD36FE96DD36FF00DD7EF7B7280FAF1C
:20AB4000DD96FEDD77FE3E02DD9EFFDD77FF3A7AC4DD77FADD36FB00DD4EFD060069602931
:20AB600029092909DD5EFADD56FB19C5112800CDA379C17BC6ECDD77FC696029292929095A
:20AB8000DD5EFADD56FB19112800CDA3797BC6EC4FDD7EFC5F079FDD6EF8DD66F95719DD73
:20ABA00075FBDD74FC79079FDD6EFEDD66FF47094D44DD7EFBDD56FCD6107A173F1FDE8095
:20ABC0003008DD36FB10DD36FC00DD5EFBDD56FC3EE0BB3E009AE2DBABEE80F2E6ABDD368E
:20ABE000FBE0DD36FC0059507BD6187A173F1FDE80300301180059503EE8BB3E019AE20378
:20AC0000ACEE80F209AC01E801DD5EFD16006B6229291929192919EB2111C019EB210C0071
:20AC200019DD7EFB77210D0019712370DD34FDC3EBA9DDF9DDE1C9DDE5DD210000DD39212A
:20AC4000F0FF39F93A93C4B72006010100C353AC0100003A93C43C20014F79B720061105F7
:20AC600000C367AC110C00DD73F03A96C4D6803006111400C37AAC11D8002A97C47CD601B2
:20AC80003006212800C38BAC21D801DD75FADD74FBDD73FC2153C1DD7EFC772157C1DD7EC6
:20ACA000FA7723DD7EFB772160002262C16C2268C12266C12165C136002164C13600DD7E19
:20ACC000F0329CC47BD6807ADE003006110100C3D5AC11FFFF43DD7EFADD77FDDD7EFBDD12
:20ACE00077FED6013E0017DD77F1B72806110100C3F6AC11FFFFDD73FFDD5EF016006B62A6
:20AD000029291929192919EB2111C019EB210C00197887878747DD7EFC9077210D0019DD47
:20AD20007EFFDD77F2079FDD77F3DD5EF2DD56F3EB292929EBDD7EFD935FDD7EFE9A7323EC
:20AD40007779B72006010100C34EAD01080079C6023299C479C603329AC4219BC43600DD28
:20AD60007EF1B72806016000C36EAD01A001ED5B99C416006B62292919291929191111C045
:20AD800019110C0019366CED5B99C416006B62292919291929191111C019110D0019712385
:20ADA00070ED5B9AC416006B62292919291929191111C019110C00193694ED5B9AC41600F4
:20ADC0006B62292919291929191111C019110D0019DD5EF2DD56F3EB29292929EBDD71F476
:20ADE000DD70F57BDD86F44F7ADD8EF5712377211DC03680212000221EC021BEC0368021A0
:20AE0000BC0122BFC0DD7EF2DD77F6DD7EF3DD77F70605DDCBF626DDCBF71610F6DD36FF08
:20AE200001DD7EFFD60ED2B4AFDD7EFFD607CAAEAFDD7EF0DD96FFCAAEAF3A99C4DD96FF53
:20AE4000CAAEAF3A9AC4DD96FFCAAEAFDD7EFFD607300AAFDD77FDDD77FEC365AEDD36FDF1
:20AE600001DD36FE00DD7EFDB72006DD4EFFC377AEDD7EFFC6F94F06006960290929292995
:20AE800011300019DD75F8DD74F9DD5EF6DD56F7DD6EF4DD66F5195950EB292929EBE5DD1D
:20AEA0006EF2DD66F3CD2677E119DD75FADD74FB3A7AC4DD77FCDD36FD00DD4EFF0600698F
:20AEC000602929092909DD5EFCDD56FD19C5112800CDA379C17BC6ECDD77FE69602929299A
:20AEE0002909DD5EFCDD56FD19112800CDA3797BC6EC5FDD7EFE6F079F67DD4EF8DD46F9DE
:20AF0000094D447B079F57DD6EFADD66FB19EB69607DD6107C173F1FDE8030030110006970
:20AF2000603EE0BD3E009CE22CAFEE80F232AF01E0006B62DD7EF1B728237DD6507C173F8D
:20AF40001FDE8030031150006B62AFBD3E019CE254AFEE80F278AF110001C378AF3EB0BDB9
:20AF60003E019CE268AFEE80F26EAF11B0017AEE80D6813003110001D5DD5EFF16006B6248
:20AF800029291929192919D17DC611DD77FD7CCEC0DD77FEDD7EFDC60C6FDD7EFECE0067C9
:20AFA00071DD6EFDDD66FE010D0009732372DD34FFC321AEDDF9DDE1C9DDE5DD210000DDDC
:20AFC00039F54F4521A7C4705916006B6229291929192919EB2111C019EB1A329DC4AF3219
:20AFE0009EC4210400195E23567BC6FA6F7ACEFF67229FC45816006B6229291929192919D3
:20B00000EB2111C019EB1A32A1C4AF32A2C4210400197E2332A3C47E32A4C4219DC47EFDCA
:20B0200021A1C4FD9600237EFD9E01300DED5B9DC42AA1C4BFED52C344B0ED5BA1C42A9D1C
:20B04000C4BFED52E3219FC47EFD21A3C4FD9600237EFD9E013011219FC43AA3C49623478E
:20B060003AA4C49E57C376B021A3C43A9FC49623473AA0C49E5758E1E519E3C5110500DDC6
:20B080006EFEDD66FFCD1C63C1FD21A5C4FD73003AA5C4D6083004FD3600083E1EFD21A5EF
:20B0A000C4FD96003004FD36001EDD46FEDD5EFFCB3BCB18CB3BCB18CB3BCB18CB3BCB18B5
:20B0C000CB3BCB18FD21A6C4FD70003AA6C4D6013004FD3600013E03FD21A6C4FD96003023
:20B0E00004FD3600033A9DC43253C12157C13A9FC477233AA0C4772105002266C16C22684B
:20B10000C1C51100A03E08CD8B40C179D6073004AFC316B13E013293C42194C471DDF9DD31
:20B12000E1C9DDE5DD210000DD39F54F4521A7C4705916006B6229291929192919EB2111C2
:20B14000C019EB1A329DC4AF329EC4210400197E23329FC47E32A0C45816006B622929190D
:20B1600029192919EB2111C019EB1A32A1C4AF32A2C4210400197E2332A3C47E32A4C421C1
:20B180009DC47EFD21A1C4FD9600237EFD9E01300DED5B9DC42AA1C4BFED52C3A8B1ED5BA6
:20B1A000A1C42A9DC4BFED52E3219FC47EFD21A3C4FD9600237EFD9E013011219FC43AA3C5
:20B1C000C49623473AA4C49E57C3DAB121A3C43A9FC49623473AA0C49E5758E1E519E3DD17
:20B1E00046FEDD5EFFCB3BCB18CB3BCB18FD21A5C4FD70003AA5C4D60F3004FD36000F3ECF
:20B200002DFD21A5C4FD96003004FD36002DC5111800DD6EFEDD66FFCD1C63C1FD21A6C445
:20B22000FD73003AA6C4D6023004FD3600023E07FD21A6C4FD96003004FD3600073A9DC450
:20B240003253C12157C13A9FC477233AA0C4772105002266C16C2268C1C51100A03E08CD74
:20B260008B40C179D6073004AFC36EB23E013293C42194C471DDF9DDE1C9DDE5DD21000057
:20B28000DD3921ECFF39F93A93C4B72006010100C396B2010000DD71EC2153C13A96C47764
:20B2A0002157C13A97C477233A98C4772160002262C16C2268C12266C12165C13600216451
:20B2C000C13600DD7EECB72006010100C3D2B2010800DD71F6DD71EDDD36F7FFDD36F8FF6F
:20B2E000DD7EF6DD77FFDD7EF6DD77FDDD36FE006F260011060019DD7EFF060095789CE247
:20B3000004B3EE80F2BBB3DD4EFF06006960292909290929091111C019DD75FDDD74FE7ED9
:20B32000DD77FC4F06003A96C45F16003A96C4DD96FC300879934F789AC341B37B914F7A2B
:20B3400098DD71F9DD77FADD4EFDDD46FE210400097EDD77FB237EDD77FC2197C47EDD961E
:20B36000FB237EDD9EFC30152197C4DD7EFB96DD77FDDD7EFC239EDD77FEC38FB33A97C4B8
:20B38000DD96FBDD77FD3A98C4DD9EFCDD77FEDD4EFDDD46FEDD7EF9814FDD7EFA88477985
:20B3A000DD96F778DD9EF8300CDD71F7DD70F8DD7EFFDD77EDDD34FFC3E6B2DD7EED329C56
:20B3C000C4DD7EECB7200601FFFFC3D0B3010100DD5EED16006B6229291929192919EB2138
:20B3E00011C019EB210C00193A96C477210D0019EB79DD77FB079FDD77FCDD4EFBDD46FCF2
:20B40000696029092929ED4B97C4094D447912137812DD6EFDDD66FE11040019DD4EED06B5
:20B4200000DD5EF6BFED4220077B3C3C3CC335B47B3C3C3C3C3299C4DD7EFDC6056FDD7E04
:20B44000FECE0067BFED4220067B3C3CC352B47BC605329AC4219BC43600211DC036802188
:20B460002000221EC021BEC0368021BC0122BFC0DD4EFBDD46FC6960290929292929DD75A2
:20B48000EEDD74EFDD36FF01DD7EFFD60ED2E3B7DD7EFFD607CADDB7DD7EEDDD96FFCADDCB
:20B4A000B7DD7EFFD6073006110000C3B1B4110100DD73F07BB72006DD7EFFC3C3B4DD7E96
:20B4C000FFC6F94F06006960290929292901300009DD75F8DD74F92A97C4DD75F1DD74F20A
:20B4E000DD7EF0DD96EC3E012801AFDD77F3B7283DDD7EF0B72006012000C300B501E0FF87
:20B50000DD6EF1DD66F2094D44DD7EFF2199C4962809DD7EFF219AC496203BDD4EEEDD467B
:20B52000EFDD7EF1914FDD7EF29847C356B5DD7EF0B7200BDD36FDB0DD36FEFFC347B5DD5D
:20B5400036FD50DD36FE00DD7EFDDD46FEDD86F14F78DD8EF2473A7AC4DD77FADD36FB004B
:20B56000DD7EFFDD77FCDD36FD005F16006B622929192919DD5EFADD56FB19C5112800CDDB
:20B58000A379C17BC6ECDD77FEDD5EFCDD56FD6B622929292919DD5EFADD56FB19C51128E4
:20B5A00000CDA379C17BC6EC6FDD7EFE5F079F57DD7EF8DD66F9835F7C8A57DD73F4DD722F
:20B5C000F57D079F6709DD75F6DD74F73A96C4DD77FDDD36FE003A96C4DD77FBDD36FC006B
:20B5E000DD7EF4DD77F8DD7EF5DD77F9DD7EFDDD96F4DD7EFEDD9EF5E2FDB5EE80F215B6CC
:20B60000DD7EF8DD96FBDD77FDDD7EF9DD9EFCDD77FEC327B6DD7EFBDD96F4DD77FDDD7EF2
:20B62000FCDD9EF5DD77FEDD7EFDDD77FADD7EFEDD77FBDD4EF6DD46F72197C47E23917E97
:20B64000983E0017DD77FCB728112197C47996DD77FD23789EDD77FEC369B63A97C491DD71
:20B6600077FD3A98C498DD77FEDD4EFDDD46FEDD6EFADD66FB09113200BFED52D207B7DD53
:20B680004EF3CB412046DD7EF0B7200BDD36FDCEDD36FEFFC39FB6DD36FD32DD36FE00DD94
:20B6A0007EFDDD77FBDD7EFEDD77FCDD7EFBDD86F1DD77FDDD7EFCDD8EF2DD77FEDD7EFDBE
:20B6C000DD77F6DD7EFEDD77F7C307B7DD7EFCB7281CDD6EF1DD66F2113200197DDD96FAF2
:20B6E0004F7CDD9EFBDD71F6DD77F7C307B7DD7EF1C6CE4FDD7EF2CEFF47DD6EFADD66FBE6
:20B7000009DD75F6DD74F7DD7EF8D610DD7EF9173F1FDE803008DD36F410DD36F500DD4EAE
:20B72000F4DD46F53EE0B93E0098E22FB7EE80F23AB7DD36F4E0DD36F500DD7EF6DD46F7DD
:20B74000D61878173F1FDE803008DD36F618DD36F700DD4EF6DD46F73EE8B93E0198E26317
:20B76000B7EE80F26EB7DD36F6E8DD36F701DD4EFF0600696029290929092909DD75FDDDAD
:20B7800074FEDD7EFDC611DD77FADD7EFECEC0DD77FBDD7EFAC60CDD77FCDD7EFBCE00DD0C
:20B7A00077FDDD7EF4DD77FEDD6EFCDD66FDDD7EFE77DD7EFAC60DDD77FDDD7EFBCE00DDA3
:20B7C00077FEDD7EF6DD77FBDD7EF7DD77FCDD6EFDDD66FEDD7EFB7723DD7EFC77DD34FF5B
:08B7E000C388B4DDF9DDE1C905
:020000040012E8
:20A00000DDE5DD210000DD3921EBFF39F92166C17EDD77FC237EDD77FDDDB6FCCA28A7DD20
:20A020007EFCDD77FEDD7EFDDD77FFDD7EFED605DDB6FFC221A63A68C1DD77EB3AA5C4CB4A
:20A040003FDD77EC2AA1C4DD75FADD74FB2A9DC4DD75FCDD74FDDD7EFADD96FCDD77FEDD40
:20A060007EFBDD9EFDDD77FFDD7EFEDD77EDDD7EFFDD77EE2AA3C4DD75FADD74FB2A9FC4B0
:20A08000DD75FCDD74FDDD7EFADD96FCDD77FEDD7EFBDD9EFDDD77FFDD7EFEDD77EFDD7EF6
:20A0A000FFDD77F0DD36F100DD7EEBB720153A9DC43253C12157C13A9FC477233AA0C477C1
:20A0C000C38FA121A5C4DD7EEB9638153AA1C43253C12157C13AA3C477233AA4C477C38F16
:20A0E000A13A9DC4DD77FBDD7EEBDD77FCDD36FD005F1600DD6EEDDD66EECD2677DD73F99E
:20A10000DD72FA3AA5C4DD77FEDD36FF005F1600DD6EF9DD66FACDBF79DD73FEDD72FFDD7B
:20A120007EFEDD77FFDD86FB3253C12A9FC4DD75FEDD74FFDD5EFCDD56FDDD6EEFDD66F0AB
:20A14000CD2677DD73FADD72FB3AA5C4DD77FCDD36FD005F1600DD6EFADD66FBCDBF79DD24
:20A1600073FADD72FBDD7EFADD86FEDD77FCDD7EFBDD8EFFDD77FDDD7EFCDD77FEDD7EFD10
:20A18000DD77FF2157C1DD7EFE7723DD7EFF773E0221A6C496DA1EA5DD7EEBB7CA1EA52ABD
:20A1A0009FC4DD75FEDD74FFDD7EEB0600C6FFDD77FC78CEFFDD77FDDD6EEFDD66F0DD5EFD
:20A1C000FCDD56FDCD2677EB3AA5C4DD77FADD36FB005F1600CDBF79DD73F6DD72F7DD7E9E
:20A1E000FEDD77F8DD7EFFDD77F9DD7EF8DD86F6DD77FEDD7EF9DD8EF7DD77FFDD7EFEDD31
:20A2000077F2DD7EFFDD77F32157C17EDD77F4237EDD77F5DD7EF4DD77F6DD7EF5DD77F717
:20A220002A9DC4DD75FEDD74FFDD7EEDDD77F8DD7EEEDD77F9DD5EFCDD56FDDD6EF8DD66DC
:20A24000F9CD2677DD73FCDD72FDDD5EFADD56FBDD6EFCDD66FDCDBF79DD73FADD72FBDDA3
:20A260007EFEDD77FCDD7EFFDD77FDDD7EFCDD86FADD77FEDD7EFDDD8EFBDD77FFDD7EFEF7
:20A28000DD77FADD7EFFDD77FB3A53C1DD77FCDD36FD00DD7EF2DD77FEDD7EF3DD77FF3E9B
:20A2A00018DDBEFE3E00DD9EFFD22AA3DD4EF6DD46F73E18B93E00983870DD7EFCDD96FA0A
:20A2C0006FDD7EFDDD9EFB67DD7EFEC6E85FDD7EFFCEFF57CD2677EBDD7EF2DD96F65FDDAF
:20A2E0007EF3DD9EF757CD1C63DD6EFADD66FB197DD64E7C173F1FDE80380E3E56BD3E0077
:20A300009CE206A3EE80F223A37DD68E7C173F1FDE80DAAFA33E96BD3E009CE220A3EE8016
:20A32000FAAFA3DD36F101C3AFA3DD7EFED6DEDD7EFFDE013079DD7EF6DD46F7D6DE78DE53
:20A3400001386CDD7EFCDD96FA6FDD7EFDDD9EFB673EDEDD96FE5F3E01DD9EFF57CD26778A
:20A36000EBDD7EF6DD96F25FDD7EF7DD9EF357CD1C63DD6EFADD66FB197DD64E7C173F1F4C
:20A38000DE80380E3E56BD3E009CE28FA3EE80F2ABA37DD68E7C173F1FDE8038123E96BD21
:20A3A0003E009CE2A8A3EE80FAAFA3DD36F101DD7EF1B7CA1EA5DD7EEDDD77FCDD7EEEDD89
:20A3C00077FDAFDD96EFDD77FE9FDD96F0DD77FFAFDDBEF8DD9EF9E2DCA3EE80F2EEA3DD6C
:20A3E0007EEDDD77FADD7EEEDD77FBC3FCA3AFDD96EDDD77FA9FDD96EEDD77FBDD7EFEDDC8
:20A4000077F6DD7EFFDD77F7AFDDBEF6DD9EF7E214A4EE80F226A4DD7EFEDD77F8DD7EFFB5
:20A42000DD77F9C334A4AFDD96FEDD77F89FDD96FFDD77F9DD7EF8DD86FA4FDD7EF9DD8EAC
:20A44000FB47B12003010100DD5EFCDD56FD6B622919291929192929C55950CDBF79C1DD87
:20A4600073FEDD72FFDD5EF6DD56F76B6229192919291929295950CDBF79DD73FADD72FB9B
:20A480004B42DD7EF4DD77FCDD7EF5DD77FDAFB998E296A4EE80F2AEA4DD7EFCD61ADD7E7F
:20A4A000FDDE00301B211A002257C1C3C0A43EDCDDBEFC3E01DD9EFD300621DC012257C104
:20A4C0003A53C1329DC4219EC436002157C17E23329FC47E32A0C4DD7EFE219DC4FD21A1C5
:20A4E000C486FD7700DD7EFF238EFD23FD7700DD7EFADD77FEDD7EFBDD77FFDD7EFE219F96
:20A50000C4FD21A3C486FD7700DD7EFF238EFD23FD770021A5C4360A2100002268C1DD7EC8
:20A52000ECDD77FEDD36FF00DD7EECDD96EB38363AA6C45FDD66EB2E005506082930011983
:20A5400010FADD75FCDD74FDDD5EFEDD56FFDD6EFCDD66FDCDBF79DD73FEDD72FFDD7EFE69
:20A56000DD77FFC3B9A5DD7EEBDD96ECDD77FD3AA6C45FDD66FD2E0055060829300119101A
:20A58000FADD75F8DD74F93AA5C4DD77FADD36FB00DD7EFADD96FEDD77FCDD7EFBDD9EFF48
:20A5A000DD77FDDD5EFCDD56FDDD6EF8DD66F9CDBF793AA6C493DD77FF3E07DD96FF3004EA
:20A5C000DD36FF07DD7EFFF533115CAA3E05CD6E442A68C123DD75FCDD74FD2168C1DD7E50
:20A5E000FC7723DD7EFD773AA5C4DD77FEDD36FF00DD7EFCDD96FEDD7EFDDD9EFFDA28A7AC
:20A600002100002266C12268C12165C136002164C13600AFF533115CAA3E05CD6E44C328F1
:20A62000A7DD7EFC3CDD77FF2164C14EAF91E233A6EE80F24CA63A53C1DD77FEDD86FFDDCD
:20A6400077FE2153C1DD7EFE77C359A6CB7928093A53C1DD96FF3253C13A65C1DD77FEAFE2
:20A66000DD96FEE268A6EE80F2AEA62157C17EDD77FC237EDD77FDDD7EFFDD77FEDD36FF0E
:20A6800000DD7EFCDD86FEDD77FADD7EFDDD8EFFDD77FBDD7EFADD77FEDD7EFBDD77FF2132
:20A6A00057C1DD7EFE7723DD7EFF77C300A7DDCBFE7E284C2157C17EDD77FC237EDD77FDC3
:20A6C000DD7EFFDD77FEDD36FF00DD7EFCDD77FADD7EFDDD77FBDD7EFEDD77FCDD7EFFDD90
:20A6E00077FDDD7EFADD96FCDD77FEDD7EFBDD9EFDDD77FF2157C1DD7EFE7723DD7EFF77B2
:20A700002166C17EDD77FC237EDD77FDDD7EFCC6FFDD77FEDD7EFDCEFFDD77FF2166C1DD26
:20A720007EFE7723DD7EFF772166C17EDD77FE237EDD77FFDD7EFED605DD7EFFDE00302D5D
:20A740002168C17EDD77FC237EDD77FDDDB6FC281CDD7EFCC6FFDD77FEDD7EFDCEFFDD7735
:20A76000FF2168C1DD7EFE7723DD7EFF77DDF9DDE1C9DDE5DD210000DD3921F4FF39F90152
:20A7800053C10A5F1600D680300721280019C399A77BC6D86F7ACEFF67E5FDE1ED5B57C1DB
:20A7A0007AD6013008213000197CC3B4A77BC6D06F7ACEFFDD75FEDD77FFFDE5D17BD6108E
:20A7C0007ADE003004FD211000FDE5D13EE0BB3E009A3004FD21E000DD7EFEDD56FFD618B0
:20A7E0007ADE003008DD36FE18DD36FF00DD5EFEDD56FF3EE8BB3E019A3008DD36FEE8DD5B
:20A8000036FF01DD36FA00DD36FB002167C25EDD73F4DD36F500E1E523FDE5E3DD75FCE314
:20A82000E3DD74FDE3FDE17DDD96FC7CDD9EFD3007DD36FA01C349A8E1E52BDD7EFC95DD93
:20A840007EFD9C3004DD36FAFF2A6BC27DC601DD77FC7CCE00DD77FDDD7EFCDD96FEDD7EF8
:20A86000FDDD9EFF3007DD36FB01C37CA82BDD7EFE95DD7EFF9C3004DD36FBFF7BDD86FA0C
:20A880003267C22A6BC2DD7EFB5F079F5719EBED536BC20A4F2167C25E7B9130060101009E
:20A8A000C3BCA87993300BDD36FEFFDD36FFFFC3B9A8AFDD77FEDD77FFDD4EFEED5B57C108
:20A8C000216BC27EDD77FE237EDD77FFDD7EFE93DD7EFF9A3006110100C3EFA87BDD96FEF8
:20A8E0007ADD9EFF300611FFFFC3EFA81100004379B72005B020020601DD7EFAB72006DD34
:20A900007EFBB72845ED5B7AC213ED537AC2DD36F600DD36F701DD36F802DD36F901C5EBA9
:20A92000110300CD1C63C17BE6035F160021020039197EF533C533612E1AE51100A03E137A
:20A94000CD8E48ED5376C2C35CA9C533612E1AE511C2A63E13CD2F48ED5376C2DDF9DDE174
:01A96000C92D
:020000040013E7
:20A00000DDE5DD210000DD39F5F5DD77FF4DDD7EFFB7280BDD7EFFD6072804AFC321A03EC8
:20A0200001DD77FCDD7EFFD61AC28FA1DD7E0407E601DD77FEB7282279B7201EDD7E05B76E
:20A040002006111301C3BBA6DD7E053D2006111401C3BBA6111501C3BBA6AFDD9604E263CE
:20A06000A0EE8007E6015FB7282279B7201EDD7E05B72006110001C3BBA6DD7E053D2006E0
:20A08000110101C3BBA6110201C3BBA6DD7E04B7202791E298A0EE80F2B9A0DD7E05B72059
:20A0A00006111D01C3BBA6DD7E053D2006111C01C3BBA6111B01C3BBA6DD7E04B72022CBBE
:20A0C00079281EDD7E05B72006111801C3BBA6DD7E053D2006111901C3BBA6111A01C3BB7A
:20A0E000A6DD7EFEB72828AF91E2EEA0EE80F20FA1DD7E05B72006110F01C3BBA6DD7E05B8
:20A100003D2006110E01C3BBA6110D01C3BBA6DD7EFEB72822CB79281EDD7E05B720061123
:20A120001001C3BBA6DD7E053D2006111101C3BBA6111201C3BBA67BB72828AF91E242A111
:20A14000EE80F263A1DD7E05B72006110C01C3BBA6DD7E053D2006110B01C3BBA6110A01FC
:20A16000C3BBA67BB72822CB79281EDD7E05B72006110701C3BBA6DD7E053D20061109015D
:20A18000C3BBA6110801C3BBA6110601C3BBA6DD7EFFD6073006110100C39FA1110200DDAF
:20A1A00073FD3A95C4D6052019DD7EFD3D20063A8CC43D2811DD7EFDD60220063A8CC4B736
:20A1C0002804AFC3C8A13E01DD77FEDD7EFCB7CA35A3DD7E0407E601DD77FEB7282279B767
:20A1E000201EDD7E05B7200611E300C3BBA6DD7E053D200611E400C3BBA611E500C3BBA6D6
:20A20000AFDD9604E209A2EE8007E60147B7282279B7201EDD7E05B7200611D000C3BBA637
:20A22000DD7E053D200611D100C3BBA611D200C3BBA6DD7E04B7202791E23EA2EE80F25FDF
:20A24000A2DD7E05B7200611ED00C3BBA6DD7E053D200611EC00C3BBA611EB00C3BBA6DD1C
:20A260007E04B72022CB79281EDD7E05B7200611E800C3BBA6DD7E053D200611E900C3BB44
:20A28000A611EA00C3BBA6DD7EFEB72828AF91E294A2EE80F2B5A2DD7E05B7200611DF005D
:20A2A000C3BBA6DD7E053D200611DE00C3BBA611DD00C3BBA6DD7EFEB72822CB79281EDDD1
:20A2C0007E05B7200611E000C3BBA6DD7E053D200611E100C3BBA611E200C3BBA678B728C2
:20A2E00028AF91E2E8A2EE80F209A3DD7E05B7200611DC00C3BBA6DD7E053D200611DB0081
:20A30000C3BBA611DA00C3BBA678B72822CB79281EDD7E05B7200611D700C3BBA6DD7E055E
:20A320003D200611D800C3BBA611D900C3BBA611D500C3BBA6DD7EFD3DC2FBA4DD7EFEB78F
:20A340002828DDCB047E282279B7201EDD7E05B72006115C00C3BBA6DD7E053D2006115DCC
:20A3600000C3BBA6115E00C3BBA6DD7EFEB7282EAFDD9604E279A3EE80F29EA379B7201E8D
:20A38000DD7E05B72006112E00C3BBA6DD7E053D2006112D00C3BBA6112C00C3BBA6DD7E3C
:20A3A0000407E60147B7282279B7201EDD7E05B72006111300C3BBA6DD7E053D2006111488
:20A3C00000C3BBA6111500C3BBA6AFDD9604E2D3A3EE8007E6015FB7282279B7201EDD7E0C
:20A3E00005B72006110000C3BBA6DD7E053D2006110100C3BBA6110200C3BBA6DD7E04B700
:20A40000202791E208A4EE80F229A4DD7E05B72006111D00C3BBA6DD7E053D2006111C002A
:20A42000C3BBA6111B00C3BBA6DD7E04B72022CB79281EDD7E05B72006111800C3BBA6DD5F
:20A440007E053D2006111900C3BBA6111A00C3BBA678B72828AF91E25CA4EE80F27DA4DD7A
:20A460007E05B72006110F00C3BBA6DD7E053D2006110E00C3BBA6110D00C3BBA678B72899
:20A4800022CB79281EDD7E05B72006111000C3BBA6DD7E053D2006111100C3BBA611120062
:20A4A000C3BBA67BB72828AF91E2AEA4EE80F2CFA4DD7E05B72006110A00C3BBA6DD7E05D3
:20A4C0003D2006110B00C3BBA6110C00C3BBA67BB72822CB79281EDD7E05B720061109003B
:20A4E000C3BBA6DD7E053D2006110800C3BBA6110700C3BBA6110100C3BBA6DD7EFEB7288E
:20A5000028DDCB047E282279B7201EDD7E05B7200611CC00C3BBA6DD7E053D200611CD0052
:20A52000C3BBA611CE00C3BBA6DD7EFEB7282EAFDD9604E238A5EE80F25DA579B7201EDDFC
:20A540007E05B72006119C00C3BBA6DD7E053D2006119D00C3BBA6119E00C3BBA6DD7E0403
:20A5600007E60147B7282279B7201EDD7E05B72006118300C3BBA6DD7E053D2006118400EA
:20A58000C3BBA6118500C3BBA6AFDD9604E292A5EE8007E6015FB7282279B7201EDD7E0514
:20A5A000B72006117000C3BBA6DD7E053D2006117100C3BBA6117200C3BBA6DD7E04B720D3
:20A5C0002791E2C7A5EE80F2E8A5DD7E05B72006118D00C3BBA6DD7E053D2006118C00C366
:20A5E000BBA6118B00C3BBA6DD7E04B72022CB79281EDD7E05B72006118800C3BBA6DD7E03
:20A60000053D2006118900C3BBA6118A00C3BBA678B72828AF91E21BA6EE80F23CA6DD7E56
:20A6200005B72006117F00C3BBA6DD7E053D2006117E00C3BBA6117D00C3BBA678B72822E3
:20A64000CB79281EDD7E05B72006118000C3BBA6DD7E053D2006118100C3BBA6118200C3AF
:20A66000BBA67BB7282AAF91E26DA6EE80F290A6DD7E05B72006017C00C38BA6DD7E053DDF
:20A680002006017B00C38BA6017A005950C3BBA67BB72824CB792820DD7E05B7200601771D
:20A6A00000C3B3A6DD7E053D2006017800C3B3A60179005950C3BBA6118300DDF9DDE1E1D6
:20A6C000F1E9DDE5DD210000DD394FB72806D6071E0020021E01DD7E0407E6015779D61A4D
:20A6E000C279A7B2280A7DB72006110501C352A9AFDD9604E2F9A6EE8007E6014FB7280A2A
:20A700007DB72006110601C352A9DD7E04B7200F95E216A7EE80F21FA7111A01C352A9DDA3
:20A720007E04B7200ACB7D2806111B01C352A97AB72810AF95E23AA7EE80F243A711100179
:20A74000C352A97AB7280ACB7D2806110F01C352A979B72810AF95E25CA7EE80F265A71175
:20A760000901C352A979B7280ACB7D2806110901C352A9110601C352A979D60730060101FC
:20A7800000C387A70102007BB7CA23A87AB7280A7DB7200611D600C352A9AFDD9604E2A3F1
:20A7A000A7EE8007E6014FB7280A7DB7200611D500C352A9DD7E04B7200F95E2C0A7EE80CF
:20A7C000F2C9A711EA00C352A9DD7E04B7200ACB7D280611EB00C352A97AB72810AF95E25F
:20A7E000E4A7EE80F2EDA711DF00C352A97AB7280ACB7D280611E000C352A979B72810AF8D
:20A8000095E206A8EE80F20FA811EB00C352A979B7280ACB7D280611EA00C352A911D500CB
:20A82000C352A90DC2BEA87AB7280A7DB72006111400C352A9AFDD9604E23EA8EE8007E63C
:20A84000014FB7280A7DB72006110100C352A9DD7E04B7200F95E25BA8EE80F264A8111A3F
:20A8600000C352A9DD7E04B7200ACB7D2806111B00C352A97AB72810AF95E27FA8EE80F264
:20A8800088A8110F00C352A97AB7280ACB7D2806111000C352A979B72810AF95E2A1A8EE2D
:20A8A00080F2AAA8111B00C352A979B7280ACB7D2806111A00C352A9110100C352A97AB728
:20A8C000280A7DB72006118300C352A9AFDD9604E2D5A8EE8007E6014FB7280A7DB7200627
:20A8E000117000C352A9DD7E04B7200F95E2F2A8EE80F2FBA8118B00C352A9DD7E04B72030
:20A900000ACB7D2806118A00C352A97AB72810AF95E216A9EE80F21FA9117F00C352A97A20
:20A92000B7280ACB7D2806118000C352A979B72810AF95E238A9EE80F241A9118B00C352FF
:17A94000A979B7280ACB7D2806118A00C352A9118300DDE1E133E9D7
:020000040014E6
:20A00000DDE5DD210000DD39FD21E9FFFD39FDF94FDD75FF79D6073E0017DD77FDB72806B7
:20A02000110100C329A0110800DD73FE7BC606DD77E9DD36EAFFDD36EBFFDD36ECFFDD7E45
:20A04000FDB728063A8FC4C34DA03A91C4DD77EDAFDD9604E259A0EE80F261A03E01C37C31
:20A06000A0DDCB047E280BDD36FBFFDD36FCFFC379A0AFDD77FBDD77FCDD7EFBDD77EEAF57
:20A08000DD9605E288A0EE80F291A0110100C3A0A0DDCB057E280611FFFFC3A0A01100001C
:20A0A000DD73EFDD7EEEB72018DD7EEFB72012DD7EFDB72806110100C3BEA011FFFFDD7327
:20A0C000EF06006960292909290929091111C0197EDD77F0110400197EDD77F1237EDD7760
:20A0E000F2DD46FE78DD96E9D251A27990CA4DA2DD7EFF90CA4DA25816006B622929192980
:20A10000192919EBFD2111C0FD19FD6E002600DD5EF01600BFED52DD75F3DD74F4FD6E042B
:20A12000FD6605DD5EF1DD56F2BFED52DD75F5DD74F6DD7EEEDD77F7079FDD77F8C5DD5E54
:20A14000F7DD56F8DD6EF3DD66F4CD2677EBC1DD7EEFDD77F9079FDD77FAE5C5DD5EF9DD0C
:20A1600056FADD6EF5DD66F6CD2677C1E119DD75FBDD74FCDD7EFBDD77FDDD7EFCDD77FE07
:20A18000AFDDBEFDDD9EFEE28CA1EE80F24DA2C5DD5EF9DD56FADD6EF3DD66F4CD2677EBB1
:20A1A000C1E5C5DD5EF7DD56F8DD6EF5DD66F6CD2677C1E1BFED52555CCB7C2806AF925796
:20A1C0009F935FDD6EFDDD66FE29DD72F9DD73FADD7EFBDD77FDDD7EFCDD77FEDD7EF9DD29
:20A1E0005EFA87CB13DD77FBDD73FC7DDD96F97CDD9EFAE2F8A1EE80FA0CA2DD7EFBDD86E3
:20A20000FD5FDD7EFCDD8EFE57C31EA2DD5EFDDD56FE21102719DD5EFBDD56FC19EBDD7EAA
:20A22000ED9020167BD6107ADE273006110000C33AA27BC6305F7ACEF8577BDD96EB7ADD0E
:20A240009EEC3009DD73EBDD72ECDD70EA04C3E4A0DD5EEA1600DDF9DDE1E1F1E9DDE5DD1A
:20A26000210000DD39FD21E2FFFD39FDF9DD75FEDD74FFDD73FCDD72FDDD36E400DD36E555
:20A2800007DD36FB00DD7EFBD602D236A6DD5EFB160021020039194E3A94C491CA30A606F5
:20A2A000006960292909290929091111C019DD75E6DD74E77EDD77F93A53C1DD77FADD4E19
:20A2C000F90600DD5EFA1600DD7EFADD96F9300879934F789AC3DDA27B914F7A9847DD7E7D
:20A2E000E6C604DD77E8DD7EE7CE00DD77E9DD6EE8DD66E97EDD77F7237EDD77F82A57C1CE
:20A300007DDD96F77CDD9EF8300DDD7EF7955FDD7EF89C57C321A37DDD96F75F7CDD9EF8E2
:20A32000573E10B93E0098DA30A63E10BB3E009ADA30A63A83C4B728162195C4360421005D
:20A34000002266C1FD21B4C4FD360078C372A779D60678DE00DAAFA5DD7EFADD77FBDD7EBF
:20A36000E6C60FDD77EADD7EE7CE00DD77EBDD7EFADD96F9301ADD7EFBC608DD6EE6DD66F2
:20A38000E777DD6EEADD66EB36EF233600C3A7A3DD7EFBC6F8DD6EE6DD66E777DD6EEADD79
:20A3A00066EB36EE233600DD7EE6C606DD77ECDD7EE7CE00DD77EDDD6EECDD66ED7EDD77F8
:20A3C000FA237EDD77FBDD7EE6C601DD77EEDD7EE7CE00DD77EFDD6EEEDD66EF7E210000EC
:20A3E000E5DD6EFADD66FBE5F533117EA23E05CDAE45DD7EE6C608DD77F0DD7EE7CE00DD74
:20A4000077F1DD6EF0DD66F17EDD77FA237EDD77FBDD7EE6C602DD77F2DD7EE7CE00DD77F6
:20A42000F3DD6EF2DD66F37E210001E5DD6EFADD66FBE5F533117EA23E05CDAE45DD7EE62C
:20A44000C60ADD77F4DD7EE7CE00DD77F5DD6EF4DD66F57EDD77FA237EDD77FBDD7EE6C651
:20A4600003DD77F6DD7EE7CE00DD77F7DD6EF6DD66F77E210002E5DD6EFADD66FBE5F533A3
:20A48000117EA23E05CDAE45DD6EEADD66EB7EDD77F8237EDD77F9DD6EE8DD66E97EDD773C
:20A4A000FA237EDD77FBDD7EFADD77E2DD7EFBDD77E3DD7EE2DD77FADD36FB00DD6EE6DDF3
:20A4C00066E74EDD6EF8DD66F9E5DD5EFADD56FB79CD3E59DD6EEADD66EB7EDD77F8237E6F
:20A4E000DD77F9DD6EE8DD66E97EDD77FA237EDD77FBDD7EFADD77E2DD36E300DD7EE2DD59
:20A5000077FADD7EE33CDD77FBDD6EE6DD66E74EDD6EF8DD66F9E5DD5EFADD56FB79CD3E0D
:20A5200059DD6EEADD66EB7EDD77FA237EDD77FBDD6EE8DD66E97EDD77F8237EDD77F9DDAF
:20A540007EF8DD77EADD36EB00DD7EEADD77F8DD7EEBC602DD77F9DD6EE6DD66E74EDD6E69
:20A56000FADD66FBE5DD5EF8DD56F979CD3E59DD6EE6DD66E77EDD6EF6DD66F777DD6EF27A
:20A58000DD66F377DD6EEEDD66EF77DD6EE8DD66E94E2346DD6EF4DD66F5712370DD6EF060
:20A5A000DD66F1712370DD6EECDD66ED712370DD6EFEDD66FF360621A4C336002195C436C3
:20A5C00004DD6EE6DD66E77E3296C4DD6EE8DD66E97E233297C47E3298C42165C1360021DB
:20A5E00064C136002100002266C12E602262C1DD6EE6DD66E77E3253C1DD6EE8DD66E94EF7
:20A600002346ED4357C12190C436FF218EC436FF2192C43600FD21B4C4FD360078DD6EFC02
:20A62000DD66FD3601DD4E04DD4605AF02C372A7DD34FBC385A23AA7C44FCB79CA72A72A84
:20A6400066C1110500BFED52D272A7CBB979D60ED272A70600696029290929092909111158
:20A66000C019DD75F0DD74F15E2153C1564B06006A26007A93300879954F789CC384A67D93
:20A68000914F7C98DD71F2DD77F3DD7EF0C604DD77F4DD7EF1CE00DD77F5DD6EF4DD66F508
:20A6A0007EDD77F6237EDD77F72157C17EDD77F8237EDD77F9DD7EF8DD96F6DD7EF9DD9E6A
:20A6C000F73015DD7EF6DD96F8DD77FADD7EF7DD9EF9DD77FBC3EAA6DD7EF8DD96F6DD77BC
:20A6E000FADD7EF9DD9EF7DD77FBDD4EFADD46FBDD5EF2DD56F33E14BB3E009A38743E14D2
:20A70000B93E0098386CDD6EFEDD66FF36062195C43607DD6EF0DD66F17E3296C4DD6EF4D0
:20A72000DD66F57E233297C47E3298C411A7A03E08CD8B402165C136002164C13600210057
:20A74000002266C12E602262C12190C436FF218EC436FF21A7C436FFFD2192C4FD36000023
:19A76000DD6EFCDD66FD3602DD4E04DD46053A7AC402DDF9DDE1E1F1E901
:020000040015E5
:20A00000DDE5DD210000DD3921DDFF39F9DD77FF4F0600696029290929092909DD75FBDDE1
:20A0200074FC3E11DD86FBDD77FD3EC0DD8EFCDD77FEDD7EFDDD77E1DD7EFEDD77E2DD7E84
:20A04000FFD6073006010000C34EA0010100DD71E379B72006DD7EFFC360A0DD7EFFC6F97D
:20A06000DD77FEDD7EE3B720063AB0C4C372A03AB1C4DD77E4DD6EE1DD66E25E3A53C1DD2F
:20A0800077E54B0600DD7EE5DD77E6DD36E700DD7EE593300C79DD96E64F78DD9EE7C3AA28
:20A0A000A0DD7EE6914FDD7EE798DD71E8DD77E9DD7EE1C604DD77EADD7EE2CE00DD77EB04
:20A0C000DD6EEADD66EB7EDD77EC237EDD77ED2157C17EDD77EE237EDD77EFDD7EEEDD96E4
:20A0E000ECDD7EEFDD9EED3010DD7EECDD96EE5FDD7EEDDD9EEFC306A1DD7EEEDD96EC5F58
:20A10000DD7EEFDD9EEDDD73F0DD77F13AB2C4B7201CDD4EE8DD46E93E30B93E0098380E03
:20A12000DD4EF0DD46F13E30B93E00983004AFC334A13E01DD77F22A66C1DD75F3DD74F418
:20A14000DD7EF3D605DDB6F4200C3A93C4DD96E32004DD36F200DD7EF2B72819DD7EE5DDB1
:20A1600077FADD36FB00DD7EEEDD4EEFDD77FCDD71FDC3ADAA3A93C4DD96E33E012801AF4A
:20A18000DD77FDB7CA65A601D7C3DD5EE316006B622919291909110500197E4F87878187A7
:20A1A000DD77FDDD7EE3B7205921CDC07EDD77F8237EDD77F921E4C07EDD77FB237EDD77F3
:20A1C000FCDD7EFBDD96F8DD7EFCDD9EF9300CDD7EF8DD77FBDD7EF9DD77FCDD7EFBDD77CB
:20A1E000F8DD7EFCDD77F9DD7EF8DD77FBDD7EF9DD77FCD6013032DD36F800DD36F901C369
:20A2000029A2ED4B2CC0ED5B43C07993789A30025950DD73F8DD72F94B42AFB93E0198307F
:20A2200008DD36F800DD36F901DD7EFED605DAE5A2DD7EEEDD77FADD7EEFDD77FBDD7EFDE1
:20A24000DD77FCDD36FD00DD7EFCC63CDD77F6DD7EFDCE00DD77F7DD7EE3B7200FDD7EF615
:20A26000DD77FCDD7EF7DD77FDC37AA2AFDD96F6DD77FC9FDD96F7DD77FDDD7EFADD77F6AB
:20A28000DD7EFBDD77F7DD7EFCDD77FADD7EFDDD77FBDD7EFADD86F6DD77FCDD7EFBDD8E12
:20A2A000F7DD77FDDD7EFED605201D3EB4DD96E5300BDD36FA64DD36FB00C3D8A3DD36FA96
:20A2C00024DD36FB00C3D8A3DD7EE5D64C300BDD36FA9CDD36FB00C3D8A3DD36FADCDD3680
:20A2E000FB00C3D8A3DD7EFED6033868DD7EEEDD77FADD7EEFDD77FBDD7EE3B7200BDD36F0
:20A30000FC18DD36FD00C311A3DD36FCE8DD36FDFFDD7EFADD77F6DD7EFBDD77F7DD7EFC05
:20A32000DD77FADD7EFDDD77FBDD7EFADD86F6DD77FCDD7EFBDD8EF7DD77FDDD7EFED603EF
:20A340002006114000C34BA311C000DD73FADD72FBC3D8A3DD7EEEDD77FADD7EEFDD77FB02
:20A36000DD7EE3B7200BDD36FCC0DD36FDFFC379A3DD36FC40DD36FD00DD4EFADD46FBDD81
:20A380006EFCDD66FD09DD75FCDD74FDDD7EFE3D2006015000C39BA3019000DD71FADD703A
:20A3A000FBDD7EE3B72016DD4EFCDD46FD3EC0B93E00983008DD36FCC0DD36FD00DD7EE34E
:20A3C0003D2015DD7EFCDD46FDD64078DE013008DD36FC40DD36FD01DD4EF8DD46F9DD7EF5
:20A3E000FED6063E012801AFDD77F9DD7EE3B72050DDCBF94628193A7BC46F2600C51105A9
:20A4000000CDA379C17AB3200721100009C318A479C6F46F78CEFF677DDD96FC7CDD9EFD57
:20A420003006DD75FCDD74FDDD4EFCDD46FD3EB8B93E01983058DD36FCB8DD36FD01C38ECC
:20A44000A4DDCBF946281D3A7BC46F2600C5110500CDA379C17AB3200B79C6F05F78CEFF6E
:20A4600057C369A4210C0009EBDD7EFC93DD7EFD9A3006DD73FCDD72FDDD7EFCDD46FDD69D
:20A480004878DE003008DD36FC48DD36FD003A94C43CCA59A53A94C4DD96FFCA59A5ED4BE5
:20A4A00094C406006960292909290929091111C019DD75F6DD74F75E6B260054DD4EFADDE6
:20A4C00046FBDD7EFA95DD7EFB9C300C7BDD96FA5F7ADD9EFBC3DDA479935F789ADD73F8E3
:20A4E000DD77F9DD5EF6DD56F7210400195E2356DD7EFC93DD7EFD9A300C7BDD96FC5F7AC4
:20A50000DD9EFDC30FA5DD7EFC935FDD7EFD9A57DD7EF8DD66F9D6307CDE00303C7BD630DE
:20A520007ADE0030343E70B93E00983006213000C336A521D0FF09DD75FADD74FBDD7EE32E
:20A54000B72006212000C34CA521E0FFDD4EFCDD46FD09DD75FCDD74FDDD7EFEE601471E98
:20A5600000DD4EFE783DB320040CC36EA50DDD7EE3B7280479C6074F3A94C491CA36A6DDDB
:20A580007EFF91CA36A606006960292909290929091111C019DD75F8DD74F95EDD73F6DD69
:20A5A00036F700DD4EFADD46FB1600DD7EFADD96F6DD7EFBDD9EF7300C7BDD96FA5F7ADDB5
:20A5C0009EFBC3CAA579935F789A57DD6EF8DD66F9232323237E23666FDD7EFC95DD7EFD17
:20A5E0009C30117DDD96FCDD77F87CDD9EFDDD77F9C302A6DD7EFC95DD77F8DD7EFD9CDD91
:20A6000077F9DD6EF8DD66F97BD6287ADE003026112800BFED52301EDD7EF6DD96FADD7E86
:20A62000F7DD9EFB3006211800C32FA621E8FF09DD75FADD74FBDD7EFADD46FBD62478DE3A
:20A64000003008DD36FA24DD36FB00DD4EFADD46FB3ECCB93E0098D2ADAADD36FACCDD3692
:20A66000FB00C3ADAA3A93C43CCA0CAADD7EFED6053868DD7EEEDD77FADD7EEFDD77FBDD97
:20A680007EE3B7200BDD36FCD8DD36FDFFC398A6DD36FC28DD36FD00DD7EFADD77F8DD7E3D
:20A6A000FBDD77F9DD7EFCDD77FADD7EFDDD77FBDD7EFADD86F8DD77FCDD7EFBDD8EF9DD6F
:20A6C00077FDDD7EFED6052006015000C3D2A6019000DD71FADD70FBC3DDA9DD7EFED60384
:20A6E000384CDD4EEEDD46EFDD7EE3B72006212000C3F7A621E0FF09DD75FCDD74FDDD7EEF
:20A70000FED603200BDD36FAE0DD36FBFFC318A7DD36FA20DD36FB00DD7EE6DD86FA4FDDB6
:20A720007EE7DD8EFBDD71FADD77FBC3DDA9DD7EEEDD77FADD7EEFDD77FBDD7EE3B7201316
:20A74000DD7EFAD68CDD7EFBDE003E0017DD77FCC363A73E74DDBEFA3E01DD9EFB3E00174B
:20A76000DD77FCDD7EFCDD77F5DD7EFE3D3E012801AFDD77F6DD7EE5D6803E0017DD77FEB5
:20A78000DD7EF6B72008DD7EFEEE01DD77FEDD7EFEDD77F7DD36FE003AB2C4B7CA2AA8DD5A
:20A7A000CBFD46C22AA83A94C43CCA2AA8ED4B94C40600696029290929092909DD75F8DD48
:20A7C00074F93E11DD86F8DD77FC3EC0DD8EF9DD77FDDD7EE3B72028DD7EFCDD77F8DD7E24
:20A7E000FDDD77F9DD6EF8DD66F911120019CB7E280EDD7EFBD6013007DD36FE01C32AA8CA
:20A80000DD7EE33D2024DD6EFCDD66FD111200194EAF91E218A8EE80F22AA8AFDDBEFA3ED2
:20A8200001DD9EFB3004DD36FE01DD4EE30600696029092909DD75FADD74FB3ED7DD86FA10
:20A84000DD77FC3EC3DD8EFBDD77FDDD6EFCDD66FD110400197EDD77FD4F8787878791DD93
:20A8600077F8DD7EFEB72872DD7EFFDD96E4286A3A7AC4DD77F9DD36FA00DD7EFFDD77FDFF
:20A88000DD36FE004F06006960292909DD75FBDD74FCDD7EF9DD86FBDD77FDDD7EFADD8ED1
:20A8A000FCDD77FE116400DD6EFDDD66FECDA379DD4EF806007B917A98E2BEA8EE80F2DA9A
:20A8C000A8DD7EE5DD77FADD36FB00DD7EEEDD4EEFDD77FCDD71FDC3DDA9DD7EF5B7281F9F
:20A8E000DD7EF7B72819DD7EE5DD77FADD36FB00DD7EEEDD4EEFDD77FCDD71FDC3DDA9DD4E
:20A900007EF5B7282DDD7EF6B72806015000C314A9019000DD71FADD70FBDD7EE3B7200675
:20A92000015800C329A901A801DD71FCDD70FDC3DDA9DD4EEEDD46EFDD7EE3B720062150EB
:20A9400000C347A921B0FF09DD75FCDD74FDDD7EF6B7280601E8FFC35DA9011800DD6EE69E
:20A96000DD66E709DD75FADD74FBDD7EE3B72015DD7EFCDD46FDD64878DE003008DD36FCB0
:20A9800048DD36FD00DD7EE33D3E012801AF6FB72816DD4EFCDD46FD3EB8B93E0198300864
:20A9A000DD36FCB8DD36FD01DD7EE3B72016DD4EFCDD46FD3EC0B93E00983008DD36FCC0B9
:20A9C000DD36FD007DB72815DD7EFCDD46FDD64078DE013008DD36FC40DD36FD01DD7EFA25
:20A9E000DD46FBD62478DE003008DD36FA24DD36FB00DD4EFADD46FB3ECCB93E0098D2AD17
:20AA0000AADD36FACCDD36FB00C3ADAADD7EFEE6014F0600793DB02006015000C322AA0189
:20AA20009000DD71FADD70FBDD4EEEDD46EFDD7EE3B7200621E0FFC33DAA21200009DD756A
:20AA4000FCDD74FD3E02DD96FE3837DD7EE3B72016DD4EFCDD46FD3EC0B93E00983008DD78
:20AA600036FCC0DD36FD00DD7EE33D2015DD7EFCDD46FDD64078DE013008DD36FC40DD36A6
:20AA8000FD01DD7EFADD46FBD62478DE003008DD36FA24DD36FB00DD4EFADD46FB3ECCB978
:20AAA0003E00983008DD36FACCDD36FB00DD7EF2B720283A93C4DD96E33E012801AF4FCB3D
:20AAC0004128183AB2C4B7C245AEDD7EF3D605DD7EF4DE003805CB41C245AEDD7EFFDD96B8
:20AAE000E4C245AEDD4EE3060069602909290911D7C319110400195E6B2600292929011807
:20AB000000094D443A93C43C3E012801AFDD77F9B720063AB2C4B7200301F4012E00DD7E84
:20AB2000E33D3E012801AFDD77FEB728052E01C340ABDD7EE3B720083A8DC43D20022E0195
:20AB40001601DDCBF946C2CCAB7DB7280B3AB2C4B728051600C3CCAB3A8DC4B7200CDD7EAA
:20AB6000E3B7200601F401C3CCABDD7EE3B72013DD7EEEDD66EFD6DC7CDE00300601F4010A
:20AB8000C3CCABDD7EFEB72814DD6EEEDD66EF3E24BD3E019C300601F401C3CCABDD7EE326
:20ABA000B72010DD7EEFD6013009213000094D44C3CCABDD7EFEB72813DD6EEEDD66EFAFCA
:20ABC000BD3E019C3006213000094D447AB7CA45AEDD7EE891DD7EE998D245AEDD7EF0917D
:20ABE000DD7EF198D245AEDD7EE5DD77FADD36FB00DD7EEEDD4EEFDD77FCDD71FD3AB2C462
:20AC0000B7CABFAC3A93C4DD96E3CABFACDD4EE8DD46E93E24B93E0098DABFACDD4EF0DDDF
:20AC200046F13E18B93E0098DABFACDD7EE1C6154FDD7EE2CE0047696056237EB2C2BFAC5C
:20AC40003A95C4B720792A68C17CB520727B8787878793C614DD77FE3A7AC45F1600DD6E6D
:20AC6000FF2600D55D5429192919D119C5116400CDA379C1DD6EFE26007B957A9CE282AC32
:20AC8000EE80F2BFAC3E1E0203AF02DD7EE1C6114FDD7EE2CE00472153C15EDD6EE1DD6621
:20ACA000E27E933006110400C3AEAC11FCFF7B02DD6EE1DD66E2111200193600C3D6BC3A5E
:20ACC000B2C4D6013E0017DD77FE0E00DD7EFEB720173A93C4DD96E33E012801AF47B72807
:20ACE0002B3A94C4DD96FF2823DD46E8DD5EE93E14B83E009BDA97ADDD46F0DD5EF13E1419
:20AD0000B83E009BDA97AD0E01C397ADCB40C297ADDDCBF946C297AD3A94C45F16006B629C
:20AD2000292919291929191111C019DD36F700DD7EECDD77F8DD7EEDDD77F9110400195E6B
:20AD400023563A93C4B720197BC6FC477ACEFF5F78DD96F87BDD9EF93019DD36F701C37373
:20AD6000AD13131313DD7EF893DD7EF99A3004DD36F701DD7EF7B7281EDD46E8DD5EE93E0B
:20AD80000EB83E009B3810DD46F0DD5EF13E0EB83E009B38020E0179B7CA45AEDD7EF3D656
:20ADA00005DD7EF4DE00D245AE2A68C17CB5C245AE3A95C4B7C245AE3A93C4DD96E33E013E
:20ADC0002801AF4F41CB4020421168C1DD7EFEB72806010A00C3DBAD011E00791213781289
:20ADE000DD7EE33293C4DD7EFF3294C421A7C436FF2A66C13E03BD3E009C30062103002242
:20AE000066C12160002262C1C345AEDD7EFEB7283479B728303A94C4DD96FF282821140012
:20AE20002268C1DD7EFF3294C421A7C436FF2A66C13E03BD3E009C30062103002266C12135
:20AE400060002262C13A8DC4B72006DD7EE3B728050E00C358AE0E01DD71FE79B7CAFDB7E3
:20AE6000DD7EE4DD96FFC2FDB73A93C4DD96E3C2FDB73AB2C4B7CAFDB7DD6EE1DD66E27E9A
:20AE8000DD77EC3A53C1DD77FCDD7EECDD77F6DD36F700DD7EFCDD77FADD36FB00DD7EFC2F
:20AEA000DD96EC3015DD7EF6DD96FADD77FDDD7EF7DD9EFBDD77FEC3CCAEDD7EFADD96F6CA
:20AEC000DD77FDDD7EFBDD9EF7DD77FEDD7EFDDD77F2DD7EFEDD77F3DD6EEADD66EB7EDD0B
:20AEE00077F8237EDD77F92157C17EDD77FD237EDD77FEDD7EFDDD96F8DD7EFEDD9EF9303A
:20AF000015DD7EF8DD96FDDD77FADD7EF9DD9EFEDD77FBC328AFDD7EFDDD96F8DD77FADD67
:20AF20007EFEDD9EF9DD77FBDD7EFADD77F4DD7EFBDD77F5DD7EF4DD86F2DD77FADD7EF554
:20AF4000DD8EF3DD77FB3E1ADDBEFA3E00DD9EFB3E0017DD77EDDDCBED46C2E7B7DD36FAC5
:20AF600080DD36FB00DD36FCE0DD36FD01DD36EEFFDD36E8FFDD36E9FFDD36FE07DD7EFEDD
:20AF8000D60ED271B0DD4EFE0600696029290929092909DD75F2DD74F3DD7EF2C611DD7723
:20AFA000F4DD7EF3CEC0DD77F5DD6EF4DD66F54EDD71F0DD36F100DD7EEC913015DD7EF009
:20AFC000DD96F6DD77F2DD7EF1DD9EF7DD77F3C3E4AFDD7EF6DD96F0DD77F2DD7EF7DD9EA0
:20AFE000F1DD77F3DD7EF2DD77F0DD7EF3DD77F1DD6EF4DD66F5110400197EDD77F2237EEB
:20B00000DD77F3DD7EF8DD96F2DD7EF9DD9EF33015DD7EF2DD96F8DD77F4DD7EF3DD9EF968
:20B02000DD77F5C338B0DD7EF8DD96F2DD77F4DD7EF9DD9EF3DD77F5DD7EF4DD4EF5DD863F
:20B04000F0DD77F479DD8EF1DD77F5DD7EF4DD96E8DD7EF5DD9EE93012DD7EF4DD77E8DD92
:20B060007EF5DD77E9DD7EFEDD77EEDD34FEC37DAFDD7EE8DD46E9D62878DE003E0017DDB2
:20B0800077F5DD77FEDD7EF5B7CAE1B1DD4EE30600696029092909DD75F2DD74F33ED7DDD4
:20B0A00086F2DD77F43EC3DD8EF3DD77F5DD6EF4DD66F52323237EDD77F54F878787879185
:20B0C000DD77EFDD7EFFDD77F4DD36F5004F060069602929292909DD75F0DD74F13A7AC4BC
:20B0E000DD77F2DD36F300DD7EF2DD77F4DD7EF3DD77F5DDCBF37E2810DD7EF2C60FDD7711
:20B10000F4DD7EF3CE00DD77F5DDCBF52EDDCBF41EDDCBF52EDDCBF41EDDCBF52EDDCBF465
:20B120001EDDCBF52EDDCBF41EDD4EF4DD46F569602909292909DD75F2DD74F3DD7EF0DD2F
:20B1400086F2DD77F4DD7EF1DD8EF3DD77F5116400DD6EF4DD66F5CDA379DD73F4DD72F5DF
:20B16000DD7EF4DD96EF3079DD4EEE0600696029290929092909DD75FADD74FB3E11DD8684
:20B18000FADD77F43EC0DD8EFBDD77F5DD6EF4DD66F5DD7EEC96301B3E30DD96EC300EDD39
:20B1A0007EF6C6D04FDD7EF7CEFFC3DBB10E18AFC3DBB1DD7EECD6D03013DD7EF6C630DD50
:20B1C00077FADD7EF7CE00DD77FBC3D5B1DD36FAE8DD36FB00DD4EFADD7EFBDD71FADD772C
:20B1E000FBDDCBED46C2FDB72A66C17CB5C2FDB7DD36EC003E02DDBEF83E01DD9EF9D20EA6
:20B20000B42196C37EDD77F4237EDD77F5DD7EF4D640C20EB4DD7EF53DC20EB43A7AC44F8F
:20B220000600DD6EF6DD66F709116400CDA379DD73F7DD36F6003E7CDDBEF83E01DD9EF9D6
:20B240003038DD4EE30600696029092909DD75F5DD74F63ED7DD86F5DD77F83EC3DD8EF69C
:20B26000DD77F9DD6EF8DD66F9110500197E4F878187C632DD77F6C301B33E2CDDBEF83E83
:20B2800001DD9EF9303BDD4EE30600696029092909DD75F5DD74F63ED7DD86F5DD77F83E08
:20B2A000C3DD8EF6DD77F9DD6EF8DD66F9110500197EDD77F94F878781C612DD77F6C301E0
:20B2C000B33E04DDBEF83E01DD9EF93034DD4EE30600696029092909DD75F5DD74F63ED7EB
:20B2E000DD86F5DD77F83EC3DD8EF6DD77F9DD6EF8DD66F9110500197E4F8781C606DD7758
:20B30000F6DD7EF6B7CA0EB4DD7EF7DD96F6D20EB4DD36EC012100002266C12268C121A7D7
:20B32000C436FFDD6EE1DD66E27E329DC4219EC43600DD6EEADD66EB7E23329FC47E32A010
:20B34000C42AADC422A1C421F00122A3C4219DC47EFD21A1C4FD9600237EFD9E01301121B7
:20B360009DC43AA1C496235F3AA2C49E57C37EB321A1C43A9DC496235F3A9EC49E57DD7312
:20B38000F6DD72F7219FC47E23D6F07EDE013013219FC43EF096DD77F8233E019EDD77F905
:20B3A000C3B3B33A9FC4C610DD77F83AA0C4CEFEDD77F9DD4EF8DD46F9DD6EF6DD66F7092B
:20B3C000CB3CCB1DCB3CCB1DCB3CCB1DFD21A5C4FD75003AA5C4D60A3004FD36000A3E195C
:20B3E000FD21A5C4FD96003004FD36001921A6C436022105002266C11100A03E08CD8B40F2
:20B40000210100E521802EE5219A01CD0C4BDD7EECB7C20AB73A7AC44F060079E60FC20A09
:20B42000B7DD6EE1DD66E25E16006B62292919EBDD6EEADD66EB7E23666FD55D542919D1FB
:20B440001909116400CDB079DD73F901D7C3DD5EE316006B62291929190923234E798787D2
:20B460008187C60A5FDD7EFEB7280879878781C60F835FDD7EF993D20AB701BCC4DD6EFF51
:20B480002600094EAF91E28BB4EE80F294B4110100C3A1B4CB79280611FFFFC3A1B4110052
:20B4A000007B2601E533672EFFE5DD7EFFF5331100A03E14CDEF48DD73F77B3CCA0AB7DD6A
:20B4C0004EF70600696029290929092909EB2111C019DD75E8DD74E9DD7EE8C604DD77EDE1
:20B4E000DD7EE9CE00DD77EEDD6EEDDD66EE7EDD77E6237EDD77E7DD6EEADD66EB7EDD77C6
:20B50000EF237EDD77F0DD7EEFDD77F5DD7EF0DD77F6DD7EF5C6F0DD77F8DD7EF6CEFFDDE2
:20B5200077F9DD7EE6DD77F1DD7EE7DD77F2DD7EF8DD96F1DD7EF9DD9EF2D20AB7DD6EE84F
:20B54000DD66E97EDD77F4DD6EE1DD66E27EDD77FEDD7EF4DD77F5DD36F600DD7EFEDD778A
:20B56000F8DD36F900DD7EFEDD96F43015DD7EF5DD96F8DD77F3DD7EF6DD9EF9DD77F4C3F0
:20B5800094B5DD7EF8DD96F5DD77F3DD7EF9DD9EF6DD77F4DD4EF3DD46F4DD7EEFDD96E67B
:20B5A000DD7EF0DD9EE73010DD7EE6DD96EF5FDD7EE7DD9EF0C3C5B5DD7EEFDD96E65FDDD3
:20B5C0007EF0DD9EE76B6709DD75F3DD74F4DD7EF3D630DD7EF4DE00DA0AB7DD36EC01DD3D
:20B5E00036FE00DD7EE3B7206521CDC07EDD77F5237EDD77F621E4C07EDD77F8237EDD77B9
:20B60000F9DD7EF8DD96F5DD7EF9DD9EF6300CDD7EF5DD77F8DD7EF6DD77F9DD4EF8DD46F5
:20B62000F979DD96EF78DD9EF03006DD4EEFDD46F0210800097DDD96F17CDD9EF2300FAF06
:20B64000DDBEF13E01DD9EF23004DD36FE012100002266C12268C1DD7EFEB73E802001AF19
:20B66000DDB6F732A7C4DD6EE1DD66E27E329DC4219EC43600DD6EEADD66EB7E23329FC4EF
:20B680007E32A0C4DD6EE8DD66E97E32A1C421A2C43600DD6EEDDD66EE7E2332A3C47E3212
:20B6A000A4C4110600DD6EF3DD66F4CD1C63FD21A5C4FD73003AA5C4D6063004FD36000667
:20B6C0003E1CFD21A5C4FD96003004FD36001C111800DD6EF3DD66F4CD1C63FD21A6C4FD04
:20B6E00073003AA6C4D6013004FD3600013E07FD21A6C4FD96003004FD36000721050022DE
:20B7000066C11100A03E08CD8B40DD7EECB7C2FDB7DD4EE1DD46E2211100094EAF91E22320
:20B72000B7EE80F22CB7110100C339B7CB79280611FFFFC339B7110000DD6EEADD66EB4E54
:20B7400023463EC2B93E019830132164C136002165C136002100002266C1C3FDB70E007B4A
:20B76000B72806210B00C36CB721080055AF93E274B7EE80F27CB70E03C382B7CB7B2802F5
:20B780000EFDDD6EE1DD66E27E813253C1DD6EEADD66EB4E23467A6F079F67094D7CE6013F
:20B7A00047ED4357C17BB7201F2164C136002165C136012104002266C16C2268C11100A0B9
:20B7C0003E08CD8B40C3FDB72164C1732165C136012102002266C12E0C2268C11100A03EFD
:20B7E00008CD8B40C3FDB7DD7EFCDD77FADD36FB00DD7EFDDD4EFEDD77FCDD71FDDD7EFA0E
:20B80000DD46FBD61078DE003008DD36FA10DD36FB00DD4EFADD46FB3EE0B93E0098300843
:20B82000DD36FAE0DD36FB00DD7EFCDD46FDD61878DE003008DD36FC18DD36FD00DD4EFCBC
:20B84000DD46FD3EDEB93E01983008DD36FCDEDD36FD01DD6EE1DD66E27E4F0600DD77F876
:20B86000DD36F90079DD96FA78DD9EFB302DDD7EFADD77F4DD7EFBDD77F5DD7EF8DD77F6B2
:20B88000DD7EF9DD77F7DD7EF4DD96F6DD77F8DD7EF5DD9EF7DD77F9C3AEB8DD7EF8DD4E4F
:20B8A000F9DD96FADD77F879DD9EFBDD77F9DD7EF8DD77F6DD7EF9DD77F7DD6EEADD66EBFB
:20B8C0007EDD77F4237EDD77F5DD7EF4DD96FCDD7EF5DD9EFD3015DD7EFCDD96F4DD77F8E3
:20B8E000DD7EFDDD9EF5DD77F9C3FEB8DD7EF4DD96FCDD77F8DD7EF5DD9EFDDD77F9DD3688
:20B90000FE01DD4EF6DD46F73E18B93E0098384EDD7EF8DD77F4DD7EF9DD77F53E18DDBE59
:20B92000F43E00DD9EF538363A93C4DD96E32008DD7EFFDD96E428263AB2C4B720242166B7
:20B94000C17EDD77F4237EDD77F5DD7EF4D605DD7EF5DE00300CDD7EFFDD96E42004DD36FA
:20B96000FE02DD7EE1C611DD77EEDD7EE2CE00DD77EFDD6EEEDD66EF3600DD7EE1C612DD92
:20B9800077F0DD7EE2CE00DD77F1DD6EF0DD66F13600DD7EFEDD77F2DD36F300DD7EF2DD7C
:20B9A00096F6DD7EF3DD9EF73045DD7EEEDD77F4DD7EEFDD77F5DD6EE1DD66E27EDD77F788
:20B9C000DD77F6DD36F700DD7EF6DD96FADD7EF7DD9EFB3009DD7EFEDD77FBC3E5B9AFDDBF
:20B9E00096FEDD77FBDD6EF4DD66F5DD7EFB77DD7EF2DD96F8DD7EF3DD9EF93030DD7EF0FB
:20BA0000DD77FADD7EF1DD77FBDD6EEADD66EB4E234679DD96FC78DD9EFD3006DD7EFEC3F9
:20BA200026BAAFDD96FEDD6EFADD66FB77DD6EEEDD66EF7EDD77FCDD7EE1C60FDD77FDDD94
:20BA40007EE2CE00DD77FEDD7EFCB7200BDD6EF0DD66F17EB7CA85BB3EBCDD86FFDD77FAD5
:20BA60003EC4CE00DD77FBDD6EFADD66FBDD7EFC773ECADD86FF4F3EC4CE0047DD6EF0DD6E
:20BA800066F17E02DD6EE1DD66E27EDD6EEEDD66EF4E81DD6EE1DD66E277DD6EEADD66EB9B
:20BAA0007EDD77F9237EDD77FADD6EF0DD66F17EDD77FB079FDD77FCDD7EF9DD77F7DD7EA0
:20BAC000FADD77F8DD7EFBDD77F9DD7EFCDD77FADD7EF7DD86F9DD77FBDD7EF8DD8EFADD46
:20BAE00077FCDD6EEADD66EBDD7EFB7723DD7EFC77DD6EE1DD66E2111300194E23462B033F
:20BB0000DD71FBDD70FCDD7EFB7723DD7EFC77DD36DD00DD36DE01DD36DF02DD36E00111FA
:20BB20000300DD6EFBDD66FCCD1C63DD73F9DD72FADD7EF9E603DD77FBDD36FC005F16008F
:20BB40002100003919DD75F8DD74F97EDD77FBDD6EF0DD66F17EDD77FCDD6EEEDD66EF7EEB
:20BB6000DD77FADD66FBDD6EFCE5DD66FADD6EFFE51100A03E13CD8E48DD6EFDDD66FE7300
:20BB80002372C3D6BC2153C14EDD6EE1DD66E27EDD77F7DD36F8006F260011040019DD7102
:20BBA000F9DD36FA007DDD96F97CDD9EFAE2B2BBEE80F2C0BBDD36FB01DD36FC00C3F6BBE9
:20BBC000DD7EF7C6FCDD77FBDD7EF8CEFFDD77FCDD7EF9DD96FBDD7EFADD9EFCE2E1BBEE98
:20BBE00080F2EFBBDD36FBFFDD36FCFFC3F6BBAFDD77FBDD77FCDD7EFBDD77FA2157C17EF1
:20BC0000DD77FB237EDD77FCDD6EEADD66EB7EDD77F8237EDD77F9DD7EF8DD77F6DD7EF9D8
:20BC2000DD77F7DD7EF6C604DD77F8DD7EF7CE00DD77F9DD7EF8DD96FBDD7EF9DD9EFC3029
:20BC40000BDD36FB01DD36FC00C37CBCDD7EF6C6FCDD77F8DD7EF7CEFFDD77F9DD7EFBDDC2
:20BC600096F8DD7EFCDD9EF9300BDD36FBFFDD36FCFFC37CBCAFDD77FBDD77FCDD7EFBDD99
:20BC800077FCDD7EFAB72025DD7EFCB7201FDD7EE3B7200BDD36FB01DD36FC00C3A7BCDD52
:20BCA00036FBFFDD36FCFFDD7EFBDD77FCDD66FCDD6EFAE5DD7EFFF53311C2A63E13CD2FEF
:1BBCC00048DD73FBDD72FCDD6EFDDD66FEDD7EFB7723DD7EFC77DDF9DDE1C9E7
:020000040000FA
:1C7A3D00000000000000000000000000000001010101010101FFFFFFFFFFFFFF2D
:020000040016E4
:20A00000DDE5DD210000DD39FD21E2FFFD39FDF9DD75FDDD74FEDD73FBDD72FCDD6EFDDDE6
:20A0200066FE7EDD77FFD609C263A52191C436FF218FC436FF2190C436FFFD218EC4FD36A1
:20A0400000FFDD6EFBDD66FC5E7BB72834DD4E04DD46050A57217AC47A9630217B3DDD6E15
:20A06000FBDD66FC77B72015DD6EFDDD66FE3606DD6EFBDD66FC3601AF02C314B23A7AC410
:20A08000023A8CC4B72006010100C390A0010000DD71E6DD36FF00DD7EFFD60ED2FBA4DD8F
:20A0A0007EFFD6073006010000C3AFA0010100DD71E7DD4EFF06006960292909290929090E
:20A0C0001111C019DD75E8DD74E97EDD77EADD7EE8C604DD77EBDD7EE9CE00DD77ECDD6E6C
:20A0E000EBDD66EC7EDD77ED237EDD77EEDD7EE8C60FDD77EFDD7EE9CE00DD77F0DD7EE7B1
:20A10000DD96E6C28EA42A96C301600009DD75F1DD74F2DD7EFFDD77F3DD36F4004F060082
:20A1200069602909290929092909EB3A7AC4DD77F5DD36F6006F26002919DD75F9DD74FA6C
:20A1400011A000DD6EF9DD66FACDA379DD73F9DD72FADD7EF9DD77F7DD7EFADD77F8DD7EB7
:20A16000F7C630DD77F9DD7EF8CE00DD77FADD4EF9DD46FADD7EF1DD5EF2C6CEDD77F97B20
:20A18000CEFFDD77FADD5EF3DD56F46B62292919291929192919DD5EF5DD56F619C51164A5
:20A1A00000CDA379C1DD6EF9DD66FA19EBDD7EEADD77F9DD36FA00DD6EEA260079DD96F991
:20A1C00078DD9EFA3E0017DD77F4B7280CBFED42DD75F5DD74F6C3EDA1DD71F7DD70F8DDD6
:20A1E0007EF795DD77F5DD7EF89CDD77F6DD6EF5DD66F67BDD96ED7ADD9EEE3011DD7EED13
:20A2000093DD77F7DD7EEE9ADD77F8C31CA27BDD96EDDD77F77ADD9EEEDD77F83E14BD3E0E
:20A22000009C380EDD6EF7DD66F83E14BD3E009C3006210200C33BA2210100DD75F6DD7E18
:20A24000E8C611DD77F7DD7EE9CE00DD77F8DD7EF991DD7EFA98300DDD6EF7DD66F8DD7EAF
:20A26000F677C381A2DD7EF4B7280EAFDD96F6DD6EF7DD66F877C381A2DD6EF7DD66F836AA
:20A2800000DD6EEBDD66EC4E2346DD7EE8C612DD77F9DD7EE9CE00DD77FA7993789A300D7F
:20A2A000DD6EF9DD66FADD7EF677C3C9A27B917A98300EAFDD96F6DD6EF9DD66FA77C3C92F
:20A2C000A2DD6EF9DD66FA3600DD6EE8DD66E94EDD6EF7DD66F87E81DD6EE8DD66E977DD49
:20A2E0006EEBDD66EC4E2346DD6EF9DD66FA7E6F079F6709EBDD6EEBDD66EC732372DD6EF8
:20A30000E8DD66E9111300195E23562B13732372EB110300CD1C637BE6030E00DD77F6D6F2
:20A32000032004DD36F601DD6EF9DD66FA7EDD77FADDCBFA7E201BDD7EFAB7C20AA43A7A14
:20A34000C4E63F4F060079D62078173F1FDE80D20AA4DD7EFFB72807DD7EFFD607203CDDD5
:20A360007EF6B7200BDD36F9FDDD36FA00C389A3DD7EF63D200BDD36F9FEDD36FA00C38966
:20A38000A3DD36F9FFDD36FA00DD4EF9DD46FADD6EEFDD66F0712370C3F5A4DD7EE7B720DB
:20A3A0002DDD7EF6B7200BDD36F95CDD36FA00C3F8A3DD7EF63D200BDD36F95DDD36FA003B
:20A3C000C3F8A3DD36F95EDD36FA00C3F8A3DD7EF6B7200BDD36F9CCDD36FA00C3F8A3DDF7
:20A3E0007EF63D200BDD36F9CDDD36FA00C3F8A3DD36F9CEDD36FA00DD4EF9DD46FADD6ECA
:20A40000EFDD66F0712370C3F5A4DD7EFFB72807DD7EFFD607202CDD6EF7DD66F87EDD66B9
:20A42000F6E533DD66FAE533F533DD7EFFF5331100A03E13CD8E48DD6EEFDD66F0732372F5
:20A44000C3F5A4DD7EE7B7201EDD7EF6B72006112E00C382A4DD7EF63D2006112D00C382DC
:20A46000A4112C00C382A4DD7EF6B72006119C00C382A4DD7EF63D2006119D00C382A411F2
:20A480009E00DD6EEFDD66F0732372C3F5A42153C14EDD7EEA913006110100C3ADA479DD42
:20A4A00096EA300611FFFFC3ADA41100004B2A57C1DD7EED95DD7EEE9C3006110100C3D484
:20A4C000A47DDD96ED7CDD9EEE300611FFFFC3D4A41100004379B72005B020020601C5DD72
:20A4E0007EFFF53311C2A63E13CD2F48DD6EEFDD66F0732372DD34FFC397A02153C14E2186
:20A5000067C24678913006010100C31AA57990300601FFFFC31AA5010000DD71FFED4B576C
:20A52000C1ED5B6BC27B917A983006110100C340A57993789A300611FFFFC340A5110000BB
:20A5400043DD7EFFB72005B020020601C533DD66FF2E1AE511C2A63E13CD2F48ED5376C2BC
:20A56000C314B2DD7EFFD60AC2E0AC2191C436FF218FC436FF2190C436FF218EC436FFDD47
:20A5800036E600DD6EFBDD66FC5E7BB72836DD7E04DD77F9DD7E05DD77FADD6EF9DD66FA51
:20A5A0004E217AC47996300F7B3DDD77FFDD6EFBDD66FCDD7EFF77DD6EF9DD66FA3A7AC446
:20A5C00077C3C8A5DD36E6013A80C4FD217FC4FD96003006110000C3DDA5110100DD73E793
:20A5E0007BB7200BDD36F901DD36FA00C3F6A5AFDD77F9DD77FADD7EF9DD77E8DD36E901AF
:20A600002196C37EDD77F9237EDD77FAD601300BDD36F903DD36FA00C323A6DD36F9FDDD66
:20A6200036FAFFDD7EF9DD77EADD36FF003E1ADD96FFDAC7ACDD7EFFD60F3808DD7EFFD681
:20A640001ADAC1ACDD4EFF06006960292909290929091111C019DD75EBDD74ECDD7EFFD63C
:20A66000073006010000C379A6DD7EFFD60E3006010100C379A601FF00DD71EDDD7EE7DD08
:20A6800096EDC2C7AA2A96C301600009E5FDE1DD7EFFDD77EEDD36EF004F06006960290966
:20A6A000290929092909EB3A7AC4DD77F7DD36F8006F26002919FDE511A000CDA379FDE11A
:20A6C000213000194D44FDE5D17BC6CEDD77F97ACEFFDD77FADD5EEEDD56EF6B6229291958
:20A6E000291929192919DD5EF7DD56F819C5116400CDA379C1DD6EF9DD66FA19DD75F0DD81
:20A7000074F1DD6EEBDD66EC6E5D1600627993789A3E0017DD77FAB7280CBFED42DD75F848
:20A72000DD74F9C33AA7DD71F6DD70F7DD7EF695DD77F8DD7EF79CDD77F9DD7EF8DD77F699
:20A74000DD7EF9DD77F7DD7EEBC604DD77F2DD7EECCE00DD77F3DD6EF2DD66F37E23666FBF
:20A76000DD7EF095DD7EF19C30117DDD96F0DD77F87CDD9EF1DD77F9C389A7DD7EF095DDBF
:20A7800077F8DD7EF19CDD77F9DD6EF6DD66F73E14BD3E009C380EDD6EF8DD66F93E14BDDD
:20A7A0003E009C3006210200C3AEA7210100DD75F4DD7EEBC611DD77F5DD7EECCE00DD7717
:20A7C000F67B917A98300DDD6EF5DD66F6DD7EF477C3F0A7DD7EFAB7280EAFDD96F4DD6EEC
:20A7E000F5DD66F677C3F0A7DD6EF5DD66F63600DD6EF2DD66F37EDD77F7237EDD77F8DDA5
:20A800007EEBC612DD77F9DD7EECCE00DD77FADD7EF7DD96F0DD7EF8DD9EF1300DDD6EF952
:20A82000DD66FADD7EF477C34EA8DD7EF0DD96F7DD7EF1DD9EF8300EAFDD96F4DD6EF9DD73
:20A8400066FA77C34EA8DD6EF9DD66FA3600DD6EEBDD66EC7EDD77F7DD6EF5DD66F67EDDAF
:20A8600077F8DD7EF7DD86F8DD6EEBDD66EC77DD6EF2DD66F37EDD77F7237EDD77F8DD6E6C
:20A88000F9DD66FA7EDD77FADD77F9079FDD77FADD7EF7DD86F9DD77F5DD7EF8DD8EFADDE9
:20A8A00077F6DD7EF5DD77F9DD7EF6DD77FADD6EF2DD66F3DD7EF97723DD7EFA77DD7EEB7C
:20A8C000C613DD77F9DD7EECCE00DD77FADD6EF9DD66FA5E235613DD6EF9DD66FA732372FB
:20A8E000EB110300CD1C63DD73F5DD72F6DD7EF5E603DD77F7DD36F800DD7EF7DD77F8D680
:20A90000032004DD36F801DD6EF9DD66FA7EDD77F9237EDD77FADD7EF9DD77F6DD7EFADDF9
:20A9200077F7DD7EF6E607DD77F9DD36FA00DD6EF2DD66F34E237EDD71F6DD77F7DD7EF9CC
:20A94000D604DD7EFADE003022DD7EF6C6FFDD77F9DD7EF7CEFFDD77FADD6EF2DD66F3DD78
:20A960007EF97723DD7EFA77C38AA9DD7EF6C601DD77F9DD7EF7CE00DD77FADD6EF2DD66B1
:20A98000F3DD7EF97723DD7EFA77DD7EEBC60FDD77F9DD7EECCE00DD77FADD7EFFB72807FF
:20A9A000DD7EFFD607203CDD7EF8B7200BDD36F7FDDD36F800C3D1A9DD7EF83D200BDD36B2
:20A9C000F7FEDD36F800C3D1A9DD36F7FFDD36F800DD4EF7DD46F8DD6EF9DD66FA71237064
:20A9E000C3C1ACDDCBEE46206FDD7EEDB7202DDD7EF8B7200BDD36F75CDD36F800C346AA17
:20AA0000DD7EF83D200BDD36F75DDD36F800C346AADD36F75EDD36F800C346AADD7EF8B726
:20AA2000200BDD36F7CCDD36F800C346AADD7EF83D200BDD36F7CDDD36F800C346AADD36F4
:20AA4000F7CEDD36F800DD6EF9DD66FADD7EF77723DD7EF877C3C1ACDD7EEDB7202DDD7E18
:20AA6000F8B7200BDD36F72EDD36F800C3B5AADD7EF83D200BDD36F72DDD36F800C3B5AA78
:20AA8000DD36F72CDD36F800C3B5AADD7EF8B7200BDD36F79CDD36F800C3B5AADD7EF83DBB
:20AAA000200BDD36F79DDD36F800C3B5AADD36F79EDD36F800DD6EF9DD66FADD7EF7772377
:20AAC000DD7EF877C3C1ACDD7EE8DD96ED280FDD7EFFD61A2808DD7EFFD60EC2C1ACDD7E60
:20AAE000EBC604DD77EFDD7EECCE00DD77F0DD6EEFDD66F04E234678D602D2C1ACDD7EEB0C
:20AB0000C612DD77F1DD7EECCE00DD77F2DD6EF1DD66F2DD7EEA77DD7EEBC611DD77F3DD4F
:20AB20007EECCE00DD77F4DD6EF3DD66F43600DD6EEFDD66F07EDD77F7237EDD77F8DD7E6C
:20AB4000EADD77F9079FDD77FADD7EF7DD77F5DD7EF8DD77F6DD7EF5DD86F9DD77F7DD7E40
:20AB6000F6DD8EFADD77F8DD7EF7DD77F9DD7EF8E601DD77FADD7EF9DD77F7DD7EFADD77BF
:20AB8000F8DD6EEFDD66F0DD7EF77723DD7EF877DD6EEFDD66F07EDD77F9237EDD77FADD96
:20ABA0007EF8D6023060DD7EF9DD77F7DD7EFADD77F8DD7EF7C60FDD77F9DD7EF8CE02DD03
:20ABC00077FA2196C37EDD77F5237EDD77F6DD7EF9DD77F7DD7EFADD77F8DD7EF7DD96F5DE
:20ABE000DD77F9DD7EF8DD9EF6DD77FADD7EF9DD77F7DD7EFAE601DD77F8DD7EF7D6CFDDFB
:20AC00007EF8DE00380EDD6EEFDD66F036E8233603C3C1ACDD36E900DD7EFFD60ECAC1AC12
:20AC2000DD6EEBDD66EC111300194E23462B03DD71F7DD70F8DD7EF77723DD7EF877DD363A
:20AC4000E200DD36E301DD36E402DD36E501DD7EEBC60FDD77F9DD7EECCE00DD77FA11034A
:20AC600000DD6EF7DD66F8CD1C63DD73F5DD72F6DD7EF5E603DD77F7DD36F8005F1600215C
:20AC800000003919DD75EFDD74F07EDD77F7DD6EF1DD66F27EDD77F8DD6EF3DD66F47EDD0C
:20ACA00077F6DD66F7DD6EF8E5DD66F6DD6EFFE51100A03E13CD8E48DD6EF9DD66FA7323A1
:20ACC00072DD34FFC32DA6DD7EE6B7CA14B2DD7EE9B7CA14B2DD6EFDDD66FE36FFC314B202
:20ACE000DD7EFFD60BC214B2DD6EFBDD66FC5E7BB7CA10AEDD4E04DD46050A57217AC47A63
:20AD000096D209AE7B3DDD6EFBDD66FC77B7200AC511D6AD3E05CD8B40C12191C436FF21BE
:20AD20008FC436FF2190C436FFFD218EC4FD3600FFDD36FF00DD7EFFD60ED2F9ADDD7EFF1D
:20AD4000D6073E00175FB72806DD56FFC355ADDD7EFFC6F957DD72FA7BB72806114000C359
:20AD600065AD11C000DD73F81100003E06DD96FA3840DD5EFA1600217DAD1919E9180C1881
:20AD80001018141818181C1820182411EEEEC3B2AD11EE02C3B2AD11EE16C3B2AD1102EA39
:20ADA000C3B2AD1102FEC3B2AD110212C3B2AD1116F6D5DD5EFF16006B6229291929192912
:20ADC00019D13E1185DD77F93EC08CDD77FADD7EF9C60C6FDD7EFACE0067DD7EF88277DD48
:20ADE0007EF9C60D6FDD7EFACE00677B079F573C732377DD34FFC335AD2173C2369821E86D
:20AE0000002274C226032257C13A7AC402C314B2DD36E8012196C37EDD77F9237EDD77FA44
:20AE20003E9FDDBEF93E00DD9EFA301D21A4C336FCED4B96C33AA4C36F079F6709EBED5305
:20AE400096C3DD36E800C39AAEDD4EF9DD46FA59501313137BD69C7ADE00301D21A4C33620
:20AE600004ED4B96C33AA4C36F079F6709EBED5396C3DD36E800C39AAE79D69CB02816DDD7
:20AE80004EF93E9C9132A4C3219C002296C3DD36E800C39AAE21A4C33600DD36FF003E1A01
:20AEA000DD96FFDA06B2DD7EFFD60E3808DD7EFFD61ADA00B2DD4EFF0600696029290929BD
:20AEC0000929091111C019DD75E9DD74EA7EDD77F9DD4EE9DD46EA210C00097EDD77FADDFB
:20AEE0007EE9C604DD77EBDD7EEACE00DD77ECDD7EE9C60DDD77EDDD7EEACE00DD77EEDD05
:20AF00007EE9C611DD77EFDD7EEACE00DD77F0DD7EE9C612DD77F1DD7EEACE00DD77F2DDC2
:20AF20007EE9C60FDD77F3DD7EEACE00DD77F4DD7EF9DD96FA2019DD6EEBDD66EC4E23461D
:20AF4000DD6EEDDD66EE5E23666BBFED42CA42B1DD36E800DD7EF9DD96FA3055DD7EFADD18
:20AF600077F7DD36F800DD7EF9DD77F5DD36F600DD7EF7DD96F5DD77F9DD7EF8DD9EF6DD0A
:20AF800077FADD7EF9D602DD7EFA173F1FDE80380BDD36F902DD36FA00C3A4AFDD36F9016B
:20AFA000DD36FA00DD7EF9DD6EEFDD66F077C307B0DD7EFADD96F93046DD7EF9DD77F5DD21
:20AFC00036F600DD7EFADD77F7DD36F800DD7EF5DD96F7DD77F9DD7EF6DD9EF8DD77FADDA4
:20AFE0007EF9D602DD7EFA173F1FDE8038053EFEC3F5AF3EFFDD6EEFDD66F077C307B0DD82
:20B000006EEFDD66F03600DD6EEDDD66EE7EDD77F9237EDD77FADD6EEBDD66EC7EDD77F51B
:20B02000237EDD77F6DD7EF5DD96F9DD7EF6DD9EFA303DDD7EF9DD96F5DD77F7DD7EFADDFD
:20B040009EF6DD77F8DD7EF7DD77F9DD7EF8DD77FADD7EF9D602DD7EFADE00380601020030
:20B06000C366B0010100DD6EF1DD66F271C3ADB0DD7EF9DD96F5DD7EFADD9EF63027DD7EBF
:20B08000F5DD96F94FDD7EF6DD9EFA4779D60278DE0038053EFEC39BB03EFFDD6EF1DD6609
:20B0A000F277C3ADB0DD6EF1DD66F23600DD6EE9DD66EA4EDD6EEFDD66F07E81DD6EE9DD34
:20B0C00066EA77DD6EEBDD66EC4E2346DD6EF1DD66F27E6F079F6709EBDD6EEBDD66EC7356
:20B0E0002372DD6EE9DD66EA111300195E23562B13732372DD36E200DD36E301DD36E4021B
:20B10000DD36E501EB110300CD1C637BE6034F0600210000390956DD6EF1DD66F246DD6E77
:20B12000EFDD66F07E58D5F533DD7EFFF5331100A03E13CD8E48DD6EF3DD66F4732372C3B3
:20B1400000B2DD6EEFDD66F03600DD6EF1DD66F23600DD7EFFD61A20602153C14EDD6EE972
:20B16000DD66EA4678913006010100C37BB17990300601FFFFC37BB1010000DD71F8215740
:20B18000C17EDD77F9237EDD77FADD6EEBDD66EC4E234679DD96F978DD9EFA30060101000E
:20B1A000C3DAB1DD7EF991DD7EFA98300601FFFFC3DAB1010000C3DAB1DD6EFF2600E51137
:20B1C0000300CDA379E17B3DDD77F8110300CDBF79EB110300CDA3794B0DDD7EF8B7200516
:20B1E000B120020E0161DD6EF8E5DD7EFFF53311C2A63E13CD2F48DD6EF3DD66F4732372D7
:1CB20000DD34FFC39EAEDD7EE8B72808DD6EFDDD66FE360CDDF9DDE1E1F1F1E9DE
:020000040017E3
:20A00000DDE5DD210000DD39FD21E2FFFD39FDF9DD75FEDD74FFDD73FCDD72FD3A7CC4B7D6
:20A0200020763A7BC4B720703A7EC43D2031DD6EFEDD66FF3604DD6EFCDD66FD3602DD4E11
:20A0400004DD46053A7AC402214401E511FCAB3E05CD73461130A03E08CD8B40C348AC3ADE
:20A060007EC4D602C248ACDD6EFEDD66FF3605DD6EFCDD66FD3602DD4E04DD46053A7AC4BC
:20A0800002214001E511FCAB3E05CD7346113FA03E08CD8B40C348ACDD6EFCDD66FD7EDD8F
:20A0A00077F9B72845DD7E04DD77FADD7E05DD77FBDD6EFADD66FB4E217AC47996301EDD46
:20A0C0007EF93DDD6EFCDD66FD77B7201011D6AD3E05CD8B40FD2192C4FD360001DD6EFA8B
:20A0E000DD66FB3A7AC477C348AC1100A03E0ACD8B40DD6E04DD6605E5DD6EFCDD66FDE503
:20A10000DD6EFEDD66FFE51128A23E0ACDC2443AAFC4DD77FA079FDD77FB2AADC4DD75F606
:20A12000DD74F7DD7EFADD77F8DD7EFBDD77F9DD7EF6DD86F8DD77FADD7EF7DD8EF9DD778F
:20A14000FBDD6EFADD66FB22ADC47DD6507CDE00300E21500022ADC421AFC43601C373A10D
:20A160003EA2BD3E009C300B21A20022ADC421AFC436FF3A7EC4D602280A3A8DC43D280494
:20A18000AFC386A13E01DD77ED3A7EC43D280A3A8DC43D2804AFC39BA13E01DD77EEDD7E3D
:20A1A000EDB7281C3AADC4DD77FB2139C2DD7EFB7721B801223DC2216B002248C2C3C6A1F7
:20A1C00021E803223DC2DD7EEEB7281B3AADC4DD77FB2150C2DD7EFB772132002254C22E5C
:20A1E0006C225FC2C3EDA121E8032254C22164C33678216D002273C33A53C1D67820112A48
:20A2000057C17DD6B2200925200601E803C313A201B201ED4368C3217BC33678216D00227D
:20A220008AC33A53C1D678200F2A57C17DD64AB4200601E803C33BA2014A00ED437FC3DD27
:20A2400036EF01DD36F0FFDD36F1FFDD36F208DD36F3FFDD36F4FFDD36FB01DD7EFBD60779
:20A26000D219A3DD4EFB06006960292909290929091111C0194D440A2153C15E935F16006B
:20A28000D68030047AC38EA2AF935F3E019ADD73F5DD77F6210400094E23462A57C1799589
:20A2A0004F789CE601DD71F7DD77F8D601300FDD7EF7DD77F9DD7EF8DD77FAC3CDA2AFDDAF
:20A2C00096F7DD77F93E02DD9EF8DD77FADD4EF9DD46FADD6EF5DD66F609EB3A93C4B7208D
:20A2E0001C3A94C4DD96FB20142A66C17DD6057CDE0030093AB2C4B728031100007BDD9641
:20A30000F07ADD9EF1300CDD73F0DD72F1DD7EFBDD77EFDD34FBC35BA20E0879D60ED2B54C
:20A32000A306006960292909290929091111C019DD75F8DD74F97E2153C146905F1600D689
:20A340008030047AC34DA3AF935F3E019ADD73FADD77FBDD5EF8DD56F9210400195E235695
:20A360002A57C17B955F7A9CE60157D6013807210002BFED52EBDD6EFADD66FB19EB3A9362
:20A38000C43D201A3A94C49120142A66C17DD6057CDE0030093AB2C4B728031100007BDDF4
:20A3A00096F37ADD9EF43009DD73F3DD72F4DD71F20CC31BA3DD7EEF32B0C4DD7EF232B17F
:20A3C000C4DD7EEEB7CA74A43A93C43D280C3A93C43C28063A90C43C2009DD7EF23290C414
:20A3E000C379A43A0FC0B7CA79A4ED4B90C406006960292909290929091111C019DD75F877
:20A40000DD74F95E2153C1564B06006A26007A93300979954F789C47C321A47D914F7C9831
:20A4200047DD71FADD70FBDD4EF8DD46F9210400094E2346ED5B57C17B917A98300879935F
:20A440004F789AC34BA47B914F7A9847DD5EFADD56FB3E30BB3E009A38083E18B93E0098AC
:20A460003017DD7EF22190C496280EDD7EF23290C4C379A42190C436FFDD7EEDB7CA2CA510
:20A480003A93C4B7280C3A93C43C28063A8EC43C2009DD7EEF328EC4C331A53A0CC0B7CA66
:20A4A00031A5ED4B8EC406006960292909290929091111C019DD75F8DD74F95E2153C15636
:20A4C0004B06006A26007A93300979954F789C47C3D9A47D914F7C9847DD71FADD70FBDD38
:20A4E0004EF8DD46F9210400094E2346ED5B57C17B917A98300879934F789AC303A57B917B
:20A500004F7A9847DD5EFADD56FB3E30BB3E009A38083E18B93E00983017DD7EEF218EC406
:20A5200096280EDD7EEF328EC4C331A5218EC436FFDD7EEEB72856DD4EF3DD46F43E18B97E
:20A540003E009838403A93C43D28063A93C43C20343A91C43C28073A7AC4E607203421AB11
:20A56000C47EDD77FB3AA9C4DD66FBE533672EFFE53A90C4F5331100A03E14CDEF48219165
:20A58000C473C392A52191C436FFC392A52191C436FFDD7EEDB72856DD4EF0DD46F13E1838
:20A5A000B93E009838403A93C4B728063A93C43C20343A8FC43C28073A7AC4E6072034212B
:20A5C000AAC47EDD77FB3AA8C4DD66FBE533672EFFE53A8EC4F5331100A03E14CDEF4821EF
:20A5E0008FC473C3F3A5218FC436FFC3F3A5218FC436FFDD36E400DD36E507DD36F900DDAE
:20A600007EF9D602D20FAADD5EF9160021020039194E3A94C491CA09AA0600696029290989
:20A62000290929091111C019DD75E6DD74E77EDD77FA3A53C1DD77FBDD7EFADD77F3DD3633
:20A64000F400DD7EFBDD77F5DD36F600DD7EFBDD96FA3015DD7EF3DD96F5DD77F7DD7EF406
:20A66000DD9EF6DD77F8C37BA6DD7EF5DD96F3DD77F7DD7EF6DD9EF4DD77F8DD7EF7DD7786
:20A68000F1DD7EF8DD77F2DD7EE6C604DD77E8DD7EE7CE00DD77E9DD6EE8DD66E97EDD776B
:20A6A000F3237EDD77F42157C17EDD77F5237EDD77F6DD7EF5DD96F3DD7EF6DD9EF4301518
:20A6C000DD7EF3DD96F5DD77F7DD7EF4DD9EF6DD77F8C3E7A6DD7EF5DD96F3DD77F7DD7EC1
:20A6E000F6DD9EF4DD77F8DD4EF7DD46F8DD5EF1DD56F23E10BB3E009ADA09AA3E10B93E68
:20A700000098DA09AA3A83C4B728162195C436042100002266C1FD21B4C4FD360078C34834
:20A72000AC7BD6067ADE00DA81A9DD7EFBDD77F9DD7EE6C60FDD77EADD7EE7CE00DD77EB74
:20A74000DD7EFBDD96FA301ADD7EF9C608DD6EE6DD66E777DD6EEADD66EB36EF233600C354
:20A7600079A7DD7EF9C6F8DD6EE6DD66E777DD6EEADD66EB36EE233600DD7EE6C606DD7794
:20A78000ECDD7EE7CE00DD77EDDD6EECDD66ED7EDD77FA237EDD77FBDD7EE6C601DD77EE0F
:20A7A000DD7EE7CE00DD77EFDD6EEEDD66EF7E210000E5DD6EFADD66FBE5F533117EA23E58
:20A7C00005CDAE45DD7EE6C608DD77F0DD7EE7CE00DD77F1DD6EF0DD66F17EDD77FA237E30
:20A7E000DD77FBDD7EE6C602DD77F2DD7EE7CE00DD77F3DD6EF2DD66F37E210001E5DD6E21
:20A80000FADD66FBE5F533117EA23E05CDAE45DD7EE6C60ADD77F4DD7EE7CE00DD77F5DD30
:20A820006EF4DD66F57EDD77FA237EDD77FBDD7EE6C603DD77F6DD7EE7CE00DD77F7DD6EC8
:20A84000F6DD66F77E210002E5DD6EFADD66FBE5F533117EA23E05CDAE45DD6EEADD66EB1B
:20A860007EDD77F8237EDD77F9DD6EE8DD66E97EDD77FA237EDD77FBDD7EFADD77E2DD7E1F
:20A88000FBDD77E3DD7EE2DD77FADD36FB00DD6EE6DD66E74EDD6EF8DD66F9E5DD5EFADDCE
:20A8A00056FB79CD3E59DD6EEADD66EB7EDD77F8237EDD77F9DD6EE8DD66E97EDD77FA2301
:20A8C0007EDD77FBDD7EFADD77E2DD36E300DD7EE2DD77FADD7EE33CDD77FBDD6EE6DD6662
:20A8E000E74EDD6EF8DD66F9E5DD5EFADD56FB79CD3E59DD6EEADD66EB7EDD77FA237EDDD2
:20A9000077FBDD6EE8DD66E97EDD77F8237EDD77F9DD7EF8DD77EADD36EB00DD7EEADD7786
:20A92000F8DD7EEBC602DD77F9DD6EE6DD66E74EDD6EFADD66FBE5DD5EF8DD56F979CD3ED0
:20A9400059DD6EE6DD66E77EDD6EF6DD66F777DD6EF2DD66F377DD6EEEDD66EF77DD6EE8D4
:20A96000DD66E94E2346DD6EF4DD66F5712370DD6EF0DD66F1712370DD6EECDD66ED71230B
:20A9800070DD6EFEDD66FF360621A4C336002195C43604DD6EE6DD66E77E3296C4DD6EE876
:20A9A000DD66E97E233297C47E3298C42165C136002164C136002100002266C12E602262BC
:20A9C000C1DD6EE6DD66E77EDD77FB2153C1DD7EFB77DD6EE8DD66E94E2346ED4357C1210D
:20A9E00090C436FF218EC436FF2192C43600FD21B4C4FD360078DD6EFCDD66FD3601DD4E4F
:20AA000004DD4605AF02C348ACDD34F9C3FFA51100A03E12CD8B403AA7C44FCB79CA98AB53
:20AA20002A66C1110500BFED52D298ABCBB979D6073006110000C33CAA1101003A93C43CF3
:20AA4000280E3A93C493280821A7C436FFC398AB0600696029290929092909EB2111C01921
:20AA6000DD75F0DD74F14E2153C146DD71F8DD36F900DD70FADD36FB0078913011DD7EF845
:20AA8000DD96FA4FDD7EF9DD9EFB47C39CAADD7EFADD96F84FDD7EFBDD9EF947DD71F2DDA3
:20AAA00070F3DD7EF0C604DD77F4DD7EF1CE00DD77F5DD6EF4DD66F57EDD77F6237EDD773F
:20AAC000F72157C17EDD77F8237EDD77F9DD7EF8DD96F6DD7EF9DD9EF73015DD7EF6DD9603
:20AAE000F8DD77FADD7EF7DD9EF9DD77FBC302ABDD7EF8DD96F6DD77FADD7EF9DD9EF7DDDE
:20AB000077FBDD7EF2DD77F8DD7EF3DD77F93E14DDBEF83E00DD9EF9DA98ABDD4EFADD4693
:20AB2000FB3E14B93E0098386FDD6EFEDD66FF36062195C43607DD6EF0DD66F17E3296C49B
:20AB4000DD6EF4DD66F57E233297C47E3298C411A7A03E08CD8B402165C136002164C13615
:20AB6000002100002266C12E602262C12190C436FF218EC436FF21A7C436FFFD2192C4FD14
:20AB8000360000DD6EFCDD66FD3602DD4E04DD46053A7AC402C348AC21B2C436003A94C4D9
:20ABA0003CCA29AC2A66C1110500BFED52307AED4B94C4060069602929092909290911116B
:20ABC000C019DD75F8DD74F95E2153C1564B06006A26007A93300879954F789CC3E4AB7DB9
:20ABE000914F7C98DD71FADD77FBDD4EF8DD46F9210400094E23462A57C17D917C9830080A
:20AC000079954F789CC30DAC7D914F7C9847DD5EFADD56FB3E18BB3E009A380D3E18B93EB1
:20AC20000098380521B2C43601060078D60E3010C5C5331100A03E06CD6E44C104C32BAC3F
:0FAC40001172A73E12CD8B40DDF9DDE1E1F1E9A4
:020000040032C8
:20A00000210121212101012121212121212121212121212121212121212121212121212180
:20A02000212101212121210121212121212121212121212121212121212121212121212140
:20A040002121212121212121212121212121212121212121212121212121212121212121E0
:20A060002121212121212121212121212121212121212121212121212121212121212121C0
:20A080002121212121212121212121212121212121212121212121212121212121212121A0
:20A0A000212121212121212121212121212121212121212121212121212121212121212180
:20A0C000212121212121212121212121212121212121212121212121212121212121212160
:20A0E0002121212121212121212121212121212121212121212121212121212121010101A0
:20A1000021210101010121212121212121212121212121212121212121212121212121219F
:20A120002121212121212121212121212121212121212121212121212121212121212121FF
:20A140002121212121212121212121212121212121212121212121212121212121212121DF
:20A160002121212121212121212121212121212121212121212121212121212121212121BF
:20A1800021212121212121212121212121212121212121212121212121212121212121219F
:20A1A00021212121212121212121212121212121212121212121212121212121212121217F
:20A1C00021212121212121212121212121212121212121212121212121212121212121215F
:20A1E00021212121212121212121212121212121212121212121212121212121212121213F
:20A2000021212121212121212121212121212121212121212121212121212121212121211E
:20A220002121212121212121212121212121212121212121212121212121212121212121FE
:20A240002121212121212121212121212121212121212121212121212121212121212121DE
:20A260002121212121212121212121212121212121212121212121212121212121212121BE
:20A2800021212121212121212121212121212121212121212121212121212121212121219E
:20A2A00021212121212121212121212121212121212121212121212121212121212121217E
:20A2C00021212121212121212121212121212121212121212121212121212121212121215E
:20A2E00021212121212121212121212121212121212121212121212121212121212121213E
:20A3000021212121212121212121212121212121212121212121212121212121212121211D
:20A320002121212121212121212121212121212121212121212121212121212121212121FD
:20A340002121212121212121212121212121212121212121212121212121212121212121DD
:20A360002121212121212121212121212121212121212121212121212121212121212121BD
:20A3800021212121212121212121212121212121212121212121212121212121212121219D
:20A3A00021212121212121212121212121212121212121212121212121212121212121217D
:20A3C00021212121212121212121212121212121212121212121212121212121212121215D
:20A3E00021212121212121212121212121212121212121212121212121212121212121213D
:20A40000212121222221212122212121212121212121212121212121212121212121212119
:20A4200021212121212121212121212121212121212121212121212121212121210101015C
:20A4400021212121212121212121010101212121212121212121212121212121212121213C
:20A460002121212121212121212121212121212121212121212121212121212121212121BC
:20A4800021212121212121212121212121212121212121212121212121212121212121219C
:20A4A00021212121212121212121212121212121212121212121212121212121212121217C
:20A4C00021212121212121212121212121212121212121212121212121212121212121215C
:20A4E00021212121212121212121212121212121212121212121212121212121212121213C
:20A50000222222222222222222222121212121212121212121212121212121212121212111
:20A520002121212121212121212121212121212121212121212121212101012142468A8E1F
:20A540008E8E8E8F8F8F8F8E8E8E8E6A4621210121212121212121212121212121212121DA
:20A5600021212121212121212121212101010101010101010101010101012121212121217B
:20A580002121212121212121212121212121212121210101010101010101010121212121DB
:20A5A00021212121212121212121212121212121212121212121212121212121212121217B
:20A5C000212121212121212121212121212121212121212121212121222121212222222157
:20A5E00021212121212121212121212121212121212121212121212121212121212121213B
:20A600002222222222422242422222212121212121212121212121212121212121212121AF
:20A6200021212121212121212121212121212121212121212121210121426A8E8E6A494541
:20A640002120000000000000002145496A8E8E6A4221012121212121212121212121212109
:20A6600021010101010101012121212121424246466A6A6A6A6A8A8A8B8F8F8F8F8F8FAF43
:20A68000AFAFAFB3B3B3B3B3B3B3AFAFAFAF8F8F8F8E8E8E8A8A6A6A6A46664646422121A7
:20A6A00021212101010101012121212121212121212121212121212121212121212121211A
:20A6C000212121212121212121212121212121212121212121212121222222222221212254
:20A6E000222121212121212121212121212121212121212121212121212121212121212139
:20A70000222222224242424242422222222121212222222221212221212221212121212146
:20A7200021212121212121212121212121212121212121212101216A8F8E6A210000000030
:20A740002424244949494524200000000000256A8F8F4621212121212101010121212121E9
:20A760004246466A6A8A8E8FAFB3B3B3B3B3B3B38F8F8F8E8E8E8E6A6A6A6A6A49494949E1
:20A78000494949494545454545454549494949496A6A6A6A6A6A8E8E92928F8F8F8F8F8F2F
:20A7A0008F8F8E8A8A6A6A4642212121210101010121212121212121212121212121212106
:20A7C000212121212121212121212121212121212121212121212222222221222121212154
:20A7E000212121212122222221212121212121212121212121212121212121212121212136
:20A8000022222222224242424242422222222222222222222222222222222222222221213A
:20A820002121212121212121212121212121212121212101216A8F6A25000024496D71713F
:20A84000929296B6FFFFFFFFFFDBDB926D24000000498FB346212121466A6A8B8FAFAFB33B
:20A86000B38F8F8E8E8E6A49494525212000000000000000000000000000000000000000B6
:20A88000000000000000000000000000000000000000000000000000000000000000202177
:20A8A000252545496A6A6A8E8F8F8F8F8F8F8E6A46462121210101010121212121212121C8
:20A8C000212121212121212121212121212121212121212121212221222121222222222251
:20A8E00022222222222222222121222121212121212121212121212121212121212121212F
:20A90000222222222222224242424222222222222222222222222222222222222222222277
:20A9200022222222222121212121212121212121210101468F8E210000496D6D6D494D6DC8
:20A9400071919596B6FFFFFFFFFFFFFFFFFFDB6D20000069B3AF8FB3B38F8E6A6A49252175
:20A96000000000000000000000000000000000000121212121212121212121224242424262
:20A98000424242424242424242424242424242424242222121212121212101010100000007
:20A9A00000000000000000000000202549496A8E928F8F8F8F8E8A6A4642210101010121AA
:20A9C00021212121212121212121212121212222212221212122212121212222222222224D
:20A9E00022222222222222222121212121212121212121212121212121212121212121212F
:20AA00004222222242424242424242422222222222222222222222222222222222222222D6
:20AA20002222222222222121212121212121212101218E8F250000496D49242424242449A0
:20AA40004D719599718EFFFFFFFFFFFFFFFFFFFFFF92200021494520000000000000000095
:20AA600000000121212142424242424242424242424242424242424242222222224242215F
:20AA800021212121212121212121212121212121212121212122222242424242424242428B
:20AAA000424242222121212121010000000000000000002145496A8E928F8F8F8E6A664282
:20AAC00021212121212121212121212121212221212121212121212121212222222222224F
:20AAE00022222222222222222221212121212121212121212121212121212121212121212D
:20AB0000424242424242424242424242422222222222222222222222222222224242222215
:20AB200022222222222222212121212121212101468F6A00006D9224000000000000002498
:20AB4000244D6D6DB6FFFFFFFFFFFFDBFFFFFFFFFFFFB66D00000000012121214242424296
:20AB6000424242424242222121212121010101010101010100000000000000000001010078
:20AB80000000000000000000000000000000000001000000000000000000000000000101B2
:20ABA00001212121212221424242424242422121210100000000000000002025496E928F7E
:20ABC0008F8F8B6A4642212121212121222222212121212121212121212222222222222276
:20ABE000222222222222222222222221212221222222222121212121212121212142212104
:20AC0000424242424242424242424242424242422222222222222222222222224242422294
:20AC2000224222222222222222212121212101468F450024B6FF2400000000000000000005
:20AC4000242492FFFFFFFFFFFFFFFFFFFFFFDB924924456D6D20002142424222212121019F
:20AC60000100000000000000000000000000202001000100004949696E6E8E8E010000217C
:20AC80006992B6B6B6B6B6B6B6B6B6B6B6924900010000006D8E6E6D69694949452121004A
:20ACA00000000000000000000000000121212121424246424242222121010000000000001A
:20ACC0002045496A928F8F8E6A462121212121212121212121212121212222222222222291
:20ACE00042424242222222222222222222222222222222222121214242214221212121213D
:20AD0000424242424242424242424242424242424242422222222222222222224242422233
:20AD20004242424242422222222221212121668F200049FFFF92000000000000000000008D
:20AD400024DBFFFFFFFFFFFFFFFFFFFFFFFFFF4900000000246D2100000000000000000006
:20AD60002025454945000100006DB6DBDBDBDBDB4500000045FFFFFFFFFFFFB600006DFFAA
:20AD8000FFFFFFFFFFFFFFFFFFFFFFFFFFFFFF9200000020FFFFFFFFFFFFFFFFFFFFDBDB64
:20ADA000DBB69269200001000000210000000000000000012121424242424642424221212C
:20ADC00000000000000025498E8F8F8F8A6A4221212121212122222121222222222242421A
:20ADE000424242422222222222224242222222222222222222212142424646464646464619
:20AE00004242424246664646424646464242424242424242224222222222222222424242B6
:20AE2000424242424242222222222221216A8F00006DFFFFFF490000000000000000006D81
:20AE4000FFFFFFFFFFFFFFFFFFFFFFFFFFFFFFDB2400000000246D210000000049B6B7DBBF
:20AE6000DBFFFFFF6900010020FFFFFFFFFFFFFF4500000092FFFFFFFFFFFF49006DFFFFF2
:20AE8000FFFFFFFFFFFFFFFFFFFFFFFFFFFFFFFF49000049FFFFFFFFFFFFFFFFFFFFFFFF3C
:20AEA000FFFFFFFFDB2500000049FFDBDBB6928E49000000000000000001010121214242B0
:20AEC0004242424221010000000020496A8FB38F8A4622212122222222222222424242427A
:20AEE00042424242424242424242424242224242222222222221424646466A4646464646AB
:20AF00004242424242666666666666664646424242424242424242222222222222424242AD
:20AF2000424242424222222222222121668F200092FFFFFFDB4D4D719292B6B6927192FF2D
:20AF4000FFFFFFFFFFFFFFFFFFFFFFFFFFFFFFFF7100000000002424000000006EFFFFFFDD
:20AF6000FFFFFFFF490001006EFFFFFFFFFFFFFF25000000FFFFFFFFFFFFB60021FFFFFF31
:20AF8000FFFFFFFFFFFFFFFFFFFFFFFFFFFFFFFF6900008EFFFFFFFFFFFFFFFFFFFFFFFFD6
:20AFA000FFFFFFFFFFB600000092FFFFFFFFFFFF8E000000000000000000000000000000C6
:20AFC000000121224242464221210000000000456A8FB38F46212222222222424242424204
:20AFE0004242424242424242424242422222222222222242424646666A464646466A46465D
:20B000004242424242426666666666666666664646424242424242424242224242424242C4
:20B0200042424242422242422222468FB3210071FFFFFFDBDBFFFFFFFFFFFFFFFFFFDBFF3E
:20B04000FFFFFFFFFFFFFFFFFFFFFFFFFFFFFFFFDB24000000002424000000006DFFFFFF4F
:20B06000FFFFFFFF45000000DBFFFFFFFFFFFFFF25000069FFFFFFFFFFFF49006DFFFFFF80
:20B08000FFFFFFFFFFFFFFFFFFFFFFFFFFFFFFFF250000B7FFFFFFFFFFFFFFFFFFFFFFFFF0
:20B0A000FFFFFFFFFFDB000000DBFFFFFFFFFFFF450000000000000000000092DB926D49EB
:20B0C0002500000000002121424646422121000000006AD78F2122222222222242424242F2
:20B0E00042424242424242424242424242424242222242464646666A6A46466666666A4630
:20B1000042464242424266666666666666666666666642424242424242424242424242423B
:20B12000424242424242224266AFD38E210049FFFFFFDBDBFFFFFFFFFFFFFFFFFFFFDBFFBC
:20B14000FFFFFFFFFFFFFFFFFFFFFFFFFFFFFFFFFF6D000000002424000000006DFFFFFFE1
:20B16000FFFFFFFF25000069FFFFFFFFFFFFFFFF250000DBFFFFFFFFFFDB0000B6FFFFFFC4
:20B18000FFFFFFB6494945456EFFFFFFFFFFFFDB000020FFFFFFFFFFFFFFB6B6B7DBFFFF88
:20B1A000FFFFFFFFFF92000025FFFFFFFFFFFFDB0000000000000000000021FFFFFFFFFFEC
:20B1C000FFDBB68E49210000000021212242424200006AD766212222222222224242424221
:20B1E0004242424242424242424242424242424242424646464666666666666666464646F7
:20B2000042666646466666666666666666666666666666666646424242424242424242425A
:20B220004242424222426AAFB36A25000024FFFFFFDBDBFFFFFFFFFFFFFFFFFFFFFFFFDBA1
:20B24000FFFFFFFFFFFFFFFFFFFFFFFFFFFFFFFFFF92000000002445000000006DFFFFFF9A
:20B26000FFFFFFFF210000DBFFFFFFFFFFFFFFFF250045FFFFFFFFFFFF490000DBFFFFFF59
:20B28000FFFFFF250000000049FFFFFFFFFFFF92000049FFFFFFFFFFFF920000000092FF51
:20B2A000FFFFFFFFFF6900006DFFFFFFFFFFFF920000000000000000000069FFFFFFFFFFCD
:20B2C000FFFFFFFFFFFFDB92692100002101014201008ED746212222222222424242424257
:20B2E0004242424242424242424242424242424242464646466A666666664646464646462E
:20B300004242666666666666666666666666666666666666666666464242424646424242ED
:20B32000424222428BB3B36A2100000000B6FFFFDBB6FFFFFFFFFFFFFFFFFFFFFFFFFFDB96
:20B34000FFFFFFFFFFFFFFFFFFFFFFFFFFFFFFFFFFB6000000002449240000006DFFFFFF4D
:20B36000FFFFFFFF200049FFFFFFFFFFFFFFFFFF250092FFFFFFFFFFDB000045FFFFFFFFA3
:20B38000FFFFDB000001010092FFFFFFFFFFFF49000092FFFFFFFFFFFF4900000000B7FF72
:20B3A000FFFFFFFFFF210000B6FFFFFFFFFFFF4900010100010100000000B6FFFFFFFFFFC3
:20B3C000FFFFFFFFFFFFFFFFFFDB6D00012100420000B3B3422222224242424242424242AC
:20B3E0004242424242424246464242424242424642464646464646466646464646464646A5
:20B400004242466666664646464666668B8B66666666666666666666666666666666424252
:20B4200042468FD3B36A21000000000049FFFFDBB6FFFFFFFFFFFFFFFFFFFFFFFFFFFFDB3F
:20B44000DBFFFFFFFFFFFFFFFFFFFFFFFFFFFFFFDBB6712400242149240000006DFFFFFFDE
:20B46000FFFFFFDB0000B7FFFFFFFFFFFFFFFFFF2100FBFFFFFFFFFF6D00006EFFFFFFFF58
:20B48000FFFFB60001010100DBFFFFFFFFFFFF210000DBFFFFFFFFFFFF2101010021FFFFE8
:20B4A000FFFFFFFFDB000020FFFFFFFFFFFFDB2000010101010101010021FFFFFFFFFFFF7E
:20B4C000FFFFFFFFFFFFFFFFFFFFFF6E000021210021D7AF22222222424242424242424288
:20B4E000424242424242466646464246464646464646464646464646464646464646464688
:20B50000664646466666664642424666668B8B8B6666666666666666666666666666668AC0
:20B52000AFD78F6A2100002021210000B7FFFFB6DBFFFFFFFFFFFFFFFFFFFFFFFFFFFFDBF6
:20B54000DBFFFFFFFFFFFFFFFFFFFFFFFFFFFFB7B7FFFFDB6925496A2400000069FFFFFF0C
:20B56000FFFFFFDB0045FFFFFFFFFFFFFFFFFFFF006DFFFFFFFFFFDB200000B6FFFFFFFFA3
:20B58000FFFF6D0001010025FFFFFFFFFFFFDB000021FFFFFFFFFFFFB60000000049FFFF2C
:20B5A000FFFFFFFF92000049FFFFFFFFFFFFB60001010101010101010069FFFFFFFFFFFF99
:20B5C000DBDBFFFFFFFFFFFFFFFFFFDB000021210045D78B22422242424242424242424222
:20B5E000424242424666664642424242464646464646464646464646464646464646466A47
:20B6000066464666666666664642426666668B8B8B8B8B66666666666666676766AFD7D72C
:20B620008F4921212121212121210049FFFF92B6FBDBFBFFFFFFFFFFFFFFFFFFFFFFFFFFD7
:20B6400092B6DBFFFFFFFFFFFFFFFFFFFFDBB6DBFFDBDBDB924949490000000069FFFFFF02
:20B66000FFFFFFDB00B6FFFFFFFFFFFFFFFFFFDB20B7FFFFFFFFFF8E000020DBFFFFFFFF13
:20B68000FFFF250001010069FFFFFFFFFFFF92000049FFFFFFFFFFFFB645452521B6FFFF13
:20B6A000FFFFFFFF49000092FFFFFFFFFFFF6900010101010101010100B6FFFFFFFFFFFF98
:20B6C00049004549B6FFFFFFFFFFFFFF21002121006AD766224242424242424242424246DE
:20B6E0004646666666664642424242464646464646464646464646464646464646466A6AD2
:20B700006666466646464666664642424666668B8B8B8B666666666666668BAFD3D78E4689
:20B720002121212121214545450100B6DB6D2492FBDBDBFBFFFFFFFFFFFFFFFFFFFFFFB668
:20B7400049496D8E92B6DBFFFFFFFFFFB7B6DBFFDBDBDBDB6E496A492400000069FFFFFF97
:20B76000FFFFFFB624FFFFFFFFFFFFFFFFFFFFDB49FFFFFFFFFFFF21000049FFFBFBFBFB89
:20B78000FFDB0001010100B6FFFBFBFBFBFF49000092FFFBFBFBFBFBFBFBFBDBDBFBFBFBD3
:20B7A000FBFFFFFB200000DBFFFFFFFFFFFF2100010101010101010020FFFFFFFFFFFFDB83
:20B7C0000000000020FFFFFFFFFFFFDB00002100008ED746424242424242466666666666D8
:20B7E00066666666666666464242424246464646464646464646464646464646466A6A6A4D
:20B800006666666666664642464242424246666666668B66666666668BB3D7D78E45214562
:20B8200045212121666A6A21210021B649240071FBDBDBDBDBFBFFFFFFFFFFFFFFFFB624FB
:20B84000242424454949496D8E92B7B6DBFFDBDBDBDBDBB76D496A49000000006DFFFFFFB7
:20B86000FFFFFF926EFFFFFFFFDBB7FFFBFBFFDBB6FFFBFBFBFF920000008EFFFBFBFBFBBE
:20B88000FF920000000000DBFBFBFBFBFBDB210000DBFBFBFBFBFBFBFBFBFBFBFBFBFBFBC4
:20B8A000FBFBFF92000045FFFBFBFBFBFFB70000000000000000000049FFFFFFFFFFFFB622
:20B8C0000000010049FFFFFFFFFFFF8E0000210000B3B342424242424242666666666666DD
:20B8E000666666666666666646424242464646464646666A66464646466A6A6A6A6A6A6A34
:20B90000666666666666664646424242424246666666666666664642668BAFB38F6A464518
:20B92000456A8EB3AF6621210100496E49240049FBDBDBDBDBDBDBFBFFFFFFFFFFB6242441
:20B940002424242424242424242424DBFFDBDBDBDBDBB7B669496A49000000006DFFFBFB06
:20B96000FBFBFFB6DBFFFBFBFF6D92FFFBFBFBFFFBFBFBFBFBFF25000000B6FBDBDBDBDB37
:20B98000FF6D0000000045FBDBDBDBDBFBB7000021FBDBFBDBDBDBDBDBDBDBDBDBDBDBDBA7
:20B9A000FBFFDB2000008EFFFBFBFBDBFF8E00000000000000000000B6FFFFFFFFFFFF49B3
:20B9C0000001010092FFFFFFFFFFFF490001010020D7AF4242424242426666666666666692
:20B9E00066666666666666464642424666668A6A6A6A6A666666666A6A6A8A8A8A6A6A6A77
:20BA00008B8B66666666666666464242424246464646466666664242424242668BAFB38F3C
:20BA2000AFD3B36A212121210100496D45240024DBDBDBDBDBDBDBDBFBFFFFFFDB240024AC
:20BA40002424242424242400000000DBFBDBDBDBDBB7B792496A8E49000000006DFFFBFBBC
:20BA6000FBFBFBFFFBFBFBFBDB00B6FBDBDBDBFBDBDBDBDBFBB600000020DBDBDBD7D7DB7B
:20BA8000DB24000000006DFBD7D7DBD7FB8E00006DFBD7D7D7D7DBFBFBDBDBDBDBDBDBFBA4
:20BAA000DBB625000000B7FBDBDBDBDBFB4900000000000000000000DBFBFBFFFFFFFF2180
:20BAC00000000000DBFFFFFFFFFFFF200021010045D78B42424242424666666646464666AE
:20BAE00066666666666666664646668A8B8B8B8B8B8B8A666A6A8A8A8A8A8A8A8A6A6A6694
:20BB00008B8B8B8B8B666666666666464242424246464246464642424242424646468BD3A2
:20BB2000D38E452121212121210069492400000092FBDBDBDBDBDBDBDBDBFBFF450000001F
:20BB40000000000000000000000000B7DBDBDBB7B7B7B68E496A8E45000000006DFFFBFB4C
:20BB6000DBDBDBFBDBDBD7FB6E00B6FBD7D7D7D7D7D7D7D7FB4900000049FBD7D7D7D7DB1B
:20BB8000B60000000000B6FBD7D7D7D7FB49000092FBD7D7D7D7FB9292FBD7D7D7D7FBB68E
:20BBA000210100000024DBDBDBD7D7DBDB0000000000000000000049FFFBFBFBFBFFB60061
:20BBC00000000045FFFFFFFFFFFFB600000100006AD766424242424242424242424242466A
:20BBE000666666666666666646668B8B8E8F8F8F8E8E8B8A8B8B8E8E8A8A8A8A6A6A6A66E9
:20BC0000AF8B8B8B8B6666666666666642464646464646424246424242424242468FD7B3E4
:20BC20006A2121212121212121006D492400000024DBDBDBDBDBDBDBDBFBFF6D0000000055
:20BC40000000000000000000000000B6DBDBB7B7B6B6B26A696A8E24000000006DFFD7D7E3
:20BC6000D7D7D7D7D7D7D7DB2000B6DBD7D7D7D7D7D7D7DBB7000000008EFBD7D7D7D7DB24
:20BC80008E0000000024DBD7D7D7D7D7DB210000DBD7D7D7D7D7DB2021FBD7D7D7D7DBB7D5
:20BCA00000000000006DFBD7D7D7D7FB920000000000000000000092FBDBDBDBDBFF6D00CE
:20BCC0000000008EFFFBFFFFFFFF6D00010100008ED7664242424242424242424242466624
:20BCE000666666666666668B8B8B8F8F8F8F8F8F8F8E8B8B8B8E8B8A8A6A6A6A8A8A6A6672
:20BD00008BAF8B8BAF8B66666666666666666666464646424246424242424266B3D78E42F7
:20BD2000214521212121212121006D4924000000006DB6B2B6B6B7B7B7B76E000000000051
:20BD40000000000000000000000000B6DBB7B6B6B2B28E696A6A8E00000000006DFFD7D758
:20BD6000D7D7D7D7D7D7FB8E0000B6DBD7D7D7D7D7D7D7FB4900000000B6D7D7D7D7D7D7BA
:20BD8000DBB6B7B7B7DBD7D7D7D7D7DBB6000049FBD7D7D7D7D7B60000B7D7D7D7D7D7FB3C
:20BDA0004900000000B6FBD7D7D7D7FB4900000000000000000000DBD7D7D7D7D7DB2100DF
:20BDC000000000DBFBFBFBFBFBFB210000010000B3B3424242424242424242424246666636
:20BDE0006666666666668B8B8B8F8F8F8F8F8F8F8B8B8A8B8A6A6A6A6A8A6A6A6A6A6666FA
:20BE0000AFAF8B8B8B8B8B8B6666668B6666666666664646464642424266AFD7B36621213C
:20BE2000454521212121454501006D49240000000024B2B2B6B6B6B6B6B74500000000007D
:20BE40000000000000000000000000B6B7B6B2B2B2926A496A8E6A00000000006DFBD7D7EC
:20BE6000D7D7D7D7D7D7DB210000B6DBD7D7D7D7D7D7D7B70000000021DBD7D7D7D7D7D78D
:20BE8000D7D7D7D7D7D7D7D7D7D7D7FB6E00006EFBD7D7D7D7DB8E00008EFBD7D7D7D7DB0E
:20BEA0009200000000DBD7D7D7D7D7DB8E6D492520000000000049FBD7D7D7D7DBB600004D
:20BEC000000049FFDBFBFBDBFBB6000000000025D7AF4242424242424242424666666666E2
:20BEE0004666464666668B8B8B8F8F8F8B8B8B8A8A6666666666666A6A8A6A666666666611
:20BF0000B3AFAFAFAFAF8B8B8B8B668B8B66666666666646464642428AB3D38E4521454513
:20BF2000212145668AAFD36A0100494924000000008ED7B7DBDBDBDBDBDBDB0000000000CE
:20BF40000000000000000000000000B6B6B2B28F928E696A6A8E45000000000069FBD7D740
:20BF6000D7D7D7D7D7FB92000000B6DBD7D7D7D7D7D7FB690000000045FBD7D7D7D7D7D7B8
:20BF8000D7D7D7D7D7D7D7D7D7D7D7DB200000B6DBD7D7D7D7FB49000049FBD7D7D7D7D7C1
:20BFA000D720000049FBD7D7D7D7D7D7DBDBDBDBDBB7B68E000092FBD7D7D7D7FB6D0000A9
:20BFC000000092FBD7D7D7D7FB6D000001000049D78B42466666666666668B8B666646460A
:20BFE0004666464666668B8B8B8B8F8B8B66666666666666666666666666666666666666DA
:020000040033C7
:20A00000AFAFB3B3AFAFAFAF8B8B8B8B8B8B666667666666464666AFD38F662145212145C3
:20A02000668A8F8BAFD3D78A010025490000000024B2B6B6B7B7B7B7B7B7DB9200000000CB
:20A040000000000000000000000024B6B28F9292926A6A6A8E8E00000000000069FBD7D7C3
:20A06000D7D7D7D7D7FB45000000B6DBD7D7D7D7D7D7DB200001010120DBDBD7D7D7D7D7CB
:20A08000D7D7D7D7D7D7D7D7D7DBDB49000021FBD7D7D7D7D7DB20000000DBD7D7D7D7D7DA
:20A0A000DB49000092DBD7D7D7D7D7D7D7D7D7D7D7D7DBB60000DBD7D7D7D7D7DB714524A7
:20A0C0000024DBD7D7D7D7D7FB2500000000006AD78B66668B8B8B8B8B8B8B8B66464666E6
:20A0E000666666668B8B8B8B8B8F8F8B8B666666666666666666666666666666666666664B
:20A10000FFDBD7D3D3B3AFAFAF8B8B8B8B8B66666666664666AFD3B36A212145456A8A8BDD
:20A120008B8BAFAFB3AF6A45210100490000000069B3B2B2B6B6B7B7B7B7B7DB6D00000068
:20A14000000000000000000000002492B2B2928E6A6A6A8E922400000001010069FBD7D72F
:20A16000D7D7D7D7DBB600000100B6D7D7D7D7D7D7FB6D00010101010049DBFBFBDBDBDB1A
:20A18000FBDBDBDBDBDBDBDBB78E2100000049DBDBDBDBDBFBB60000010092FBDBDBD7D72E
:20A1A000DB920000DBD7D7D7D7D7D7D7D7D7D7D7D7D7DB6D0049FBD7D7D7D7D7D7FBDBDB25
:20A1C000B7DBD7D7D7D7D7D7B6000000000000B3D38B8B8B8B8B8B8B8B8B8B8B668B8B8BA7
:20A1E0008B8B8B8B8B8B8F8B8B8B8B8B8A66666666666666666666666666666666666666BB
:20A20000FFFBD7D7D7D7D3B3AFAF8B8BAF8B8B676666668BAFB38A4221456A6A8B8B878B75
:20A22000AFB3B38E46010000212100492400000092B2B2B2B2B2B2B6B6B7B7B7DB49000012
:20A240000000000000000000006D928E8E92926A6A6A8E8E24000000010101006DFBD7D728
:20A26000D7D7D7DBFB4900000100B6FBDBDBB7B6B692200001212121010000454949494533
:20A280004545452525252521000000000101202121254545492100010100256D6E8E929209
:20A2A000B6920000DBDBDBDBFBFBFBDBDBDBD7D7D7D7FB45008EDBD7D7D7D7D7D7D7D7D7D4
:20A2C000D7D7B3D7D7D7B3FB6D000001000025D7AF668B8B8B8B8B8B8B8B8BAF8B8B8B8BAD
:20A2E0008B8B8B8B8F8B8A6666666666666666666666666666666666666666666666666698
:20A30000FFFFFFFFFFFBD7D7D3B3AFAFAFAF8B8B678BAFB38E66466A8A8A6763678BAF8F3B
:20A320006A45010121456A8A66010021922400009292B2B2B2B2B2B2B2B6B6B6B6DB4900D6
:20A34000000000000000458EB6B6B2B2928E6A6A6A8E8E24000000012101010069FFFBDB5A
:20A36000DBDBB6B66E000001210125452120000000000001212121212101000000000000D8
:20A38000000000000000000000010121212101000000000000000121210100000000000013
:20A3A000000000000021254949696D8E92B6B6DBDBFBB70000DBDBD7D7D7D7D7D7D7D7D7B6
:20A3C000D7D7D7D7D7B3D7DB2000010100006AD7664266666646466666668B8BAFAF8B8B60
:20A3E0008B8B66668B6666666666666666666666666666666666666666666666666666662E
:20A40000FFFFFFFFFFFFFBDBD7D3D3B3AFAFAF8BAFB3AF8A6A8A8B6767678BAF8F8E664553
:20A4200042468A8FAFD3AF6A450100006AB249498F9292B2B2B2B2B2B2B2B2B2B2B2B76D6F
:20A44000000024496E92B6B2B29292928E8E6A6A8E8E24000000002121212101216D4945EE
:20A46000210000000000012121210100000000000000012121212121212121010101010148
:20A4800001010101010101012121212121010101010101012121212121212101010101001D
:20A4A0000000000000000000000000000000000020252100208E92B6DBDBFBFBFBDBD7D710
:20A4C000D7D7D7B3D7D7DB49000101010000B3D746424246464646666666668B8B8B8B8BB4
:20A4E0008B66464666666666666666666666666666666666666666668A8B6666666666666E
:20A50000FFFFFFFFFFFFFBFBFBDBD7D7D3B3B3B3B3AF8B8B87678B8BAFAF8F8A6646668B4B
:20A520008BD3D7D38F6621010101010000B2B28E8E929292B2B2B2B2B2B2B2B2B2B2B2928B
:20A540006EB2B2B2B2929292929292926A6A6A8E6A000000000021212121212101000000CA
:20A560000000000101012121212121212121212121212121212101010000000000000000C6
:20A58000000000000000012101000000000000000000000000000000000001010101010192
:20A5A000010101010101010101010101000000000000000000000000202149496E92B6B74F
:20A5C000DBDBDBDBDBB64900000101000045D7AF42424246464646666666666666666666F4
:20A5E0006666666666666666666666666666666666666666668A8A8B8B8A666666666666E5
:20A60000DBFFFFFFFFFFFFFFFFFFFBDBD7D7D7B38B8B8B8B8BAFAF8B8B66464663678BD315
:20A62000D3AF6A4501010101010101000049B2928E92929292929292B2B2B2B2B28F926DC1
:20A6400092929292929292929292926A6A6A8E6A0000000000212121212121212121010153
:20A66000010101010101010000000000000001212121212100000000000000242424242479
:20A68000242424242400000100000024242424242424242424240000000000000000000079
:20A6A00000000000000000000000010101010101010101010100000000000000000000008F
:20A6C000254949492500000001012100008ED76642464646464646666666666666666666EB
:20A6E00066666666666666666666666666666666666666668B8B8F8B8A66666666666666DE
:20A70000D7FBFFFFFFFFFFFFFFFFFFDBD7D7D7D7D3AF8B8B8B8B67636346668BAFD3B38E64
:20A7200046210101010101000000012100006AB2926E928E8E8E8E929292929292928E6EAB
:20A74000929292929292929292928E8E6A6A6A2500000101212121212101012121210100B9
:20A76000000000000000000000202424240000000121010000246CB4B8D9DCDCDCDCDCDC2D
:20A78000DCDCDCDCDC240000006CB8DCDCDCDCDCDCDCDCDCDCDCDCDCB824000090B49090B9
:20A7A00070706C6C482424240000000000000000000000000001010100000000000000002A
:20A7C00000000000000000010121000045D3AF4246464646464666666666666666666666AD
:20A7E0006666666666666666666666666666666666668A8B8B8B8B8A666666668A66666699
:20A80000FBFBFFFFFFFBFFFFFFFFFFFBFBFFFBDBD7D7D3AF8B6767678BAFB3D3AF6A210199
:20A8200001010121212145466A6A45210100006AB28E6E8E8E8E8E8E8E8E92928E926E8EB2
:20A84000929292929292928E6A6A66464242212121012101000000000000000101000020C0
:20A860002445496C9190B4B8D9DCDCDCDCDC70000000000048DDDCDCDCDCDCDCDCDCDCDCDB
:20A88000DCDCDCDCB804000070DCDCDCDCDCDCDCDCDCDCDCDCDCDCDCDC000024DCDCDCDCC8
:20A8A000DCDCDCDCDCDCDCDCDCB8B8900000006C48242000000000000000000001010101E0
:20A8C0000101010101010121210100008FD766424646464646666666666666666666666660
:20A8E00066666666666666666666666666666666668A8B8F8B8B8A8A8A8A8A8A8A8A6666BC
:20A90000FFFFFFFBDBD7FBFFFFFFFFFFFFFFFFFBFBD7D3AF8B8BAFAFB3AF8A4621214546D8
:20A920006A6A8A8B8FAFD3AF6A21000000000000698F926E8E928E8E8E8E8E8E8E8E6A8E63
:20A940008E929292928E6A422101010101000000000000000020244848000000002591D95F
:20A96000DCDCDCDCDCDCDCDCDCDCDCDCDCDCDC7000000024DDDCDCDCDCDCDCDCDCDCDCDC0E
:20A98000DCDCDCDC94000048DCDCDCDCDCDCDCDCDCDCDCDCDCDCDCDC9000006CDCDCDCDC3F
:20A9A000DCDCDCDCDCDCDCDCDCDCDCDC000048DCDCDCDCD9B890706C482400000000000125
:20A9C00001212121212121210100006AD7AF42464646464646666666666666666666666656
:20A9E0006666666666666666666666666666668A8B8F8F8B8B8B8A8B8A8A8A8A8A8A8A8A24
:20AA0000FFFFFFFBD7DBFBFFFFFFFBFFFFFFFFFFFFFFD7D3B3B3B3AF8A6A6A6A8A8B8B8B3B
:20AA20008B8B8BD3D7AF6A2100000000000000000049929269244949696A696969496A8EB6
:20AA40008E8E8E8E6A21010000000000002025496D71B5B5D9DDDCDC9400000045DDDCDC80
:20AA6000DCDCDCDCDCDCDCDCDCDCDCDCDCDCDCB800000090DCDCDCDCDCDCDCDCDCDCDCDC5A
:20AA8000DCDCDCDC6C000090DCDCDCDCDCDCDCDCDCDCDCDCDCDCDCDC6C000090DCDCDCDC1E
:20AAA000DCDCDCDCDCDCDCDCDCDCDC94000070DCDCDCDCDCDCDCDCDCDCDCDCB47048000062
:20AAC0000021212121210100000049D3AF4642464646464646666666666666666666676676
:20AAE00066666666666666666666666666668A8F8F8F8F8B8F8F8F8A8A8A8A8A8A8A8A8AEA
:20AB0000FFFFFFFBFBFFFFFBD7D7DBFFFFFFFFFFFFFFFFDBAFAF8B8B678787676363636311
:20AB200067AFD3B38A21000000000000000000000000206992000000000000000000246926
:20AB40008E8E8E6A2100000025496D95B5DDDDDDDCDCDCDCDCDCDCDC6C000000D9DCDCDC4B
:20AB6000DCDCDCDCDCDCDCDCDCDCDCDCDCDCDCB4000000DCDCDCDCDCDCDCDCDCDCDCDCD815
:20AB8000B8B8B8B8240000DCDCDCDCDCDCDCB8B4B4B8B8B8D8DCDCDC240000B8DCDCDCDCAD
:20ABA000DCDCDCDCDCDCDCDCDCDCDC4C0000B4DCDCDCDCDCDCDCDCDCDCDCDCDCDCDCB42465
:20ABC0000000000000000000006AD3B366424646466666666666666666666666676767660E
:20ABE00066666666666666666666668A8B8B8F8F8FAF8F8F8F8F8B8A8A8A8A8A8A8A8A8A56
:20AC0000FFFFFFFFFFFFFFFFDBD7D7FBFFFFFFFFFFFFFFFBD3AF8B6767676363636367AFE0
:20AC2000D7D38A210000000000000000000000000000000045490000000000000000000031
:20AC400024496A4200002092DDDDDCDCDCDCDCDCDCDCDCDCDCDCDCDC2800006CDCDCDCDC63
:20AC6000DCDCDCDCDCDCDCDCDCDCDCDCDCDCDC70000024DCDCDCDCDCDCDC480404040404FC
:20AC800004040404040024DCDCDCDCDCDCB804000404040404040404000024DCDCDCDCDC08
:20ACA000DCB86C709494B4B8DCDCDC240000DCDCDCDCDCDCDCDCDCDCDCDCDCDCDCDCDC90AC
:20ACC00000000000000020498FD7B3664646636363636366666766676767676767676666DB
:20ACE00066666666666666666666668B8B8FAFAF8F8F8B8B8B8B8B8B8A8A8A8A8B8A8A8B3D
:20AD0000FFFFFBFBFFFFFFFFFBFBFFFFFBFBFBFFFFFFFFFBD7D3AF8B8B67676363AFD3D70B
:20AD20008F4501000100000000000000000000012121210100000021242000000000000073
:20AD4000000000210001B5DCDCDCDCDCDCDCDCDCDCDCDCDCDCDCDCDC04000090DCDCDCDC7C
:20AD6000DCDCDC9470704C4CDCDCDCDCDCDCDC4C00004CDCDCDCDCDCDC90000000000000DF
:20AD80000000000000004CDCDCDCDCDCDC700000000000000000000000004CDCDCDCDCDC37
:20ADA000DC70000000000000040424000028DCDCDCDCDCDCDCDCDCDCDCDCDCDCDCDCDCDC7B
:20ADC000000000006A8FB3D7B38B664663636363636363636767676767676766666766661E
:20ADE00066666666666666666666668B8F8FAF8F8B8B8B8B8B8B8B8B8B8B8B8B8B8B8BAF36
:20AE0000DBD7D7FBFFFFFFFFFFFFFFFFFFFBFBFFFFFFFBD7D3D3D3CF8B67638BD3D7AF462B
:20AE200001010101010100000000000145666645210100000000000000242424212121259F
:20AE400025452100004DDCDCDCDCDCDCDCDCDCDCDCDCDCDCDCDCDC94040000B8DCDCDCDCBE
:20AE6000DCDC280004000000B8DCDCDCDCDCDC24000070DCDCDCDCDCDC6C000101010101E1
:20AE800001010101010090DCDCDCDCDCDC4800010101010101010101010070DCDCDCDCDCE7
:20AEA000DC2800000000000000000000006CDCDCDCDCDCDC70486C70B4DCDCDCDCDCDCDCAE
:20AEC00000000000B3D38B8B67636363636363636763636767676767676767666666666657
:20AEE000666666666666666666668A8B8F8F8F8F8B8B8B8B8B8B8B8B8B8B8B8B8B8BAFD7E5
:20AF0000DBFBFBFBFFFFFFFBFFFFFFFFFFFBFFFFFBD7D3AFAFD3D3D3CFAFAFD7B36A2101BA
:20AF2000212101010000000121668EAF8F4901000000000000000000012121424666664652
:20AF4000464221000090DCDCDCDCDCDCDCDCDCDCDCDCB89494704C28040024DCDCDCDCDC30
:20AF6000DCB8040000000024DCDCDCDCDCDCB8040000B8DCDCDCDCDCDC2800010101010124
:20AF8000010000000000B8DCDCDCDCDCDC24000101010101000001000000B8DCDCDCDCDCA2
:20AFA000DC6C2824242400000000000000B4DCDCDCDCDCDC0400000004DCDCDCDCDCDCB4F5
:20AFC00000000020B3AF636363668B8E8B678A6667636367676767676767676766666767FF
:20AFE0006767676666666666668A8B8F8F8FAF8F8B8B8B8B8B8B8B8B8B8BAFB3AFAFB3DBFC
:20B00000FFFFFFFFFBDBD7D7FFFFFFFFFFFFFFFFFFD3AFAFAFAFAFD3D7D7B36A2121212159
:20B020000101012145668AAFD3B38E4500000000000021456A8E66666363464221210100F4
:20B040000000010100B8DCDCDCDCDCDCB8706C4C2828040404040000000048DCDCDCDCDC3A
:20B06000DCB404000101006CDCDCDCDCDCDC94000000DCDCDCDCDCDCDC0000010101010109
:20B08000000000000024DCDCDCDCDCDCB800000100000000000000000000DCDCDCDCDCDC83
:20B0A000DCDCDCDCDCDCDCB87000000000DCDCDCDCDCDCB80000000028DCDCDCDCDCDC70C4
:20B0C00000000045D3AF63638BBABA999695BABAB6AF8F6763676767676767666666666686
:20B0E0006666668B8B8B8B8B8B8B8BAFAFAF8F8B8B8B8B8B8B8B8B8BAFB3D3D7D3D3D7FFBF
:20B10000FFFFFFFFFBD7DBD7FBFFFFFFFFFFFFFFFFD3AFAB8BAFCFD7D76A21212121214584
:20B12000466A8EAFB3D3D3AF6A210000000145498AAFD3D3D3AF6A452101000000000000CE
:20B140000000010024DCDCDCDCDCDCDC040000000000000000000000000070DCDCDCDCDC06
:20B16000DC70000001010070DCDCDCDCDCDC6C000028DCDCDCDCDCDCB40000010101000076
:20B18000000000000048DCBCBCBCBCDC9400000000000000000000000048DCDCDCDCDCDCBB
:20B1A000DCDCDCDCDCDCDCDC9400000024DCDCDCDCDCDC94000000006CDCDCDCDCDCDC485F
:20B1C0000000006AD78B8E92BA7858502828282C50759996B38B63676666676766666666D7
:20B1E00066668B8B8B8B8B8B8BAFAFAFAF8B8B8B8B8B8B8B8B8BAFAFB3D7D7DBD7D7FFFFD1
:20B20000FFFFFFFFFBFFFFFFFBDBFBDBFFFFFFFFFFD3ABABAFCFAF6A45212145666A8FAFF9
:20B22000AFABABCFD38F45010001456A8EAFD3D3B38F6A4521000000000000000021456A1D
:20B240000000000048DCDCDCDCDCDCB80400000000000000010101010000B4DCDCDCDCDCBE
:20B26000DC4C0000010000B4DCBCBCBCBCDC4800006CBCBCBCBCBCBC7000000000000000BD
:20B28000000000000070BCBCBCBCBCBC4C0000000000000000000000006CBCBCBCBCBCBCB6
:20B2A000BCBCBCBCBCDCBCDC6C0000004CDCDCDCDCDCDC6C00000000B4DCDCDCDCDCDC0442
:20B2C0000000008EDBB3957C782C2C040404040404042875DEFFB36763666767678B8B8B22
:20B2E0008B8B8B8B8B8B8BAFAF8BAF8B8B8B8B8B8B8B8BAFAFB3B3B3D7D7FBFFFFFBFFFF7A
:20B30000FFFFFFFFFFFFFFFFFFDBFBDBFBFFFFFFDBCFAFCFAF6A45456A8A8FAFAFABAB8B00
:20B320008BAFD38E4645456A8FB3D3D7B38F6A450100000000002045496A8E8FB3B3D38F5D
:20B34000000000006CDCDCDCBCDCDCDCDCD8B490704C4824200001000000D8DCDCBCBCBC98
:20B36000DC280000000000BCBCBCBCBCBCB804000094BCBCBCBCBCBC4C000000000000005D
:20B380000000000000B8BCBCBCBCBCBC2400000000000000000000000094BCBCBCBCBCBC6D
:20B3A000BCBCBCBCBCBCBCBC2400000070BCBCBCBCBCDCB87070486CDCDCDCDCDCDCB80065
:20B3C000000020DABA5028040404040404282C28040404045099BDBAAF6767678B8BAFAFE5
:20B3E000AFAFAF8B8B8BAFAF8B8B8B8B8B8B8B8B8BAFAFB3D3D7D7D7D7FBFFFFFFFFFFFF29
:20B40000FBFFFFFBFFFFFFFFFFFFFFFFFBFBFBFBD7D3B38F8A6A8BAFAFAB8B8B878BAFD336
:20B42000D7B38E6A8BAFD3D7D3AF6A45210000000121456A8A8FAFB3D3AFAF8B87AFD76AD5
:20B440000000000090DCBCBCBCBCBCBCBCBCDCDCBCBCBCDCBC6C00000024BCBCBCBCBCBC24
:20B46000B8040000000028BCBCBCBCBCBC94000000B8BCBCBCBCBCBC2400000000000000A8
:20B480000000000004BCBCBCBCBCBCB800000000000000000000000000B8BCBCBCBCBCB86C
:20B4A00070949494B8B8BCB800000000B8BCBCBCBCBCBCBCBCBCBCDCBCBCBCBCDCDC700078
:20B4C0000021DA992C04040004040404282C2C502C28280404287199BAB3678BAFAFAFAFF3
:20B4E000AF8B8B8B8B8B8B8B8B8B8B8B8B8B8BAFB3D3D3D3D7FBFFFFFBFBFFFFFFFFFFFF68
:20B50000AFD7D7D3FBFFFFFFFFFFFFFFFFFBFFDBD7D3AFAFAFAB8B8B87878B8BABAFD3D793
:20B52000D3B3B3AFCFAF8E6A2101000121466A8EAFB3AFAFAF8B8B676363636343AFD749A1
:20B5400000000000B8BCBCBCDCDCBCBCBCBCBCBCBCBCBCBCBCBC2400006CBCBCBCBCBCBC7F
:20B560009400000000006CBCBCBCBCBCBC70000024BCBCBCBCBCBCB80000000000000000AF
:20B580000000000048BCBCBCBCBCBC9400000000000000000000000028BCBCBCBCBCBC7067
:20B5A000000000000404040400000024BCBCBCBCBCBCBCBCBCBCBCBCBCBCBCBCBCDC4800B7
:20B5C0000049DE2C04000004280404282C2C28282C2C2C04040404282899B78BAFAFAFAF95
:20B5E0008B8B8B8B8B8B8B8B8B8B8B8B8BAFCFD3D7D7D7D7D7FFFFFFFFFFFFFFFFFFFBFBCB
:20B600008BAFAFD3D7FBFFFBFFFFFFFFFFFFFFFBD7AFABABABABCFCFAFAFABABAFCFD3D702
:20B62000D7D7AF8A49452145666A8FB3B3AFAFAF8B876363636363636363636363AFD32563
:20B6400000000024BCBCBCBCBCBCBCBCBCBCBCBCBCBCBCBCBCBC28000070BCBCBCBCBCBC8E
:20B660006C000000000094BCBCBCBCBCBC4C00004CBCBCBCBCBCBC700000000000000000F2
:20B68000000000006CBCBCBCBCBCBC4C0000000000000000000000006CBCBCBCBCBCBC486E
:20B6A000000000000000000000000048BCBCBCBCBCBCBCBCBCBCBCBCBCBCBCBCBC94000032
:20B6C00020BA500404040004280428282C2804282828282804040404000899D3AFAFAF8B78
:20B6E0008B8B8B8B8B8B8B8B8B8B8BAFAFD3D7D7D7FBFFFFFBFFFFFFFFFFFFFFFFFFFBDBDA
:20B700008B8BAFAFCFD3D7DBFFFFFFFFFFFFFFFFD7D3AFAFABABCFD7D7D7D3AFAFD3D7B22A
:20B720008E6A666A6A8FB3B3B3B3AFAF8B87676763636763636363636363636367B3AF00CD
:20B7400000000000B8BCBCBCBCBCBCBCBCBCBCBCBCBCBCBCBCB8040000B8BCBCBCBCBCBC95
:20B76000280000000000B8BCBCBCBCBCBC28000070BCBCBCBCBCBC7028484C6C6C6C6C7035
:20B780007048000094BCBCBCBCBCBCB894949494947070707024000094BCBCBCBCBCBC4831
:20B7A000002400000000000000000070BCBCBCBCBCBCB8BCBCBCBCBCBCBCBCB870040000C9
:20B7C00045BA2804280400042804282C280000040428282828040400000475DEAF8B8B8B0F
:20B7E0008B8B8B8B8B8B8B8B8B8BAFAFD7D7DBFBFBFFFFFFFFFFFFFFFFFBFBFFFFFFFBFB1D
:20B800008B8B8B8BAFAFD3D7D7FBFFFFFFFFFFFFDBD7D3CFAFABABD3D7D7D7D7B38F8E8E42
:20B820008FB3B3B3D3D3AFABAFAF8B8B8B8B87878767676763636363636363638BD78E0004
:20B840000000000024709494B8B8BCBCBCBCBCBCBCBCBCBCBC94040000BCBCBCBCBCBCB8F0
:20B86000040000000028BCBCBCBCBCBCB804000094BCBCBCBCBCBCBCBCBCBCBCBCBCBCBCE0
:20B88000BC700004BCBCBCBCBCBCBCBCBCBCBCBCBCBCBCBCBC480000B8BCBCBCBCBCBCBCD8
:20B8A000BCB8B89494947070240000B8BCBCBCBCBCBC046CBCBCBCBCBCBC4C040400000050
:20B8C0008EBA0404040404042828282C2C2828282828282C28280404000471DEDBAF8BAFAD
:20B8E0008B8B8B8B8B8B8BAFAFAFAFAFD3FBFFFFFFFFFFFFFFFFFFFFFFDBD7D7FBFFFFFFCC
:20B900008B8B8B8B8BAFCFCFD3D3D7DBFFFFFFFBD7D3D3D3D3D3AFD3D7D7D7B3AFAFAFCF47
:20B92000D3CFAFAFAFAFAF8B8B8B8B8B8B8B8B8B8787676767636363636363638BD76A0053
:20B94000000000000000000004040428284894BCBCBCBCBCBC70000048BCBCBCBCBCBCB86F
:20B960004C6C707094B8BCBCBCBCBCBC94000000BCBCBCBCBCBCBCBCBCBCBCBCBCBCBCBC27
:20B98000BC280028BCBCBCBCBCBCBCBCBCBCBCBCBCBCBCBCBC040024BCBCBCBCBCBCBCBC17
:20B9A000BCBCBCBCBCBCBCBC240004BCBCBCBCBCBC940024BCBCBCBCBCBC4C0000000100AA
:20B9C0009599280428280404042C282C505050302850502C280404040400004DDADBB6929B
:20B9E0008B8B8B8B8BAFAFAFAFAFAFAFD7FFFFFFFFFFFFFFFFFBFBFFFFFBD7D7FFFFFFFF5F
:20BA0000668B8B8B8BAFAFAFCFAFAFCFD7FBFBD7CFAFAFCFD3D7D3D3D7D7D7D3D3AFABAF67
:20BA2000AFAFAFAFABAFAF8B8B8B8B8B8B87878B878787876767676767676763AFD745004B
:20BA400000000000000000000000000000006CBCBCBCBCBCBC4C00006CBCBCBCBCBCBCBC36
:20BA6000BCBCBCBCBCBCBCBCBCBCBCBC6C000024BCBCBCBCBCBCBCBCBCBCBCBCBCBCBCBCA6
:20BA8000BC040004BCBCBCBCBCBCBCBCBCBCBCBCBCBCBCBCB800006CBCBCBCBCBCBCBCBC1E
:20BAA000BCBCBCBCBCBCBCB8000048BCBCBCBCBCBC6C0000B8BCBCBCBCBCB800000101254B
:20BAC000BA992804282C0404282C2C50505050502C28505028040400000000040450758FFB
:20BAE0008B8B8B8BAFAF8B8BAFAFAFCFDBFFFFFFFFFFFFFFFFFBFBFBFFFFFFFBFFFFFFFF12
:20BB00006666668B8B8BAFAFAFAFAFAFCFD3D3D3CFAFAFAFAFD3D7D7D7D7D3D3D3AFABABB8
:20BB2000AFAFAB8B8B8BAB8B8787878787878787878787878B87676767676767B3D32100AE
:20BB40000000000000000000000000000000B8BCBCBCBCBCBC28000094BCBCBCBCBCBCBCE5
:20BB6000BCBCBCBCBCBCBCBCBCBCBCB804000000B8BCBCBCBCBCBCBCBCBCBCBCBCBCBCBC39
:20BB8000B80000006CBCBCBCBCBCBCBCBCBCBCBCBCBCBCBC70000094BCBCBCBCBCBCBCBC99
:20BBA000BCBCBCBCBCBCBC94000070BCBCBCBCBCBC4800006CBCBCBCBCBCBC240000009223
:20BBC000BD752C04045028040428282C505050505050282C28040404000000045099B38B70
:20BBE000AFAF8B8BAF8B8BAFAFAFAFD3DBFFFFFFFFFBFBFFFFFBFBFFFFFFFFFFFFFFFFFFC5
:20BC00008F66668BAF8B8B8BAFAFAFAFAFAFAFAFAFAFAFAFAFAFCFD7D7D7D7D3D3CFAFAF5E
:20BC2000AFAFAB8B8B8B8B8B87878787878787878787878BAF87876767676787D7B3000082
:20BC40000000000000000000284C7094B8BCBCBCBCBCBCBCB8040000B8BCBCBCBCBCBCBCF8
:20BC6000BCBCBCBCBCBCBCBCBCBCB8280000000028B8BCBCBCBCB8B8B8B8949494947070AC
:20BC8000480000000004484C4C6C4C4C4C4C6C6C6C6C6C6C2400006C94949494B8B8B8B894
:20BCA000BCBCBCBCBCBCBC6C0000B8BCBCBCBCBCBC24000024BCBCBCBCBCBC700000006D47
:20BCC00099995004042804040404040404285050282C2C0428040400000000042875BDBA02
:20BCE0008FB2AFAFAFAFAFAFAFAFAFCFD7DBFFFFFFFBFBFFFFFFFFFFFFFFFFFFDBFFFFFF99
:20BD00004666AFAFAF8B678BAFAFAFAFAFAFAFAFAFAFAFAFAFAFCFD7D7D7D7D3D3CFAFAF5D
:20BD2000AFAFAFABABAB8BAB8B8B8B878787878787878787878787878787678BD78E0000DE
:20BD4000000000486C94B8BCBCBCBCBCBCBCBCBCBCBCBCBC9404000094BCBCBCBCBCBCBC07
:20BD6000BCBCBCBCBCBCBCBCB870040400002100000004282804040404040000000000002A
:20BD8000000000000000000000000000000000000000000000000000000000000004040497
:20BDA0000404282828484C04000094B8B8BCBCBCB800000000B8BCBCBCBCBCB8002075BA10
:20BDC00071755028040428040000000000282C2C2C282828042804000000000000043099B0
:20BDE00099B6AFAFAFAFAFAFAFAFAFAFD3D7DBFFFFFFFFFFFFFFFFFFFFFFFFFBD7DBFBFB02
:20BE0000214266AFB3AF678BAFAFCFAFAFAFAFAFCFCFAFAFAFAFCFD3D3D3D3D3CFAFAFAF9A
:20BE2000AFAFAFAFABABABABABABAB8B8B8B8B8B8787878787878787878767AFD76A000045
:20BE4000000094BCBCBCBCBCBCBCBCBCBCBCBCBCBCBCBCBC4804000028BCBCBCBCBCBCB83E
:20BE6000B89494706C4C2C2804040400002121010000000000000000000000000000000017
:20BE800000010101010100000000000000000000000000000000000000000000000000009D
:20BEA00000000000204949496E926D492404244C280000000070BCBCBCBCBCBC244D5899D7
:20BEC00095282C2804289D752C50280400280428040404040404280400000004000004507B
:20BEE00092AFAFAFAFAFAFAFAFAFAFAFCFD3D7FFFFFFFFFFFFFFFFFBFFFFFFD7D7DBFFFF3B
:20BF0000424242466AAFAFAF8BABAFCFAFAFAFAFCFCFCFAFAFAFCFCFCFCFCFCFD3CFAFAFDA
:20BF2000AFAFAFAFAFABABABABABABAB8B8B8B8B8B8B8B8787878787878787AFD745000019
:20BF40000000BCBCBCBCBCBCBCBCBCBCBCBCBCBCBCBCBC6C0400000000244C4C2C280404DD
:20BF60000400000000000000000000014242212121212101010101010121212121212121A6
:20BF800021210101010100000000000000000000000001000101010101010101010101212E
:20BFA000456AB6FBFFFFFFFFFFFFDFFFDB8E450000000000000004484C6C94B870757C7872
:20BFC0007504040404309DBD99BD9D30000400040400040004040428040000042C2C75B75F
:20BFE000CFAFAFAFAFAFAFAFAFAFAFAFAFD3D7FFFFFFFFFFFFFFFFDBDBFBFBD7D7FBFFFF49
:020000040034C6
:20A000002142424246468AAFB3AFAFAFAFD3D3D3D7D3CFCFCFCFCFCFCFCFAFAFCFD3D3CFE8
:20A02000AFAFAFAFAFAFABABABABABABABAFAFAB8B8B8B8B87878787878B87D3D3210000A8
:20A040000028BCBCBCBCBCBCBCBCBCBCBCBCBCBCBC942804040021210000000000000000CE
:20A060000000000000000121212121222121010101010101000000000000000000000000F1
:20A0800000000000000000000000000000000000000000000000000000000000497145B60B
:20A0A000DFFFFFFFDE79583C3C5818BAFFFFDFDBB6DBDB922500000000000000247C505058
:20A0C0005804040404549DBDDEDEBD502804040000000000000000000400000050DED3D399
:20A0E000D3CFAFAFAFAFAFCFCFD3AFAFAFD3D7FFFFFFFFFBFFFFFBDBDBFFFFFFDBFFFFFFB0
:20A1000045214242464646468BB3D7D3CFD3DBFFFFFBD7D3D3D3D3D3D3CFCFCFAFCFD3CF89
:20A12000AFAFAFAFAFAFABABAFABAFAFCFCFCFAFAFAFAFAFAB8B878787878BD7AF000000BC
:20A14000004CBCBCBCBCBCBCBCBCBCB894706C2828040400000021212221010100012121CD
:20A16000212121212121210101000000000000000000000000000020212145454666666A8E
:20A180006A6A8A8E8E8E8E8E8E8E8E8E8E8E8E8E8E8E6A6A6A6A6A6A6A6A6EB6FFBADEFE06
:20A1A000DEDE793C1C1C1C3C1C18183C79581CDEFFFFFFFFDA928F6A45012145497C5454D1
:20A1C00075040450589D9DBDBDBD9975503050040000000000000000000000000499D7D3C0
:20A1E000D3D3CFCFD3D3D3D3D3D3CFAFCFD3D3DBFFFFFFDBDBFBFBFBFFFFFFFFFFFFFFFFBF
:20A2000045454242424246464666AFD3DBDBFFFFFFFFFBFBD7D3D3D3D3D3CFCFCFAFAFAFDA
:20A22000AFAFAFAFAFAFAFAFAFAFAFAFCFCFCFCFD3D3D3D3CFAF8B878B87ABD78E000000B0
:20A240000094BCBCBCB894706C280404040000000000000021422222222221212121210149
:20A2600001000000000000000000002045496A6A8E8E8E8F8F8FAFAFAFAFAFAFAFAFAFAF2E
:20A28000AFAFAFAFAF8B8B8B8BABABABABABABABABABD3D3D7DBFBFBFFFFFFDF99FFFFBAA9
:20A2A000581C1C3C3C3C3C3C3C1C183C1C1C1C3CBADE997958FFFFFFDBD7FBFFDB9D789972
:20A2C0007504507C7C9D9DBDBD9DBDBD50545830040404000000000000000404042899D716
:20A2E000D3D3D3D3D3D3D3D3D3D3B3CFD3D3D3D7DBFBFBDBFBFFFFFFFFFFFFFFFFFBFFFFB6
:20A30000214545426A8E664646466666AFDBFFFFFFFFFFFFFFDBD7D7D7D7D3D3D3CFCFD3B0
:20A32000CFAFAFAFAFAFAFAFAFAFAFABAFAFD3CFCFD3D7D3D3D3AF8BABABAFD76A0000005B
:20A340000070946C2804040000000000000000000121214242212101010000000000000052
:20A36000000000202145496A6A8E8FB3B3CFCFAFAFAFAFAF8B8B8B878787878787676767AE
:20A380006763636367676363636363636367676767AFDFDFFFFFFFFFDEDE79581858993CD3
:20A3A0001C3C3C3C3C3C3C3C3C3C183C3C1C1C1C1C18141418587958585858DAFFBD9D9D0C
:20A3C00050509D7C7C9DBDDEBD9D9D9D585858543004280400042804040024504D6A6DB63E
:20A3E000D3D3D3D3D3D3D3D3D3D3D3D3D3D3D3D7FBFFFFFFFFFFFFFFFFFFFFFFFBDBFBFB6D
:20A4000021214545466E6A42464646668B8BD7FFFFFFFFFFFFFBDBDBFBDBD7D7D3D3CFD374
:20A42000D3D3CFAFAFAFAFAFAFAFAFAFAFAFCFCFAFCFD3D7D7D7D7CFAFAFD7D745000000B7
:20A44000000000040000000000000021212121212121010000000000000000002025456A1C
:20A460006A8E8FB3AFCFAFAFAFAFAB8B876767676767676767676767878787878787878706
:20A48000876767676767676367678BAFD7DBDBDBB6581C3CDADBFBBA1C1C1C3C18141C3C14
:20A4A0003C3C3C3C3C3C3C3C3C1C183C3C18183C3C1814101818181C1C1895FFFF999D7817
:20A4C00054999D7C585071DADE9D9D7C785878585828302C0404283028004DB692AFAFAF49
:20A4E000CFCFCFCFCFD3D3D3D3D3D3D3D3D3D7DBFFFFFFFFFFFFFFFFFFFFFFFFD7D3D7D7E8
:20A50000212145454545454245464646668BAFD3DBFFFFFFFFFBFBFFFFFBDBD7D7D3D3D30C
:20A52000D3D3D3D3CFAFAFAFCFCFCFCFCFCFCFCFCFCFCFD3D7D7D7D7D3AFD7D72500010188
:20A540000000000000012121222221212101000000000000000021456A8E8FB3B3B3D3CF68
:20A56000AFAFABAB8B878787878767676767678787878787878787878787878787878787FF
:20A58000878787676767878BB3DBFFFEDEBDBDBD581C1C79FFDBDB751C3C3C3C3C181818B8
:20A5A0001C3C3C3C3C3C3C3C3C1C3C3C3C18183C3C1810101818181C1895FFFF6D285450A7
:20A5C00099BD9D9D5850282899BD9D9D9D785858543054502C282C502C6D92AFAFAFAFAF10
:20A5E000AFAFAFAFAFCFCFD3D3D3D3D3D3D3D7DBFFFFFFFFFFFFFFFFFBFBFBDBD3B3AFAF33
:20A6000021212145454545454245466666668B8BAFD7FFFFFFFFFFFFFFFFFBFBDBD7D7D399
:20A62000D3CFCFCFCFD3CFCFD3D3D3D3D3D3CFCFCFCFCFD3D3D3D7D7D7D7DBB30000010138
:20A64000012101212121210100000000000000002145498E8FB3B3D3D3AFAFAFAFAB878705
:20A660008787878787878787878787878787878787878787878787878787878787878787FA
:20A68000878767678BD7DBFEDEDEBDBD9D9D9D7C181C1CDEFFFFFF75181C3C3C3C3C18142A
:20A6A00014141C3C3C3C3C3C3C183C3C3C3C181C3C181010181C181C54FFFF962858504DD1
:20A6C000999D9DBD9D30280404999D9D9D7C7C5858785854302C504D10B7ABAFAFAFAFAFDB
:20A6E000AFAFAFAFCFD3D3D3D3D3D3D3D3D7D7DBFBFFFFFFFFFFFFFBFBDBD7D7AFAFAFAF7E
:20A700002121212145454545454546464666668B8BAFAFD3D7FFFFFFFFFFFFFFFFDBD7D7DA
:20A72000D7D3D3D3CFD3D3D3D3D3D3D3CFCFD3CFCFCFCFCFD3D3D3D7D7D7DB8E0000212110
:20A74000212101000000000000000021496A8EB3B3D3D3CFAFAFAB8B8787878BAFAFAFAB0D
:20A760008787878B8B878787878787878787878787878787878787878787878787878787F1
:20A780008767ABD7FFFEBDBDBDBDBD9D9D9D9D58181C1CFFFFFFFF581814183C3C3C3C18DF
:20A7A00014141418181C3C3C3C183C3C3C3C181C3C181010183C1418BAFFFF2C549D99952A
:20A7C000999D9DBD9D7850240000509D9D7878787C7854503030713071AFAFAFAFAFAFAF9B
:20A7E000AFAFCFD3D3D3D3D3D3D3D3D7D7D7D7DBFBFFFFFFFBFBDBD7D7D7AFAFAFAFAF8B19
:20A8000021212121214545454545454646466666668B8BAFAFD7FFFFFFFFFFFFFFFFD7D700
:20A82000D7D7D7D3D3D3D3D3D3D3CFCFCFCFCFCFCFCFCFD3D3D3D3D3D3D7D76A000001007C
:20A8400000000000000021496A8FB3B3D3D3CFAFAFAB8B8BABAB8B8B8BAB8B8BABAFD3CFE7
:20A86000AB87878B8B8B8B87878787878787878787878787878787878787878787878787C4
:20A8800087D3FFFEBDBDBDBDBDBDBD9D7C587C18181C3CFFFFFFFF3C1C1410183C3C3C3C41
:20A8A0001C1414141414181C1C143C3C3C3C1C3C3C181010143C1858FFFF962CBDDE9999AB
:20A8C00099757C9DBD7C542C2804042C5454547878585450282C7571AFABAFAFAFAFAFAFA6
:20A8E000AFCFD3D3D3D3D3D3D3D3D7D7D7D7D7D7D7DBFBFBD7D3D3D3AFAFAFAF8B8B8B8B58
:20A900002121212121212145454545454646466666668B8B8BAFDBFFFFFFFFFFFFFFFBD7FD
:20A92000DBD7D7D7D7D3D3D3D3CFD3D3CFCFCFCFCFD3D3D3D3D3D3D3D3D7D7490000000085
:20A94000002021498EB3B3D3CFAFAFAB8B8B8B8BABABABABABAFAFAFABABABABABAFD3D392
:20A96000D3AFABABAB8B8B8B8787878787878787878787878787878787878787878787ABE7
:20A98000DBFFDEBDBDBDBDBDBDBD9D7C78547814181C58FFFFFFFF3C1C18141014181C3CC3
:20A9A0001C1C18141414141418183C3C3C3C3C3C3C1C1010143C1875FFFF7154BDDE999966
:20A9C000785054789D7C5850302C282830302C2828282804002892AFAFAFAFAFAFAFAFAF65
:20A9E000CFCFCFCFCFD3D3D3D3D3D3D3D3D3D3D3D3D7D7D3D3CFCFAFAFAFAFAF8B8B8BAFBB
:20AA0000212121212121212145454545464646464666668B8B8BAFD7D7FBFFFFFFFFFFFB01
:20AA2000DBD7D7D7D3D3D3D3D3D3D3D3D3CFCFCFCFD3D3D3D3D3D3D3D3DBD7250021496ACC
:20AA40008FB3D3D3CFAFAB8B878787878B8B8B8BABABABABABAFD3D3AFABABABABABAFD3DE
:20AA6000D7D7D7D3AFABABAB8B878787878787878787878787878787878787878787AFFF82
:20AA8000FEBDBDBDBDBDBDBDBDBD9D7854305410141C58FFFFFFFF1818181818100C1014DA
:20AAA0001818181814141414141C3C3C3C3C3C3C3C3C1410143C1895FFFF2C58BDBD5475F0
:20AAC0005050545458787878785854789D5004040000000430B6AFAFAFAFAFAFAFAFAFAF1D
:20AAE000CFCFCFCFCFCFD3D3D3D3D3D3D3D3D3D3D3D3D3D3CFAFAFAFAFAF8F8B8B668B8F93
:20AB000045452121212121454549494545454666466666668B8BAFAFAFD3FBFFFFDBD3D783
:20AB2000FBFBDBD3D3D3D3D3D3D3CFCFCFCFCFCFD3D3D3D3D3D3CFD3D3DBD7B2B3B3D3D7CA
:20AB4000D3D3D3CFABAB8B8B8B8B8B8B8B8BAB8BABABABABABABCFCFABABABABABABABCFAD
:20AB6000D7D7D7D7D3AFAFAFAB8B8787878B8B8B87878B8B8B8B8B878787878787CFFFDE92
:20AB8000BDBDBDBDBDBDBDBDBD9D7C58302C5010141818DADBDBDB581818181414100C0C44
:20ABA0000C10141414141410101C1C3C3C3C3C3C3C3C1810143C1899FFDB50589D9D545090
:20ABC000505058545878787858787C9D9D3028282828282C99DBAFAFAFAFCFCFCFAFAFAF15
:20ABE000AFAFCFCFCFCFD3D3D3D3D3D3D3D3D3D3D3D3D3D3D3CFCFAFAFAF8B8B8B8FB3D7F9
:20AC00004545212121212121214545454545464646466666668A8BAFAFAFB3D7D3D3AFAF70
:20AC2000AFD3D7DBD7D3CFAFCFD3CFAFAFCFCFCFCFCFCFCFCFCFCFCFD7DBD7D7D3CFCFAF84
:20AC4000CFD3D3D3CFAFABABAB8BABABABABABABABABABABABAFD3D3AFAB8BABABABABABB8
:20AC6000CFD3D3D3D3D3AFABAB8B8B8B8B8B8B8B8B8B8B8B8B8B8B8B8B878787D3FFDEBD2F
:20AC8000BDBDBDBDBDBDBD9D9D7858502C282C2C0C1010718E6D6A4D1010101010101010B4
:20ACA0000C0C0C101010100C10141818181C3C3C3C3C3C14101C1899FFDF50587C7850288D
:20ACC00050545858587858587C9D7C9D782C303030302C50FEFFFBCFAFCFD3D3D3CFAFAFA3
:20ACE000AFAFAFD3D3D3D3D3D3D3D3D3D3D3D3D7D7D3D3D3D3D7D3CFAFAFAFB3D7B78F6AA9
:20AD000021212121212121456D492145454545464666466A6A668BAF8B8BAFAF8BAFAF8B88
:20AD20008B8B8BAFD3D7D7D3AFAFAFAFAFAFAFAFAFAFAFAFAFCFD3D3D3D3D3D3D3CFAFCFAB
:20AD4000CFCFD3D3CFAFAFABABABABABABABABABABABABABABABAFCFCFAFABABABABAB8B9F
:20AD6000ABABAFD3D3D3D3AFAB8B8B8B8B8B8B8B8B8B8B8B8B8B8B8B8B8787D7FFDEBDBD3C
:20AD8000BDBDBDBDBDBD9D9D78585030303028280C0C0C286969694928080C0C10101010B3
:20ADA0000C0C0C0C0C0C100C101014141C3C3C3C3C3C3C1C14181C99FFDA2C5478785028A5
:20ADC000505478785458787C75BD9D9D502C30505050505479DEFEFFDBD7D3D3D3D3AFAFE3
:20ADE000AFCFD3D3D3D3D3D3D3D3D3D3D3D7D7D7D7D7D7FBFBDBD7D3D7DBD7B38E66464584
:20AE0000212121212121212149452121454545454646666A6A668B8B8B8B8B8B8B8B8B8BAC
:20AE20008B8B8B8B8BAFB3D7D7D3CFAFAFAFAFAFAFAFAFAFAFAFAFCFCFD3D3D3D3D3CFCF1A
:20AE4000CFD3D3D3CFCFAFAFABABABABABABAFAFAFABABABABABABABABABABAFAFABABAB92
:20AE60008BABABABCFD3D3CFAFAFABAB8B8B8B8B8B8B8B8B8B8B8B8B87ABDBFFDEBDBDBDA9
:20AE8000BDBDBD9D9D9D7C785450302C50542C2828080C08246A6969490808080C0C0C0C83
:20AEA0000C100C0C0C0C0C0C1010143C3C3C3C3C3C3C3C3C1C181C79DBDF7530787854284A
:20AEC0002C5075542C2C50752C50BD9D502C30303050500C507579FFFFFFFBD7D3D3CFCF31
:20AEE000D3D3D7D7D3D3D3D3D3D3D7D7D7D7DBFBFBFBFBFFFFFFFBFBDBB38A464646454582
:20AF00002121212121212121212121454545464545464666466A6A8A8A8A8B8B8B8B8B6660
:20AF20006666668B8B8B8B8BAFB3D7D7D3AFAFAFCFAFAFAFAFAFAFAFD3D3D3D3D3D3D3CF0C
:20AF4000CFCFCFCFCFCFAFAFABABABABABAFAFAFAFAFAFABABABABABABABABABAFABABAB95
:20AF6000ABABABABAFAFAFAFAFCFD3CFAFAB8B8BABABABABAB8B8B8BAFFBFFDEBDBDBDBD66
:20AF8000BD9D9D9D7C585454302C305458502C2C2C080808084969696A490C080808080C6F
:20AFA0000C0C0C0C0C0C0810141C3C3C3C3C3C3C3C3C3C3C3C1C3C58FFFFFF505878542C20
:20AFC0002850505050303050502850502C2C50504D2C0808105014BABA58FFFFD7D3D7D72A
:20AFE000D7D7D7D7D3D3D3D3D7D7D7D7DBFBFBFFFFFFFFFFFFFFFBB38B6646464645454246
:20B000002121212121212121212121214545454546464646666A6A6A6A6A8B8B8A6A666A26
:20B020006A6A668E8F66666666668BB3D7D7D3CFAFAFAFAFAFAFABAFAFCFCFCFD3D3D3CF55
:20B04000AFAFAFCFCFCFAFAFAFAFAFAFAFAFAFAFAFAFAFAFAFAFABABABABABABABABABABD8
:20B06000ABABABABABABAFAFABAFAFAFCFCFAFABABABABABAB8BABD7FFFEBDBDBDBDBDBDF1
:20B080009D7C7858545050303050545450302C2C4D49240808082445454524080808040896
:20B0A000080C0C0C0C0C1014181C3C3C3C3C3C3C3C3C3C3C3C3C3C1CBAFFFFBA5878543006
:20B0C000282850507878504D50282828282C504D280808080C101054181475FFFFD7D7D756
:20B0E000D3D3D3D3D3D3D3D3D3D7D7FBFFFFFFFFFFFFFFFFFFFFD78B666A66464545466A2E
:20B100002121212121212121212121212145454546454646466A6A6A6A6A8A8A8A8A6A6A48
:20B12000666A6A6A6A6A6666666666668BAFB3D7D3B3AFAFAFD7CFAFAFAFAFAFCFD3CFCF8B
:20B14000AFAFAFAFAFCFD3AFAFAFAFAFAFAFAFAFAFAFAFAFAFAFAFAFABABABABAFABABABE7
:20B16000ABABABABABABABABABABABABABAFD3CFABABAB8B8BD3FFFEDEBDBDBDBDBDBD9DFF
:20B18000785854503030303050505050302C718FABAB8B450808080445454524040808088E
:20B1A000080808080C101010101414181C3C3C3C3C3C3C3C3C3C3C1C58FFFFFF9558542C91
:20B1C00028285050505458544D49282828504D28080808080C0C0C1014181475FFFFD7D3AB
:20B1E000D3D3D3D3D3D3D3D3D3D7DBFFFFFFFFFFFFFFFFFFFFFBAF8A6646464645468E9225
:20B200002121212121452121212121212121454545464646666A6A6A6A6A6A6A6A6A6A6AA7
:20B220006A6A6A6A6A6A6666666666668E8A668BB3DBD3D7D3DADAD3D3D7AFAFAFAFAFAFCF
:20B24000AFAFAFAFAFCFD3CFAFAFAFAFAFAFAFAFAFAFAFAFAFAFAFAFAFABABABAFAFABABBE
:20B26000ABABABABABABABABABABABABABABABCFCFABABABD7FEDEBDBDBDBDBDBDBD7C5878
:20B28000545030303030305030303030506AABABABABABAB6A280404454966666A4904089B
:20B2A00004040408080C101010141414181C3C3C3C3C3C3C3C3C3C3C1CBAFFFFFF755430A2
:20B2C0002804285054542C2C50502C28284D24080808080C100C0C101418141458FFFFD35C
:20B2E000D3D3D3D3D3D3D3D7DBFBFFFFFFFFFFFFFFFFFBD3B38F8A664646464545454945B5
:20B3000021494921212121454545212121454545454545466666666A6A6A6A6A6A6A6A6AF4
:20B320006A6A6A6A6A6A6A6A6A4666B6DB8A668EBA8F96DEDB99DAD7D7DBDBAFCFCFAFAF7E
:20B34000AFAFAFAFAFAFAFCFCFAFAFAFAFAFAFAFAFAFAFAFAFAFAFAFAFAFAFAFAFAFABABD5
:20B36000ABABABABABABABABABABABABABABABABAFAFAFD7FFFEDEBDBDBD9D9D9D9D54500F
:20B38000503030305050505050504D6D8FABABABABABABABAB8B8BABABABABABAB8A0404A2
:20B3A0000404040404040C10183C3C3C1C1C3C3C3C3C3C3C3C3C3C3C3C3CDFFFFFDA50304E
:20B3C0002C28042C5078752C28282828494908080808080C100C0C10141410141458FFFB30
:20B3E000D3D3D3D3D3D7D7DBDBD7D7FFFFFFFFFBFFD7AF8F8F8A664646464545454521216A
:20B40000216991692121212145454545454545454545454546666666666A6A6A6A6A6A6A24
:20B420006A6A6A6A6A6A92928E8FBADEDEB6BA7599DEDEBA503099FFFBDFBDD7D3D3CFAF3B
:20B44000AFAFD3DBD7AFAFAFAFCFAFAFCFCFAFAFAFAFAFAFAFAFAFAFAFAFAFAFAFAFAFAB38
:20B46000AFAFAFAFAFABABABABABABABABABABABABD3DBFEDEBDBDBDBD9D9D7C9D543030D8
:20B48000303030504D716D6D8E8E8BABABABABABABABABABABABABABABABABABAB6A08080D
:20B4A00004040804040808080C10183C3C3C3C3C3C3C3C3C3C3C3C3C3C3C58FFFFFFBA3065
:20B4C00030280428282C2C502C040449490808080808080C1010101014141010141458FF0F
:20B4E000DBD3D7D7D7D7AF8F8B8BAFD7FFFFD7B3B38F8B6A8A66664645454545454521212D
:20B5000021214949214545212121454545454545454545464646666A6A6A6A6A6A6A6A6AEA
:20B520006A6A6A9292DBFEFEDE9999BA99502C50997554302C2899FEFEBA54DEDBDBD3CFE4
:20B54000AFAFD3FFDBAFAFAFAFAFAFCFD3D3D3D3CFCFCFAFAFAFAFAFAFAFAFAFAFAFAFAF5B
:20B56000AFAFAFAFAFAFAFAFAFABABABABABABD3DBFEDEBDBDBDBDBD9D9D9D787830303010
:20B5800050716E8EAFAFABABABABABABABABABABABABABABABABABABABABABABAB490808DA
:20B5A0000404080804080C0C0C0C0C1014183C3C3C3C3C3C3C3C3C3C3C3C1C79FFFFFF91FC
:20B5C0002828040404042428282449490808080808080C0C1010101014140C101414147960
:20B5E000FFD7AFAF8B666666668B8FAFB3B38F8F8F8A6A666A6A464545454545454521217F
:20B6000021212121216D71452121214545454546464646464646666A666A6A6A6A6A6A6EE1
:20B620006AB6BADABDBDBA752C2C502C28042C2C282C2C280450BABA752C2899D7DBDBD71F
:20B64000D7D3AFD3AFAFAFAFAFAFAFCFD3D7D7D3D3D3CFCFCFAFAFAFAFAFAFAFAFAFAFAF3A
:20B66000AFAFAFAFAFAFAFAFAFAFABABABCFDBFFFEDEBDBDBDBDBD9D9D9D9D7830304D8E96
:20B68000AFABABABABABABABABABABABABABABABABABABABABABABABABABABAF8B0808084B
:20B6A0000404080C08040814181814141010141818183C3C3C3C3C3C3C3C3C1CBAFFFFFF83
:20B6C00071042824454949494549240808080808080C0C0C0C10101014100C1014141414B7
:20B6E000DEDB666666666666668A8B8B8F8F8A8A8A6A666A6A66464545454945212121213A
:20B700004945452121494921212145454545454546466666666A6A6A666A6A6A6A8E8EB6A5
:20B72000BADE787850502C28042828280004282828282804042C2C2804042899BADEDBDBA6
:20B74000DBD7D7D7D3AFAFAFAFAFCFD3D3D7D7D7D7D3D3D3CFCFCFAFAFAFAFAFAFAFAFAF6D
:20B76000AFAFAFAFAFAFAFAFAFAFABCFDBFEDEDEBDBDBDBDBDBD9D9D9D9D9D7C306DAFAFEE
:20B78000ABABABABABABABAFAFAFCFAFABABAFABABABABABABABABABABABABAB490808085C
:20B7A0000404080C0C080408141C181C181814141414181818181C1C3C3C3C3C1CBADBDA56
:20B7C000B68E69694949494924280808080808080C0C0C0C0C101010100C0C1014101414C3
:20B7E00058FFB366666646668E8A66668A8A6A6A8A6A66666646454545456D4921212121DB
:20B800004949452121454545454545454545456A8E6A6A6A6A6A6A6A6A6A6A6A6A92BADE43
:20B820009D502C2C282C2C28282C302828302C282828280004040404000028BDDEDE999968
:20B840008E8BAFAFD3D7D7D3D3CFCFD3D7D7D7D7D7D7D7D7D3D3CFCFCFCFCFCFCFCFAFAFA5
:20B86000AFAFAFAFAFAFAFAFAFAFB3BDBD7C9D9D7C78BDBD9D9D9D9D9D9D9D7C50AFAFAF7D
:20B88000AFAFAFAFABAFAFAFCFD3D3CFAFAFAFAFAFAFAFAFABAFAFAFAFAFAFAF24080808C8
:20B8A000080408082810080408141C1C3C3C3C3C1C1C1C1C1818181414141818181899B641
:20B8C000B6B66A6949492808080808080808080C0C0C0C0C0C0C1010100C0C101010101043
:20B8E00014BAFFAF6646466A6A46666A6A6A6A6A6A6A464646454545212145452121212183
:20B900006649452145454949454545494545456EDFDFB6926A6A6A6A6A6A8E928EDBFE9503
:20B92000280404282C2C282C5050302C5028285028280400280404040404509971280C6D8C
:20B940008B8B8B8B8B8BAFD3D7D7D7D7D7D7D7DBFBFBFFFBD7D7D7D3D3D3D3D3D3D3CFCF8F
:20B96000CFCFAFAFAFAFAFAFAFAF995878587C9D78547C9D9D9D787C587CBD7C54AFAFAF56
:20B98000AFAFAFAFAFAFAFAFAFCFCFCFCFCFCFCFCFCFAFAFAFCFD3D7D7D7D7B30C08080857
:20B9A0000808080849101008080C141C3C3C3C3C3C3C3C3C3C3C1C18141414141414149505
:20B9C00092954D280808080808080808080C0C0C0C0C0C0C0C0C0C100C0810101010101087
:20B9E0001414FFFF6A424646464646666A6A66666646454545452121212121212121212107
:20BA00004945454545494545454549494545496A92B6DFDBDA926A6D6A6A6EB6BABADE2CE2
:20BA20000404042828042C5050502C502C285050302C04502C042C28040404040004498EFB
:20BA40008B668B8B8B8B8B8B8BAFB3D3D7DBFBFBFBFFFFFFFFFFFFDBD3D3D7D7D7D3D3D3D7
:20BA6000D3CFCFCFCFCFAFAFAFAF75545854789D54547C9D7C585854549DBD9D54AFAFAFB5
:20BA8000AFAFAFAFAFAFAFAFAFAFAFAFAFCFD3CFCFCFCFCFD3D3D7D7D7D7D7920C08080887
:20BAA00008080808492C1810080C0C14183C3C3C3C3C3C3C3C3C3C3C3C1818141410101421
:20BAC0001414100C0C0C0808080808080C0C0C0C0C0C0C0C0C0C0C0C080C10100C101010DA
:20BAE000101095FFFB4642464645454666666A6A664545454545212121212121212121210A
:20BB0000494949454945454549454945454949496A696E92B6966D6D6D6D6A8EDE50502840
:20BB2000040004040428282C502C2C2C30505050502C2C502C285030302C04042C99B28F4F
:20BB4000926666666666668B8B8B8B8B8BAFD3D7FBFFFFFFFFFFFFFFD7D7FBFFFBD7D7D33C
:20BB6000D3CFCFCFCFCFAFAFAFAF95547C547C9D54549D9D7C502C30589DBD9D548FAFAFBF
:20BB8000AFAFAFAFAFAFAFAFAFAFAFAFAFCFCFCFCFD3D3D3D7D7D7D7D7D7D771100C080C8B
:20BBA000100C08084949141C0C0C101014181C3C3C3C3C3C3C3C3C3C3C3C3C1C18141418D3
:20BBC000181818140C08080808080808080C0C0C0C0C0C080C080C08080C0C080C10100CE5
:20BBE0000C1075DEFFDB464242454545466A496D6A454545454521452121212121212121CC
:20BC000071714945454521214549494949454949494949696A6D69696D6D8E8EDA7504046E
:20BC20000400000004042828040404282C302C2C2C282C2804040428282804287199FEB7A9
:20BC40006A6666666666668B8B8B8B8B8B8B8BABD3FFFFFFFFFFFFFFFBFBFFFFFFFFFBD783
:20BC6000D3D3CFCFCFAFAFAFAFAF78587C5478BD78587C9D7828240458BD9D5430AFAFAF7D
:20BC8000AFAFAFAFAFAFAFAFAFAFAFAFAFCFCFCFCFD3D3D7D7D7D7D7D7D7D72C14100810BF
:20BCA00018140C0849490C1C180C1014101414183C3C3C3C3C3C3C3C3C3C3C1C1C1C1818DA
:20BCC000181414140C08080808080808080C0C0C0C0C0808080808080808080C10100C0CFC
:20BCE0000C105458BAFFB621454545454649466D694545454545212121212121212121218A
:20BD00004D4D4945452121494D456D4945454949494949496A6A6A696D6E96DEBD75040473
:20BD200000000000040400000000042830302828040404000000040400042804002875DA64
:20BD40006A42464646666666666666668B8B8B8BAFD3D7D7FBFFFFFBFBFFFFFFFFFFFFFB5B
:20BD6000D3D3D3CFCFCFCFAFAFB278587854789D78787C9D780825509D9D58508EAFAFCFB2
:20BD8000CFCFAFAFAFAFAFAFAFAFAFAFCFCFCFCFCFCFD3D3D7D7D7D7D7D7B60C1C14080C9F
:20BDA0001818142C6A4928143C18101014141414181C3C3C3C3C3C1C18181818181814142C
:20BDC00014101010100C080C0808080808080C0C0C0C08080808080808080C100C08080C0B
:20BDE0000C10141495FFFF8E214521454646456D6945454521212121212121212121212110
:20BE00004D4D494D4D2521454945494945494949494949696D6D69719292BA992C042828EB
:20BE2000000000040400000400042828040404040000000000040400040428712C30958E6A
:20BE40008A4646466A6A66666666666666678B8B8BAFAFAFCFD3D3D3D7FFFFFFFFFFFFFFBB
:20BE6000FBFBDBD7D3D3D3CFCF9258547854589D78787C9D582C307C9D78508FCFCFCFCF9B
:20BE8000CFCFCFCFCFCFCFCFCFCFCFCFCFCFCFCFCFCFD3D3D3D7D7D7D7D7710C1C18080CA3
:20BEA000181875B66E4928103C3C1810141414141414181C3C3C3C3C18181414141410105C
:20BEC00010101010100C0C080C0C0C0808080C0C0C08080808040408080C0C080808080C16
:20BEE0001010101095FFFFFF662145454545454645452121212121212121212121212145CE
:20BF00006D4D497175496D4945454545454949494949496A6A717171BA99993004000404DB
:20BF2000040000040400040404040404000004042828282828305030282850DEDA759246B8
:20BF4000666A46466646464666666666666666668B8BAFAFAFAFAFAFD3D7FBFFFFFFFFFB51
:20BF6000D7D7D7D7DBDBDBD7D7D74D305854789D545878585450785854308ECFCFCFCFCF04
:20BF8000CFCFCFCFCFCFCFCFCFCFCFCFCFCFCFCFCFD3D3D3D3D7D7D7D7D7100C181C0C08FF
:20BFA00014BADBDB926A280C143C3C1C141414141414141418183C3C3C1C1818141010140D
:20BFC000141410101014140C0C0C0C0C0808080C08080808040408080808040408080C1005
:20BFE0001010101095FFFFFFDB2121454545454545212121212121212121212121212121C5
:020000040035C5
:20A0000049494545496995494545454545494949494949496D71756D9199300400000428F2
:20A02000280000000004042828282828040428509999999D9D9D7C785878789DFF926A66CC
:20A0400066666666464646464646666666666666668B8B8B8B8B8BAFAFAFD3D7DBDBFBD37D
:20A06000AFAFAFAFAFAFD3B3B3D3D3B34D2C54542C282C2C2C507C54306DAFAFCFD3D3D7D4
:20A08000D7D3D3CFCFCFCFCFCFCFCFCFCFCFCFD3D3D3D3D3D7DBFBDBD7BA140C1C1C1008E7
:20A0A0004DFFDBDBB68E280C0C3C3C3C1C18141414141410141414181C3C3C1C1814141862
:20A0C00018181414141414140C08080C080808080808080404040404040808080C0C101010
:20A0E000100C101096DFDFDEFF6A21454545212121212121212145212121214949212121D3
:20A10000494525254549926D494949714949496D4949496D6D95756D6D717550000004046F
:20A1200000000000040404042828040028789D9DBDDEDEBDBD9D9D7C7C7C7C7CFED74666C7
:20A1400066464646666666464646464666666666668A8B8B8B8B8B8B8BAFAFCFCFAFAFAFD9
:20A16000AF8B8B8B8B8B8B8B8B8B8BABAF8F6E2C2C2C244D6D50585495D7D7D7D7D7FBFF4B
:20A18000FFDBD7D3D3D3D3D3D3D3D3CFCFCFD3D3D3D3D3D7DBFFFFFFFF791408183C140837
:20A1A00049DBFFDBDB910C0C0C143C1C3C3C1C18141414101010101014141818181C1818B1
:20A1C0001818141414141414100C080C08080808080808040404080808080C0C0C100C10F3
:20A1E00010101071B6B69599FFFF8E212121212121212145454545212121456E692121219A
:20A20000454545496D6D91717171757C714D4D4D4D4D497191917171716D95280000040424
:20A22000000004040428282C2C040404549D9D9DBDBDBDBDBD9D9D7C7878789DFFFF8E46F5
:20A24000666666466666664646466A4646666666666A8A8A8A8B8B8B8B8B8BAFAF8B8BAF87
:20A26000B78B8B8B8B8B8B8B8B8B8B8B8BAFAFAF8F8B8BAFAF8E5071CFD3D3D3D3D7FFFF54
:20A28000FFFFDBD7D7D7D7D7D7D7D7D7D7D7D7D7D7D7D7D7FBFFFFFF791C1408183C1C0C79
:20A2A000286EDBDF79140C0C0C103C18143C3C3C181414101010101010101014181818183D
:20A2C000181814141414141414100C080808080808042104040408080808080808080808F5
:20A2E0000C0C71B6B6B77558BABDFEB745214545454545452121252125212121212121251D
:20A300006A49454D9691505071719999794D4D7171717171926D6A91756D5004000004049D
:20A320000404040428282C282C280404509D9D9D9DBDBDBDBDBD9D7C7C7C7C9DDEFFFF6A28
:20A34000666666666666664646666A66464666666A6A6A6A6A8A8A8A8B8B8B8B8B8B8B8B11
:20A360008F8B8A8A8A8A8A8B8B8B8B8B8B8B8B8B8B8B8B8B8BAF8B8BAF8B8B8BABCFFBFFEE
:20A38000FFFBCFAFAFAFAFAFAFAFAFAFAFAFAFAFAFAFAFB3D7FFFF99183C1408183C3C14CF
:20A3A0002C6A8E581C18100C0C0C183C10141C3C3C3C181410101010101010101014181475
:20A3C000141414141414141410100C0808080808084546452404080808080808080808043D
:20A3E00024496E92B6961014587C7CDEDB8E454521454521212121212121212121212145E3
:20A40000928E6E6E92714D49454571714D4D4D7171717871696D6D6D6D714D4D04040404E0
:20A420000404042828040404282828042C787C7C9DBDBDBDBD9D9D9D7C7C9D9D7CFEFF92F7
:20A44000666A6666664666466666666666666A6A6A6A6A6A6A6A6A6A6A8A8A8A8A8A8A8A50
:20A460008A6A6A6A6A8A8A8A8A66668B8B8B8B8B8B8B8B8B8B8B8B8BAF8B8B8B8BAFD3FB4F
:20A48000FBD7AF8B8B8B8B8B8B8B8B8B8B8B8B8B8B8B8BAFAFD7DA10183C140C143C3C1854
:20A4A0002C6A4D143C3C140C0C0C0C1C181010183C3C3C18141010101010101010101010ED
:20A4C00010101010101010100C0808080808080845464545422124242404040424244549F2
:20A4E0004949496A6D50101414585858BDFEB22121212121212121212121214545452149E8
:20A500008E8E9292928E6949454545454949494D7171717149496D96966D6E4D00000404CE
:20A520000404042804040404282828282C50787C7C9DBDBDBDBDBD9D9D9D787878712C6DB4
:20A54000666666666666666646666666666666666A6A6A6A6A6A6A666A6A6A6A8A6A6A6AFF
:20A560006A6A6A6A6A6A6A6A6A666A668B8A8A8A8A668A8A8B8B8B8B8B8B8B8B8B8BAFAFF2
:20A58000AFAF8B8B8B8B8B8F8B8B8B8B8B8B8B8B8B8B8B8B8BD7581018180C0C101C3C79A0
:20A5A000B66E6D0C183C3C140C0C0C143C14101014181C1C1C1814101010100C0C0C0C0C8A
:20A5C0000C0C0C0C0C0C0C0808080808080804454545454542214545494545454949494969
:20A5E00049494949280C10102830507C7C7CDE92212121212125252145454545494545451B
:20A60000928E9292929292928E6E69494545454949496D714D6DB692926E6D4904000004B8
:20A6200004040404040404040404042828507C7C7C9DBD712C5050507554505850002C6A9C
:20A6400046466646464666666666666A6A6A6A6A6A6A6A6A6A6A6A6A6A6A6A6A6A6A6A6A86
:20A660006A6A6A6A6A6A6A6A6A6A6A6A8A8A6A6A6A6A6A6A6A8A8A8B8B8A8A8A8A8B8B8BF5
:20A680008B8B8B8B8B66668F8E6666666666668B8A8A8B8B8B99180C181008080C10DEFF88
:20A6A000FF926D2C10183C3C100C0C0C183C14100C0C14181C1C181810100C0C0C0C0C0C10
:20A6C0000C080808080808080808080808084546454545424545214545454545454949454A
:20A6E000452404080C0C0C080428589D9D7C7CDE6A2121212145454549454545454545453C
:20A700006E8E929292929292929292928E6A494946496A6A4D698E8E9291716D490000047C
:20A7200000000404040404040404040428787C7C7C992C040428040000042C782400716641
:20A74000466666666646666646666A6A6A6A6A6A6A6A6A6A6A6A6A6A6A6A6A6A6A6A6A6A41
:20A760006A6A6A6A6A6A6A6A6A6A6A6A6A6A6A6A6A6A6A6A6A6A8A8A8A8A8A8A8A8A8A8A59
:20A780008A8A8A66666666666666666666666666668A66669279181014180C08080CB6FFF5
:20A7A000FFDB8E2C0C10101C3C140C0C103C1C100C0C0C0C101818181814100C0C0C0C08E1
:20A7C000080808080808080808080808284546454545454545454545424524080404040832
:20A7E00008080808080808040430587C9D9D7C9DDF4645424245494945452121454545451D
:20A8000021456A8E92929292929292B6B6B692926E6949496D6D6A6A7195BA929524000470
:20A82000000000040404040404040404547C7C7C7C505050302804040428309D9650FE8EF5
:20A84000466A6A6A666A6A6666466A6A6A6A6A6A6A6A6A6A6A6A6A6A6A6A6A6A6A6A6A6A0C
:20A860006A6A6A6A6A6A6A6A6A6A6A6A6A6A6A6A6A6A6A6A6A6A6A6A6A6A6A8A6A6A6A667C
:20A8800066666666666A6A66666666666666666666666649141818100C1C3C1008084DB6FA
:20A8A000FFFF750C0C141010183C180C0C143C1810100C0C080C101418141414100C0808FD
:20A8C0000808080808080808080808244946464545454545454545454521212408040408F7
:20A8E00008080808080428282830587C9D9D9D7CBDDB46424245454545212121454545496C
:20A9000021012121496A929292929292B6B6B6B6B692928E6E6D6A6D6D8EB2BABD7100002D
:20A92000000000042C2404040404042C787C7C7C78543028492404282850589DBDDFFFDBF7
:20A940006A666969696D6D6A4646466666666A6A6A6E6A6A6E8E6E9292928E6A8E6A6A8E1C
:20A960006A6A6A6A6A6A6A6A6A6A6A6A6A6A6A6A6A6A6A8A8A6A8A8A6A6A6A6A6A6A6A6A17
:20A980006A6A6A6666666666666A6A6A6A6A6A6A6A666A10100C0C0C08103C3C100824499C
:20A9A000B6791C140C14140C0C143C1810101C3C1410100C0C08080C1014141414100C0C1C
:20A9C00008080C0C0C0C0C0C0808496A6A664646464545464545454545454545254924240C
:20A9E0002408080428282828283054787C9D9D7C7CFEB32145212121454549494949494DEF
:20AA000021212121212121496A8E92B6B6B6B6B6B6B6B6B6B6B6928E8E8E6A75BDDE2400D0
:20AA200000000450505075300404042C7C7C7C7C9D78545050542C2C589D7C7C9DDEFFFF3A
:20AA40006D496D6D696D696A49666A6A6A666666666A6A6A6D6A6E92B692928EB69292B62B
:20AA6000928E8E6A6A6A6A6A6A6A6A6A6A6A6A6A6A8E9292B6B6B6B6B6928E6A6A6A6A6AEA
:20AA80006A6A6666666A6A6A6A6A6A6A6A6A6A6A668FB695757571501010141418140C4572
:20AAA00045101C3C1410180C0C0C103C1C10141C18141010100C0808080C0C1014141410ED
:20AAC00010101010100C0C080469926A6A664646454545454545454545454549458EB68EEA
:20AAE0006A24282828282828283054587C9D9D7C787CDE6A2121212121494D5049454949BB
:20AB000021212121212121212145496E92B6B6B6B6B6B6B6B6B6B6B6B6B6927195BA71007D
:20AB200000002C50542C50583004042C7C7C7C9DBDBDBD9D7C5854789D9D9D7C7CBDDEFF1F
:20AB40006D49696D6A696D6D6A6A696A6D6A6A6A6A6A6D696A6A6E716D92B692B69292B636
:20AB60008E8E926A6A6A6A6A6A6A6A6A6A6A6A6A6A8E92B6FFFFDEFEFFDF926A6A6A6A6A29
:20AB80006A6A666A6A6A6A6A6A6A66666A66466AB6BA79583C1C3C3C1C1C1C181875756D5D
:20ABA00045040C3C3C1414100C0C0C101C1C10143C18101010100C0C080808080C101010F8
:20ABC00010100C0808080808498E8E6A4646464645454545454545454545454545456A49C1
:20ABE000454524282828282C282C50587C9D9D7C7C787CBA45214549454549494945254977
:20AC000021454921212121212121212149496A8E92B6B6B6B6B6B6B6B6B6B6B6B6B6B62428
:20AC200000002C589D54042C783004285478787C9D9DBDBD9D7C7C7C7C78789D9D9D9D999D
:20AC40006E49696D6A6DBA999671696D716E6E91716A6D696D6D6D6D6D6A6E8EB692928EE2
:20AC60006E8E6E8E6A8E6A8E6A6A6A6A8E8E8E8E8E9292B6DFDFB6DFFFDE926A6A6A6A6AD0
:20AC80006A6A6A6A6A6A6A6A6A6A6A6A666A8E7958585818585818181879BADEFFDBDBDB2C
:20ACA000DB92240C183C14140C100C080C14181418181410101010100C08080808080C0C1F
:20ACC00008080808080808086D6E6646464646464545454945454545494545454545454939
:20ACE0004945452828282C302C2C5054587C7C7C7C7878BD9225454D5045696D4545494DE8
:20AD000021454521212121212121212121212145456A6E92B6B6B6B6B6B6B6B6B6DBDF7177
:20AD200000002878782C2828757C280428505458585878787878787C7858587550305095B8
:20AD40006A6A69716D919692716D6A6A696D6D716E6A6D6D6D6A6D716A6D6D959571917171
:20AD60006E6A6E6A6A6A6A6A6A6A6A6A8E8E8E6A8E9292BAFFFFDAFFFFDA928E6A6A6A6ADB
:20AD80006A6A6A6A6A6A6A6A6A6A6A6A8EDBFFFEDFDFFFFFFFFFDFDEFFFFFFFFFFFFFFBA2B
:20ADA0007979500808181C1C140C100C0808101818181810101010100C0C0808080808089D
:20ADC00008080808080808286A666A4949496A4946456A6D4545496949454545454945457D
:20ADE0004945452428282C50502C305058787C9D7C787C7CBA4945494D69927149456D96E4
:20AE000021212121454545454521212121212121454545456A6A8EB6B6B6B6B6B6B6B6DB6D
:20AE20009100002C785454502C785004042C50545450507575787878589D542C282C99BAB7
:20AE40006A6A6A6D6D6D699191696A6A6A6D6D6D6D6D716D6D6D75716D716D717171918EBF
:20AE60008E6E6E6E6E6E6A6D716A6A6A6E6A6A6A71929296DADFDADFDEDE8E8E6A6A6A6ACF
:20AE80006A6A6A6A6A6A6A6A6A6A6AB3FFFFFFDE9979585858757999BADEDFDADE99581CB9
:20AEA0001C1C1C180C08143C1C0C0C100C08080C14181818100C0C0C0C0C0C0C0808080876
:20AEC0000808080808080845664949494949694949496D49454949494945454949494545D0
:20AEE00045454549282C2C30503030505458787C7C7C7C7C9D92454949916D454971B6DA67
:20AF00002125212121454545454D714D4945454545454545454945496A6E92B6B6B6B6B629
:20AF2000DB7100002C787C9D7578582C2C5050505050505075787C58789D75302828DADABC
:20AF400071719296496A699595956D496A6D6D6A696D717171919591716D6A6D7171716E52
:20AF60008E6E919595919195716A6A716D6D8E92919191929296929695968E6E6A6A6A6A4F
:20AF80006A6A6A6D6A6A6A6A6A6A92957150100C08040404000404080C1010141C3C3C1C72
:20AFA0001C1C1C3C3C180C143C14080C100C08080810141814100C0C0C0C0C0C0C08080829
:20AFC0000808080808284549464946464649496D49494545454949454949494945454545C3
:20AFE0004545494949282C2C305050505058787C9D9D7C7C7C99714D494D49454571BADA3D
:20B0000045242521214545214999BDBD9975714945454545454545454545496A6A8E92B6EC
:20B02000B6DA7100002850789D785450505050505050505050787C7875505030305075B63A
:20B040006D6D71996E49919991BA916D6D6D6D6969717595996E719975716D6D7175718E98
:20B060008E719195957195957171716D6D6D96DF966E7191959171717171716E6E716A6AEA
:20B080006A6D8E92696A6D6E6A2C0C080000000000204992DBDBDBB6926D4D492C10141822
:20B0A0003C3C3C3C3C3C1C141018140C0C100C0808080C14141410100C0C080808080808C0
:20B0C00008080808496A666A49464646496D4D718E6D49454549454545454D4D4949452181
:20B0E000454549494528282C2C5050505054587C7C9D9D7C7C9D954949494949494D6D711E
:20B100004D494521454949254999BDBDDEBD9D4D494545494545454549494949496A6A6A7B
:20B120008E96B64D0000282C2C282C755050505050505050507C7C50282C5071714D50BAAA
:20B140006D6D8EB6B68E6D71919975757571716D6D9596969171719171756D6D6D718E8EEB
:20B160007195719599717175759575716E6A6E969596957191716E6E6D7175916A6E6D6D62
:20B18000919692926D6A6D6E490808040000002569B6FFFFFFFFFFFFFFFFFFFFFFB78E498E
:20B1A0000C183C3C3C3C3C3C140C1818100C0C0C0808080C1014141010101010100C0C0C9F
:20B1C000080808498E6A466649494646466D6D8E8E6D4945454D49454545454545494545C9
:20B1E0004549494945492C282C305050305054787C9D9D9D7C9D99494D6D6A6A6D6D6A6E77
:20B200004545214545494545494D757599BD994D494949494545454549494949496A6A6A87
:20B220006E6E929224002830282C3050502C5050502C502C5078782C042C6D919599FEBA2A
:20B2400071758E92929571717175716D75759975759196BA957171719995757171719595C5
:20B26000917171957571716D719975DABA716E71919691716E7171717199BA968E6A6D6D89
:20B280006D8E6E6E6A716D6A2808040000216DDBFFFFDBDBDBFFFFFFFFDBDBDBDBFFFFFF94
:20B2A0006E002C3C3C3C3C1C3C180C141C140C0C0C080808080C101010101010100C0C0864
:20B2C000040404716E6D716946466649494949696D49454545454545494945454545454935
:20B2E000494D4D6D4D4D712C2C2C3050305050587C9D9D9D7C7C9D71496D8E8E9292928E58
:20B30000212121212124252145494949494D4D4949494949494545454949696A6A6A6A698A
:20B320006D6D919992242C545878585030282C50505050502C50752C547878787878BADAEA
:20B34000716D6A6A6D999971696D696A719D9D9D99DE9575756D6D99DE9999997171999914
:20B36000997171999595716D6D7571959995717171716E9292959975719595B696716E716B
:20B380006D696A6A6E716A4D080421496EDBFFDBB6B6B6DBFFFFFFFFFFFFFFDBDBB6B6FFBD
:20B3A000FFB20100103C3C1C1C3C14080C1818141008080808080C10100C0C0C08080808CB
:20B3C00008082C6E4969997146696D6D716D4971916D4545454945454949454545496E71BD
:20B3E000754D4D4D494945492C2C2C3030305054789D9D9D7C7C7C958E92B6B69292928EF1
:20B400004D4921244545494549454549494545454545494949454545496D6D6969696AB653
:20B42000B2664666664649466A6D4D4D452424242C2C30302C2C502C547C7C54280499FFFB
:20B44000B6928E6E9196926D6A6A49496D91997196DF997171697199BD9575759599BA99F4
:20B46000BA95BAFEBABA999691716E719599917171718EDADF9595916D959195BA999175AC
:20B48000716D6A6A696D6E4D0469B6FFFFB7926AB2DBFFFFFFFFFFFFFFFFFFFFFFFFDB92A7
:20B4A000B6FFB7210004183C1C1C3C10080C141818100C0808080808080808080808080847
:20B4C00008284D6D6D69716E6A716D497175494D6D92494949494945496D494945496D4983
:20B4E0006D4D4D49454545454545282C3030305458789D9D9D7C7C7CBAB2B6B692929292EB
:20B50000494921494545494545454545454545454545454949454949494D6D696DB6FFB376
:20B52000634343434343434343434343222222222222424549492C282C587C78502875FE2B
:20B54000DADADADBB6B6B6928E6E6A6D6D6D69496D92919999716D7595916D75BDDEFEDADF
:20B56000DADEDEDEDE96BAFE9692929699959191719199DFBA959195919591BADEDE996D69
:20B580006E8E6D696D756D92DBFFDBB26A498EDBFFFFFFFFFFFFFFFFFFFFFFFFFFFFFFFF85
:20B5A000B792FFB62100000C1C1C1C1C0C080C0C1014140C08080808080808080808080820
:20B5C00024698E916D929171496D4946494D49456A9271494D4D494D71717171716D6D451B
:20B5E00045456A49466646494945492C2C302C5054587C9D9D7C7C7C99B6B6B6B6B69292D7
:20B60000212545452545494945454545454545494549494949494D4949494D92DBFF8B43D1
:20B6200043434343434343434322224343222222434343434343424524285054302C289959
:20B64000DADADADBDADFDFDFDADADAB6B6928E6E6E6A6ABABA757195956D6D6D95BADEBD8B
:20B66000FEFFDE99917171956E8E9296BABA959195DABA969699917595997599BDBA996DE3
:20B680006A6D9591919596FFFF9249496AB2FFFFFFFFFFFFFFFFFFFFFFFFFFFFFFFFFFFFC5
:20B6A000FFDB92FFDB25000008181C18180C0808080C1014100C0808080808080C0C0845AE
:20B6C0006971969671DADA8E6D4946456E926D42454D71714D4D497175997171718E714D4C
:20B6E00045466A6A666666454545696E71302C3050547C9D9D7C7C7C9DBAB6B692926A49AE
:20B7000021244D49492C4D4945454545454569969149494D4D4D4D49496DB6FFFF8B43438B
:20B72000434343434343434343434322434343222222434343434363676A49242804042C8B
:20B74000B6DADADFDFDFDFDFDFDFDFDFDFDFDFDADAB6B6B696929292716E6E6E8E6E95BDE0
:20B76000DEFEDE9595918E8E6A6D8E9599BDBA99BDBA999995919175BADE957199BA926DD0
:20B780006D7195959995FFFF926A4969DBFFFFFFFFFFFFFFFFFFFFFFFFFFFFFFFFFFFFFFFF
:20B7A000FFFFDBDBFFB625000004181C18180C080808080C10141008080C0C0C0808496D2D
:20B7C000B692716D6A8E926D694549498E929266454D4D4D49454D4D71714D494971757188
:20B7E00045214545424646466A92B6B6B6912C2C3050789D9D9D7C9D7C998E6A45212121A1
:20B8000021255050545049494949494549494971714D49494D4D494971DBFFFF8B43434386
:20B820004343434343434343434343432243434343222243434363636367CFD78E24004978
:20B840006A6E8E92B6B6B6DADFDFDFDFDFDFDFDFDFDFDFDFDADADFDAB6B6B6B6929296BAC7
:20B86000BABDDEDE99BAB6B2959999999DBDBD99957191BA95919195BA99916D92B6999962
:20B88000959596B6BADFFFB66A6A92DBDBDBDFFFFFFFFFFFFFFFFFFFFFFFFFFFFFFFFFFF1F
:20B8A000FFFFFFDBFFFFB645200000141C1C180C0808080808080C0C0C0C0C0804044DDB83
:20B8C000FF6E6A6A694992BA6D6975926A8A8E69494949494545454545454521214D716DED
:20B8E0004546496A6A8E92B6B6B6B6B6B6B6912C2C30587C9D9D9D7C7C9D4921212121213F
:20B90000212150584D45454D504D4D49494D49494D49454949494971FFFFFFAF4343434396
:20B92000434343434343434343434343222243434322432242436367878B8BCFFFDBB68E76
:20B94000494949496969696D99BA92B6B6DADADFDFDFDFDFDFB5DEDFDFDFDFDFDFDFDFBA97
:20B9600099BADADAB6B6B7DBBA9D9971999D95716E719699959595959999928E9292BADEB5
:20B98000DEDFB7DADEFFDB6A6AB7DBB692DBFFFFFFFFFFFFFFFFFFFFFFFFFFFFFFFFFFFF2A
:20B9A000FFFFFFB6DBFFDB9245200000141C1C1410100C080808080808080804080810FE3A
:20B9C000DB716D71757196DA92B6926E46466D714966454521454545454545466A6A8E8E07
:20B9E0008E92929292B6B69292B6B6B6B6B6B6712C30547C7C7C9D9D7C7C99212121212198
:20BA00004525494945494571714D716D6D71714D4945454D4D496DDBFFDBB34343434343D4
:20BA2000434343434343434343434343432222434343434366B38B4343ABD7D7FBFFFFFF91
:20BA4000B76E49494949497175756D696D6E6E8E92B6B6B6DADAB5DEDFDFDFDFDFDFFFDA3E
:20BA6000B899DFFFDFDFDFDFDFDEDEBABABA96929292BABABA9995929192B3B2B2B6B6B6BC
:20BA8000DEDFDB96DAFF928EDBDB928EDBFFFFFFFFFFFFFFFFFFFFFFFFFFFFFFFFFFFFFFE1
:20BAA000FFFFFFDB92FFDBB28E49210000101C1810141418100C08080808040408101499FB
:20BAC000B76E717599996D6A6A8E6A6A666649496A6A496A6A6A6E8E8E92929292B6B6B6D9
:20BAE0009292929292B6926A8EB6B6B692926A6645305078787C9D9D9D9D9D4D2121212103
:20BB0000714D4D49454975754D4D507175717171494D4992DBDBFFFB6342432243434343FF
:20BB2000434343434343434343434343434322224343434343AFFFD78B434387AFD7FFFF27
:20BB4000FFFFDB6E4D717171716D6D6D6D6D6969696D6D6D6E9291B5B6B6B6DADFDFDFDE2D
:20BB6000D9D9DFFFDFDFDFDFDFDFDFDFDFDFDFDFDFDFDFDFDADAB6B6B6B6B6B7B6B6B6B674
:20BB8000BAB6B6B6FFDBB7FBB78F8FB6FFFFFFFFFFFFFFFFFFFFFFFFFFFFFFFFFFFFFFFFC6
:20BBA000FFFFFFFFB692DBB6928E492500000C1814100C1014181410080408080C140C4DD9
:20BBC000928E91959595928E9292929292929292B6B692929292B6B6B69292929292929271
:20BBE000929292B6B6B692B6DADA6E494521212121285078789D9D9DBDBD9D7121212125A2
:20BC000071696D49494D9999714D4949717171715075B6FFFFFFFB6343434343434322220C
:20BC200022222222222243434343434343432221434343434343DBFFFFD7634343638BB311
:20BC4000FFFFFFFFDA9975716D716D6D6D716D696D6D6D6D69696D916D6D6E6E8E929292A5
:20BC600095B5B6B6DADADFDFDFDFFEFEFFFEDFDFDFDFDFDFDFDFDFDFDFDBDBDBDBDBDBDB53
:20BC8000DBDBDBDBFFFBFBB38F8FD7FFFFFFFFFFFFFFFFFFFFFFDB96757571717171B6FFD2
:20BCA000FFFFFFFFFF6EB7B6929292494520000C1814100C080C141010100C10100C0C96C4
:20BCC000B6B6DADADADBDBDADBDBB6B6B6B6B6B6B6B6B6B2929292B6B692929292929292EC
:20BCE0009292928E8E6A6A92926A21212121212121497C9D9D9D9D9DBDBD9D7C2525252130
:20BD00004D92B66D4D757596956D6A497171715075FFFFFFFFD763434343434343434343F6
:20BD200043432222222222222222434343434321224343434343AFFFFFFFD74343434343BA
:20BD400087D7FFFFFFFFBA717175757171716D6D6D6D6D6D6D6D6D6D6D6D6D6D6D6D6D6D06
:20BD60006D6D6D6E6E8E929292B6B6B6DADADADADADFDFDFDFDFDFDFDFDFDFDBDBDBDBDBFB
:20BD8000DBDBDBFFFFFBB38FB3D7FFFFFFFFFFFFFFFFFFFFB6717599BDBDBD9D9D7C542CB5
:20BDA00071DBFFFFFFB66E926E8E9292494520000C1410100C080C10080C0C0C082896DB79
:20BDC000DADADEDEDEDADADADBDBB6B6B7B7B6B6B6B6B6B6B69292929292928E6A6A6A497C
:20BDE0004645452121212145212121212121212149999D9DBDBDBDBD9DBD9D9D71454525DE
:20BE000049BAFFDF6D4D757596BA969571494995DBFFFFFBAF434343434343434343434326
:20BE20004343434343432222210122224343432221224343434367FFFFFFFF8B4343434392
:20BE40004363ABFBFFFFFFDB9999757171716D6D719191959575959171716D6D6D6E6E6D20
:20BE60006D6D6D6D6D6D6D6D6D6D7171718E8E8E92929292B6B6B6DADADADADADBDBDFDF63
:20BE8000DBDBDAFFFFB38FB3D7FFFFD7DBFFFFFFFFFFDB71509DDEDEBDBDBD9D9D9D9D7C81
:20BEA0002C0471DBFFFF6E6E498E6EB28E492525000C1410100C080C0C0808082496DBDA21
:20BEC000DADADEDEDADAB6DBDBB6B6B6B6B69292928E8E6A6A6A6A4946454521212121210C
:20BEE000212121212121212121212121212121699D9D9D789D9DBDBDBDBDBDBDBD4D2521A3
:20BF00004D4D96BA75494D4D49957175584D92DBD3AF8F6622222222434343432222434334
:20BF20004343434343434343222201212222432201224343434363FFFFFFFFAF4343434391
:20BF400043434367D7FFFFFFFFBA716D696D6D6D7175929999917595959591917191916D05
:20BF60006D6D6D6D6D71716E6E6E71716E8E6E716E717171716E7195959292929292BA9652
:20BF8000929696DBDBB3B3D7FFFFDBD7DBFFFFFFDB6D28309D9DBDBDBD9D9D7C7CBDDEBDCD
:20BFA0009D500424B6FFB649456A8E92B6926D494500081010100C080C0C084DB6DBB6B6F0
:20BFC000B6B6B692928E8E8E8E6A6A6A6A494646454545454545452121212121212121215A
:20BFE000214545214521212121212121212145999D9D7850587C9D9DBDBD789DDEBD4901A5
:020000040036C4
:20A00000504D4D49494545454D545450716E6A2101000000000000000122434343222243D2
:20A020004343434343434343434322010122224321222243222246FFFFFFFFB343434343EA
:20A040004343434343AFFFFFFFFFB66D6D75756D92DE9596969571959591919191959571DF
:20A06000717171717191957171717191919296957191919191719595918E8E8E8E95BD95E2
:20A08000717171B6D7B3B3DBFFFBD7D7FFFFDB710408307C7C9D9D9D9D7C9D9DBDDEDEBD19
:20A0A0009D7C54280092FF6E4549928EB6B6B68E492100081414100C0C0C2C928E8E6E6A2E
:20A0C0006A6A69694949494945454545454545454545454545454545214545454521454586
:20A0E0004549496D4D71494545454521214545549D9D582C2C549DBD9D783058BD9D7525B8
:20A100007575494D4D494545494D504D21000000000004040404040404040022434322223F
:20A12000434343434343222243434322010122432122222222228BFFFFDBFFB3434343430A
:20A14000434343434343ABFFFFFFFFB67199BD9996FE926D959971919591716D919195959D
:20A16000919191759195959591959595999995959191999599919595959592929299BD9948
:20A18000959191BADBB3D7FBFBD7D7FFFF7124083099DEBD7C9D9D9D9DBDDEDEBDBDBD9D09
:20A1A0009D7878782800DBB745456E929292B6DB926D4521041014100C080871926D6D69A2
:20A1C00069696949494949494545454545454545454545454545454545454545494545455B
:20A1E000499999BDBD9D4D45454545452125214D7C9D9D2808307C9D7C502C587C50547163
:20A2000075754D50505049494D4949000048757878585450302C282828282804214343220C
:20A22000222243432222222243434322210101220121222222228FFFDBDBDB8F2243434359
:20A24000434343434343638BFBFFFFFF9975999971957171959995719595917171919599CE
:20A2600091919191919599BABABA99959595959591919999BA919195959595959699BDBD69
:20A2800095959599DBD7D7FBD7D7FBFF450428309DDEDEBD9DBD9D9D9DBDBDBDBD9D9D9D87
:20A2A0009D7C587C780424DB494549926E92DBB7DBB6926A4500081014100C2CB66D6E6DF7
:20A2C0006D6D696969696D6A49454949494949494945454945456A6A6A454545454545451E
:20A2E0006D9DBDBDBDBD4D454945454525252545789D9D3000509D9D7850307858285058FE
:20A3000050504D4D4D4D4D6D716D6969BADEBDBD9D9D9D9D9D9D7C542C28282828214343FC
:20A3200022222243222243434322222221010101012222222222B6B7B7B7DB66224343432B
:20A34000434343434343636367D7FFFFFF957191717171717195BABA999999997595BD95D5
:20A36000959591919595999596999995959599999595BABA9995919195959595B6B69999A0
:20A3800096959999D7D7D7D7B3D7FF4904282C789DBDDEBDBDDEDEBD9D9DBDBD9D9D9D9D0F
:20A3A0009D9D78587C5000928E4545696EDADBDBB68E694945452100080C1095B675916D33
:20A3C0006D6D71716D696A6A694949494949496D4949496D494549494949454545494949E7
:20A3E0004D71757171714949454545452545494550787C7824719D9D582C58783028502C86
:20A400004D714D4D4D6D6D92B6DEFEDEBD9D9D9D9D9DBDBDBDBD9D9D9D5428282C282143C6
:20A420004322224322222222222221010100010001220101226ADBB7DBFFFF6343434343D7
:20A44000434343434343638BAFD7FFFFFFDF717595999991719999BA99759195999999BAC6
:20A46000DE9975959599959191959599BD99BDBD999599999999959595959599969696BA53
:20A4800095919599B6D7D7B3B3FBB604282C3078BDDEDEBDBDBDBDBDBD9D9D9D9D9D7C7CFD
:20A4A0009D9D5850785404499245452569B6B6DBB6B6928E6D494945210008309691716D82
:20A4C0006D71716D696D6D6A49494949496D496D4D4949494D49494D494949454549496DCB
:20A4E000494D4D4D4949494521212125254545452C50787C50589D7850307C542C502C2C3F
:20A500006D6D6D698EBABABDBDBDBDBDBD9D7C9D9D9D9DBDBDBDBD9D9D7C542828280421F3
:20A52000434322222221212121010101000001000101012242DBFFFFFFFFB34322224343A9
:20A54000434343434343434343678BD3FFFFDA9999DA999999999999BA957195DEBA999942
:20A560009995959595999991919995959595BD9999BA9592BA99999999999999BA9999DE2A
:20A58000BA959999BAD7B3B3D7FF24042C30549DDEDEDEBDBDBDBD9D9D9D9DBD9D7C7C7C28
:20A5A0007878542C545804249245454549494949696E9292B6B6B6B6B6B6B696959175713B
:20A5C0006DBA926D6D6D6D49496D49496D6D6D4D4949454971716D7171496D9149494D6D05
:20A5E00049694949454549252125212145452149452C789D54587C5430587C5030502C2C75
:20A600006D6D6D6E999D9D9DBDBDBDBDBDDEBD7C7C7C7C9DBD9D9D7C7C7878502828280491
:20A6200022432222222101010101010000000000212222226A928E8E6A49010101010101D1
:20A6400021212222434363636363434367FFFFDF99BA999999959595BD9995DEDE9599994D
:20A660009191959595959999BABD99BD9999BDDEBADE9695BABDBDBA99999999999999DADE
:20A68000DABD997599B7B38FDB9200042C509DDEDEDEDEBDBDBD9D9D9D9D9D9D9D7C7858B3
:20A6A0005458302C545404206E454545454545454949494949696E92B6DBDFFFFFFEBA91E8
:20A6C00091B6968E6A6A71716D71717175716D6D4949494D71716D6D714992DA6D49494987
:20A6E00049494949494545452521212121252525254958582C2C30302C58542C302C304D53
:20A700006D6E6E95787C9DBDBDBDBDBDBDDEDEDE9D7C7C7C7C7C7C787858585428282828A9
:20A72000202222010101010101010000000000012101012145212121450000010121212216
:20A740002222222243434343638BAFD3AFD7FFFFDA9599999995959595BADABD9995BA9911
:20A7600095999995959DDAFEFEDEBDBD99BDDEFEDEDEDEDABADEBABABD999999BABABABAFB
:20A78000BABA99282492B38FD74500042C99DEBDBDBD9D9DBDBD9D9D9D9D9D9D7C78585490
:20A7A00050302830545000206E4545454549496969494949696A8E929292B6B6B6B6FFFF4F
:20A7C000957591928E8E7171717171719595997149494D7171717171714D71714949496D5A
:20A7E0006D49494949454949454545452545494549452428252428042C54302C2C282C6ECC
:20A800006E6A717558787C9DBDBDBDBDBDBDDEFEDE7C785878785858585454502C28282889
:20A820000421220101010101010000000000000000000021496A6A8EB2B2664343434343E6
:20A840004343434343434343434343678BAFDBFFFFBABADEDA99959595DEFEBD9195BABAE6
:20A86000DEBDBDDA99BDBDDEDEBDBD9999BDBABDDADADEDFBADEDE99BD9999BABABDBA9904
:20A8800099BA99240049B3B39200000454583C3C3C1C1C18183C58789D9D9D7C78585030EC
:20A8A000302C282C2C2800246E254545496992B6DBDFDFDFDFDFDFDBFFDFDFDFDADBDFFF3A
:20A8C000DF956D6D6D716D71717171496D7575716D4D4D4D4D7171714D4949494D7195DEBD
:20A8E0009949494949497149494D45494D6D714D45252121214571452828282828286D498E
:20A900006E6E955458787C9DBDBDBDBDBDBDDEDEDEBD785454545454545450502C282804E0
:20A92000000021010101010000000000000000000001222263DBFFFFFFFFFF8B43434343DD
:20A940004343434343434343434343434343438BFBFFFFFEBD9DBA999D99BDBDBD9995BA86
:20A96000DEBABDBDBDBDBDBDBD959999999999BABABABABA99BABDBABDBDBABDDDDDDD99F5
:20A98000BADEBD7000458FB3490004101C18181C1C1C1C1818181818187C7C785850302C4E
:20A9A0002C28282828040045694545454549496A8EB6FFFFFFFFFFFFFFFFFFFFFFFFFFFFD3
:20A9C000FFBA717171716D71717C99716D9171716E6D4D4D75757571494D4D4D71717599E0
:20A9E000914D4945494D504D4950494595DA9149252525254545504921212421498E8E4560
:20AA00006E959D585878789D9DBDBDBDBDBDDEDEDEDE9D5050545454545030302828040002
:20AA200000000101010100000000000000012222222222222246B6B6B2B2B28F4222222224
:20AA4000224343434343436367678B8B6763434343AFFBFFDEBDDDBDBD99BDBDBDBDBABDC9
:20AA6000BDBABDBDBDBD99DEDEBDBA9999B599BABABABABA9999BABDDDBDBDDDDDDDDDDD2C
:20AA8000DDDDDDDD90918F8E002475BADEDEDEDEBA995818181818181414585854302C2C62
:20AAA0002828282C280000456A4949494949496A6A696E92DBFFFFFFFFFFFFFFFFFFFFFF58
:20AAC000FFFF997571717171717C9D997192916E6A4D4D4D757C75714D4D7575717175710D
:20AAE0007175714D4D4D4D4D4D714D4571966D454549454950454525214571492169494522
:20AB0000715478787C7C7C7C9D9DBDBDBDBDDEFEDEDE9D5050505050503030302800010193
:20AB20000100010101000000000000000000010121212101010121666A66466A6A21010115
:20AB4000212121212222222243426387AFAFB3AF8B6767B3FFFEBDBDBD99BDBDBDBDDEBD52
:20AB60009975BDBDBD9995BABDDEDA99999999BABABABDDEDEDEBDBDBDBD90DDDDDDDDDD75
:20AB8000DDDDDDDDDDDDB64645DFFFFFFFFFFFFFFFFFFFDE7918181414141450502C2C2C75
:20ABA0002C2C2C2C00000045494949498E928E6E6E6E6D6E6E92B6DADFFFFFFFFFFFFFFF41
:20ABC000FFFFFFBA7199997875759DBA9571917171714D4D717C994D4D4D7199717571719F
:20ABE00078789978754D4D4D71757171494D49494D71494D785024212121454525494945DF
:20AC0000505054787C9D9D9D9D9D9DBDBDBDDEFEFEBD9D5430505030303030280001010124
:20AC2000000001010000000000000001012122222222222222222222468AB28F8FB38F8E2B
:20AC40006622222221222222222222224343638BAFD3D7DBFFFFFE9D999999BDBD9DBD99A0
:20AC60007199BDBDBDBD9999BADE99BADEFFDEBDBABABDBDBDDEBA99BDBD99DDDDDDDDDD01
:20AC8000DDDDDDDDDDDCDA92BA797958583C58587999DFFFFFDF7514141418142C2C2C3074
:20ACA000302C2C04000024494549496ADBDBDBB6B6B692928E8E9292B6B6DFFFFFFFFFFFFD
:20ACC000FFFFFFFFDEBD9D75757571759971717195917175789D9D7C714D4D759999757539
:20ACE00075587578784D4D505071BABA4D4D494949696D4D58544921212424454D4D6D4D53
:20AD000050505454587C9D9D9D9995928F8FB2D7FFDE9D5430303030302C040001010100E8
:20AD200000000100000000000000000001010121222222222243434343438BDBFFFFFFFF93
:20AD4000FFAF43434343434343434242424343434343438BAFD7FFFEBA999999999D9D99D6
:20AD60009599BDBDBDBDBDBDBABA99BDDEFEDEBDBDBDBD992C48286CDADADEDDDDDDDDDD3B
:20AD8000DDDDDDDDDDDDBD793C1C1C1C1C1C1C1C18181C58DEFFDE9514181410102C2C3073
:20ADA00030302800000021454549494992DBDADFDFFFFFDFDAB6B6B6B6B6B6B6DADFFFFF18
:20ADC000FFFFFFFFFFDE9D75757C7171759595959171999D799D9D9DBD714D71BD99787CC3
:20ADE00071717171717171755091DA914D4D4D75714D714D494D4D49454D6D4D75714D50A8
:20AE00003050505054789D956A4243436367ABD3DBFFDE502C30502C0000000000000000BA
:20AE200000000000000000000000000000000000010101010121212122222246D7FFDBB796
:20AE4000B7B766222222434343636767676767676767634343438BD7DBBA9D999999DDD913
:20AE6000959999BDBDBDBDBD9999BABDBDDDBDBDBDBD902424040491FEDEDDDDDCDDDDDDA9
:20AE8000DDDDDDDDDDBD3C1C1C3C1C1C3C3C1C18181C1C181879DEDE99141010102C3030F2
:20AEA000302C000000004545494949496A92B6DBDFFFFFFFFFFFFFDFDFDAB6DADAB6DADAB6
:20AEC000DFFFFFFFFFFFDA9999BD9D99919595969599DEBD9D997C9DBD9571999D7C7575D1
:20AEE000716D714D6D71717C757191494949719991714D506D46455071698E719D7C58540A
:20AF00003030505054786D4343434342668B9299BDDEDEDA99BADEB649000000000000000B
:20AF200001010000000000000001000101010101010101010101010121212222226A8F8FD1
:20AF40008F8F8F422222222222222222224342638BAFAFB3D7D7AF87ABD7FEBDD9D9DDDDBF
:20AF6000BABAD9BD999999999999BDBDDEDEDEBD9DBD2800242424B5DDDDDDDDDDDCDDDDD6
:20AF8000DDDDDDDDBD581C1C1C1C1C3C3C1C181C1C181814141858BABA7110100C0C303073
:20AFA0002C0000002425454949494949498E9292B6DBFFFFFFFFFFFFFFFFFFFFFFDFDFDA51
:20AFC000DADFFFFFFFFFFFDEBDDD9D9D9975759599BDDE9D7C7571759DDEDFFFDE9D78718E
:20AFE0006D717571B6DE9595DFDE71494D4971DEBA924D7571494D5475716D717C785850AA
:20B00000503030305049224343436699DEDEBD9DBDBDBDBDBDBDBDDEFE6D00000000000142
:20B02000254545000000000000000000012122222222222222212101012121222222468F90
:20B040008F8FB38F422222426A66664663AFD7FBFBFBFBFFFFD3ABABABABD3FBFFDEDEDE93
:20B06000DEDEDEDEDDBDBDD9BDBDDDDDDDDEDDBDBD754C7090B5D9DDDDDDDDDDDDDDDDDDCE
:20B08000DDDDDDBD3C1C1C1C3C1C1C3C3C18181C18181414141814549996500C0C082C2CB1
:20B0A000040000242545496A6A6A4949496A92929292B6DADFFFFFFFFFFFFFFFFFFFFFFF86
:20B0C000FFFFDFFFFFFFFFFFBD9D99999D9D95997575999595759599DEDEDEFFFF9975713D
:20B0E00071787591FFFFBA719291714D71507171997171755071BADE9D756D71755050491D
:20B100006C2C30302C2222468E757C9DBDBD9D9DBDBDBDBD7C9DBDBDFEFF997149454971DB
:20B1200099494521000000000000000000010122222243222222222222212222222222661F
:20B14000B3B7B7B7B78FD7DBFFFFAF67ABAFD3D7FBFFFFFFFFD7AFAB8B87678BCFDBFFFF33
:20B16000FEFEFEFFFFFFFFFFFEFEFEDEDDDDDDDD9D90DDDDDDDDDDDDDDDDDDDDDDDDDDDD4B
:20B18000DDDDDD3C1C1C1C3C1C1C3C3C1C181C18181414141814141050954D0C08082C24F2
:20B1A00020212545454545496A6A6A496A6A929292B6B6B6B6DADFFFFFFFFFFFFFFFFFFF33
:20B1C000FFFFFFFFFFFFFFFFFFBDBD99999D9D7C75759996B6BAFEFFFFFFDEDE9975717CDB
:20B1E0009D7571719996757571454D494D7571717571714949BAFFFF9D58717171492521DA
:20B200008C2C2C302522459DBD9D7C9DBDBDBD9DBDBDBDBD549DBDDEFEFFFFBA9999999910
:20B220009D754545210000000000000000010101012222222243222222222222222222222E
:20B240008BDBDBB3DBFFFFDBDBAF6763422222212121454949252121466A8A8E8FB3DBFFE7
:20B26000FFFFFEDFFFFFFFFFFFFFFFFFFEFEFEDEDEDDDEDDDDD9D9D9D9DDD9D9D9D9D9DD75
:20B28000DDDD781C1C1C1C1C1C3C3C1C181C1C181814141818141010104D4928080824250D
:20B2A00025254545454545496A6A6A6A6A6EB6B6B6B6B6B6B6B6B6DAFFFFFFFFFFFFFFFFEA
:20B2C000FFFFFFFFFFFFFFFFFFFE9D9995999D7C7595BD9596DAFFFFDFDEFEBA99757175C9
:20B2E0007871717571717CBD994D49457171997C7C4D45454D71DABA785875717571494926
:20B300008C702C2C2121509DBD78589DBDDE9958BDBDBDDE7578BDBDDEFFDEDEFEDEDEDE47
:20B32000DEDE6A212121000000000000000101010101012122222222222222434343434320
:20B340002246462246B3B38B63432201000000000000002400246DBAFEFEDABADEBABADEEE
:20B36000DEBABADFFFB6B6FFFFFFFFFFFFFFFFFFFFFFFFFFFFFFFEDEDEDDDDDDD9D9D9D98B
:20B38000DD99181C1C1C1C181C3C3C18181C18181414181814101010102C494908082425C4
:20B3A0002545494949494545496A6A6A6A6AB6B6B6B6B6B6B6B6B6B6B6DADFFFFFFFFFFF94
:20B3C000FFFFFFFFFFFFFFFFFFFFDE9D95757575997595926E8EB6DA7575999D9D9D717507
:20B3E0009975717575717C9D7C71494D716D7C7C7C4D454975547171496D919599999175EB
:20B4000088884C2C0121549DBD99549DBDBD9954BDBDDEDE755078545499999DFFFFDEDE3F
:20B42000FEFEB6212121010000000000000121212122222121212222222222222222222198
:20B44000222222222243434322010000000000244524244971929196964D6D9291969595FF
:20B46000959696927191DAFFFEDFFEFEFEDEFEFFFFDFDFDA96716D494945717191B5D9D930
:20B48000D958181C1C1C18181C3C1C181C18181414181814101014100C0C49490804252557
:20B4A000254549494949494949496A6A6A6A92DADADAB6B6B6B6B6DADFFFFFFFFFFFFFFFD2
:20B4C000FFFFFFFFFFFFFFFFFFFFFF99717575757571B2B7929291917171999D9D9D9DBDCD
:20B4E000DEDEBA9D994D71784D496D49494D9975754D21497558504521496975BA99956D4F
:20B500008888884C2420509DBDBD589DBDBDBD507C9999995028302C2C507558BDFFFFDE23
:20B52000DADADE6D212121010000000000002021212222222222222222222222222121224A
:20B5400022222222224343210000000000244524000049714D45492400454D496D4D4D4D25
:20B560004D4D49496D716D6D6D6D6D6D6D6D6D6D6D4D2400000000000004246D7192DEDE4D
:20B58000DE793C1C1C1C181C3C3C18181C181814181814101014100C0C0C24452C492524B5
:20B5A00024244949494949494949696A6A6A8EB6DADADFDFDADFFFFFFFFFFFDFBA7550503C
:20B5C0004D71717195B6DBFFFFFFFFFF757575999991B6969292757171999DBD957595DE51
:20B5E000FFFFDE99716D75716D49494545496D69494525454D714D496D6D696D92926D4598
:20B600008888888888243078BDBD50787550542C2C2C282828042C2C2C5075BADEFEFFFF7E
:20B62000DAB4B4B44521212101000024000000010122222222222222222222222222222247
:20B640002222224343220100000000002424240000454D4924242400244524454524454563
:20B6600045494D4949494949494945454545254545000000000004042C78DEDEDEDEFEDE2D
:20B68000DEFEFFFFBA58181C3C1C181C18181414181414101414100C0C0C244D99964924ED
:20B6A00024242449494949696949496A6E6A6A92DADADADADFFFFFFFDF9950302C2C2C2C6C
:20B6C0002C305050505030507196FFFFDF959599959599999975957171999D75717571952F
:20B6E000FEFEDE969192719195716D6D7171757575717171757575787878714646462149CD
:20B7000088888888888828505450282828282804282828282828302C282C58789D9DBD9D0D
:20B72000DED9B4B891212121210100000000010101212222222222222222222222432222AF
:20B740002222222221000000000000242400002445494945452400244524242424242445C9
:20B7600049494545494949494949494949494945002828283050545899FEDEBD9D9D9DBDDB
:20B78000BDDEFFFFFFFFDE3C1C181C1C181414181414101414100C0C0C082492BABA96498F
:20B7A0002424244549494D6D6D6D496A8E6A6A6A92B6DAB6DADA9671302C2C305054545898
:20B7C0007C9D9D9D9D9D9D7854505095FFDE99BA96B5BDBDBDDDDEDADADABA9696BA96BA53
:20B7E000DA96B6B6B6DAB6DADADADFDA99787C7C787878587878785858586D4242422171E2
:20B800006888888888884C282828040428282828042828282828302C283058585458585424
:20B820007CD9B4B8D8492121212101000000010101012122222222222222222222222222C2
:20B840002222220100000000000024242400244545454545240024454524242424242449A5
:20B8600045244549494949494949494949494D042830549DBDBDBDBDDEFEFFFFDEBDBDBD7A
:20B88000BDBDBDBDBDFEFFFE58181C181818181814101014100C0C0C0C084DDABABABA957E
:20B8A0006C45454549494D696D6D6D696E8E6E8E8E8EB6B691503030303054789D9D7C7C36
:20B8C0009D9D9D9D9D9D9D9D9D9D782C4DDFDEDEDDDDDDDDDEDEDEDEDEFFFFFFFFFFFFFFF7
:20B8E000FFDADFFFFFFFFFFFFFFFFFDF9958585858585858585858585850664646422071EB
:20B9000088888888888888482828280428282C2C0428282828482C28285054503030302CEB
:20B9200054B8B8B8D8B4452121452101000001010101012122222221222222222121222256
:20B94000222222000000000000242424242445454545452424004545242445242424242461
:20B96000002449494949494949494949494D24283078DEFEFEFFFFFFFFFFFFFFFFFFFFBDB2
:20B98000BDBDBDBDBDBDDEFFDB9958581818181410101410100C0C0C08087199999599DDA6
:20B9A000DC6C45494949496D6D6D6D696A8E8E8E8E8E924D2C30505054789D9D9D9D9D7C55
:20B9C0009D9D9D9DBDBD9D9D9D9D9D9D304DFFDEDDDDDDDDDDDDDDDDFEFFDFDFFFFFFFFFD2
:20B9E000FFFFDADADFDFB6B6B6DFFFDE78585858785858585858585858714646462120714C
:20BA00008C8C8C8C8C8C8C8C48282828482C2C282848282C4C908C707030302C306C6C6C32
:20BA2000B4B8D8B8B8DC9121214545210101010101214501222222212422222221212243D4
:20BA40002222000000000000002424242424454545454524002424242424454545240000CA
:20BA6000244949494949494949494949492428507CBDBDFEFFFFFFFFFFFFFFFFFFFFFFFFB2
:20BA8000FEFFFEDFB7AFAFABABAFAFD3DBDE7514101414100C0C0C08082875757575B5DCE5
:20BAA000DCDD91494948496C4D6D6D6D6D8E8E8E8E6D2C2C30505054787C9D9D9D9D9D9DE9
:20BAC0009D9D9DBDBDBDBD9D9D9D9DBDBD2C95DEDDDDDDDDD9DDDDDDFEFFDAB6DFFFDAB62F
:20BAE000DAB6B6B6BADADAB6DAFFFF99585858585858585878785858584D664666212471E8
:20BB00008888888888888C8C8C4C4C8C8C8C6C6C8C909090B4B4B4B4B49070B4B8B8B8B8E9
:20BB2000B4B8D8D8B8D8DC49214545452101010100016C4821222222484825222222432264
:20BB40002201000000000000242424000024242445452424002424242424454524000000B6
:20BB600049494949494949494949494924043058BDBDBDBDBDDEDEDEDEFEFFFFFFFEFEFF8A
:20BB8000FFD3AB87678787ABD3FBFFFFFFFFFFDA5414100C0C0C0C0808509595757575DC71
:20BBA000DCDDDD91494D496C6C6D6D6D6D6E6E8E6D2C3030505454587C7C7C9D9D9D9D9DBB
:20BBC0009D9D9D9DBDBDBDBD9D9D9DBD9D99B5DDDDDEDEDDDDDDDDDEFEDFB6DADADADADAE1
:20BBE000DADADAB6B6DADFB6B6FFFE99585858585858585878585854504945454521214565
:20BC0000686868686888888888888C8C4C8C8C8C8C9090B4B4B4B4B4B490B4B4B4B8B8B8B4
:20BC2000B4D8D8B8DCDCDCD945454545212101010101216C45222101244C4C452222222282
:20BC400022000000000000242424242424242424242424002445452445452424000000244A
:20BC6000454949494949494549494945002850BDBDBDBDBDBDBDBDBDBDBDDEDEDEDDDE8FE9
:20BC800067636367AFD7FBFFFFFFFBD7D3D3DBFFFF95100C0C0C080828717199D9D9B5D985
:20BCA000DCDCDCDC91492C2C2C30305050504D4D2C303050505454787C7C7C9D9D9D9D9DFB
:20BCC0007C9D9D9DBDBDBDBD9D9D9DBD9D9DDDDDDEDEDDDDDDDDDEFEDEDFDFDFDFDFDFDF92
:20BCE000DFFFFFDFDFDADFDADAFFDA78585858585854545458545454494545454521000065
:20BD00008888888888888888688888886C68688C8C8C9090B4B4B4B4B490B4B4B4B490B4BB
:20BD2000B4B4D8D8D8D8D8DC912145454521212122222221210101012048484C464322222F
:20BD40000100000000000024002424244524002424242400244524002424240000002445F7
:20BD6000454545454545454545454900042C78BD9DBDBDBDBDBDBDBDBDBDBDBDDDB663436E
:20BD80006367AFD7FFFBDBD3AB676363636367D7FFFFB62C0C08080824240450BDDDDDDCDC
:20BDA000DCDCB89450303030303030505050505050505050505054787C7C7C9D9D9D9D9D4E
:20BDC0007C9D9D9DBDBDBDBD9D9D9D9D9D7CBDDEDEDEDDDDDDDEFEFFDAFFFFFFFFFFFFFFF3
:20BDE000FFFFFFFFFFDFFFFFFFFF9978785858585854545454545450454545454520202083
:20BE00008888888888888888888888888C8C68489090B4B4B46890B4B4B4B4B4B4B4B4B472
:20BE2000B4B4D8D8D8D8D8D8DC6D424546452122210101010000000000214848454322214C
:20BE40000000000000000024000024240000242424240000486C240000242400000024455D
:20BE600045454545454545454545240028307C9D9D9D9D9D9D9D9D9D9DBDBDBD8E43434368
:20BE800067B3D7D7AF6763636363636363636363CFFFFFFF710808042404285478999D94AF
:20BEA000545030303050303030305050505050505050505050505458787C7C7C7C9D9D9D93
:20BEC0007C7C9D9D9DBDBDBD9D9D9D9D9D7C9DDDD9D9D9D9D9D9D9D9D9DADADADADADAB5E3
:20BEE000B5B5B5B5B5B5B5B5B5B5919070707070707070706C6C6C6C4845484848484848A2
:20BF00008888888888888888888888888888908C90909090B490B4B4B4B4B4B4B4B4B44875
:20BF20008CB4B4D8D8D8D8D8D8D8692245452101010100000001010001222221212222011E
:20BF40000000000000000024000000000000242424240000246C24000024000000244524C8
:20BF600024454545454545454524000428507C7C7C7C7C7858585858787C9D6E4343438B3E
:20BF8000B3AF67636343636363636363636363636387D7FFFF9624000430545030505030A0
:20BFA0005050303030303030305050505071759999D9DDDDDADEDEDEDEDEBA999D9D9D9DAF
:20BFC0007C7C9D9D9D9DBDBD9D9D9D9D7C789DB8B8B8B8B8B4B4B4B4B4B4B4B490909090FE
:20BFE0009090908C8C8C8C8C8C888C8888888888888868484848484848484848484848486D
:020000040037C3
:20A00000888888888888888888888868688C8C908C488C90B4B4B4B4B4B4B4B4B4B4B46CD8
:20A020000490B4B4B4D8D8D8D8D8D86D214545200001010101010001222222222222210035
:20A0400000000000000000240000000000002424240000242424040024240000002445242B
:20A060004945242424242424002400042C507C7C7C7C7858545454545858714343228A8FE4
:20A080008B434343634363636363636363636363636363AFFBFFFF712C50303030503030EA
:20A0A000503030303030303030507599D9D9D999B5B5B5B599D9DEDFFFFFFFFFFFFFDEBDB6
:20A0C0009D7C7C9D9D9DBDBD9D9D9D9D7C789DD9B8B8B8B8B8B8B8B4B4B4B4B490909090F0
:20A0E0009090908C8C8C8C8C8C8C8C888888888888888888884848684848484848484848C8
:20A100006888886C6C88888888888888448C90906C448C8C90B4B4B4B4B4B4B4B4B4B4B433
:20A12000484CB4B4B4D8D8D8D8D8D8D891454521000101000100002122220122222201007B
:20A1400004242400000024000000000000242400000000242424000024000000002424244B
:20A160006C6C242448242400002400282C507878787C7C58545454545854222222668A4617
:20A18000222243434343436363636363636363636363636367CFFFFFBA302C3030303050CB
:20A1A000503030305050305075BA916C24242424242445494D7191BA96FFFFFFFFFFFFFF75
:20A1C000FEBD7C787C9D9D9D9D9D9D9D7C789DD9DCD9D9B8B8B8B8B8B8B4B4B4B8B4B4B4D1
:20A1E00090909090908C90908C8C8C8C888888888888888888888888888888888888888813
:20A2000068686C886C88888C88888C90908C8C90908C8C8C8C90B4B4B4B4B4B4B4B4B4B4B6
:20A22000B48CB4B4B4D8D8D8D8D8D8D8DC9021210101012400000122220101222222000058
:20A240000024484828002424000000000024000000000024240000002400000024242424BA
:20A2600024484824486C4524002400282C547C78787878785454545454492222426A422208
:20A280002222222222434343436363636363636363636363636367D3FFDF50303030505069
:20A2A00050505050505075DAFFDB0000000000000000242424494D6D71DFFFFFFFFFFFFFDC
:20A2C000FFFFFFBA7C7C9D9D9D9DBD9D7C789D9DDCD9D9D9D9D9D9D9D9D9D9D9D9B8D9B882
:20A2E000B8B8B8B49090B49090908C8C8C8C8C8C8C8C8C8C8C888888888888888888888822
:20A300004848686C8C8C6824688C909090908C909090906C242890908CB4B4B4B4B490B409
:20A32000B4B4B4B4B4B4B4D8D8D8D8D8D8D84D210101010000006C222101012222210000C2
:20A3400000042424282824242400000000240000004C2400000000240000000024242424AD
:20A360002420242420244824002400282C58787C7C787878785450505022222266462222E7
:20A38000454222222222222245434363636363636363636367678787CFFFFF753030505006
:20A3A0005050505050DEFFFFFF710000000000000000242424456DB6FFFFFFFFFFFFFFFFF5
:20A3C000FFFFFFFFDF997C9D9D9D9D9D78789DD9D8D8B8B8D9B8D8D8B8B8B8D9D9D9D9B871
:20A3E000B4B4B4B490B4B4B490908C8C8C8C8C8C8C8C8C8C8C8C8C8C8C8C8C8C8C8C8C88BD
:20A40000686868686C8C8C2824488C8C8C8C8C8C9090909028044C286C909090B4B4B4B470
:20A42000B4B4B4B4B4B4B4B4D8DCD8B4D8DCD849210101000001454801002222210100004F
:20A440000400242400286C6C2424240400240000004C8C24000000240000000024486C8C98
:20A460004C24000000000000000000282C58787878787878785850302C2222224622222262
:20A48000486C2222222222222242426363636363636363666787878BABD3FFFF9930305053
:20A4A00050505075DFFFFFFFFF450000000000000024242449B6FFFFFFFFFFFFFFFFFFFFB6
:20A4C000DBDBB68E71DFDE9D7C9D7C7858789D9DD8D8D8D8D8D8D8D8B8B4B4B4B4B4B4B43C
:20A4E00090B4B4B4B4B4B4908C8C8C8C8C8C8C8C8C8C888C8C8C8888888888888888888810
:20A5000068686868686C8C8C48688C8C8C8C8C8C9090906C24284C246C909090B4B4B4B4F3
:20A52000B4D8B4D8B4B4B4B4D8D8D8D8D8DCDCD84901010000012221000122222201000074
:20A540002404000000006C6C484828042424000400004C4C0000002400000000000048905F
:20A56000906C040000000000000000042C587858585858585858543049222221422121219C
:20A58000214C24222222222222496C426363634343636671636363636367B3FBFFDF50301C
:20A5A000505095DBDBDBFFFFFF6D49494949452445496D92FFFFFFFFFFFFFFFFFFFFFFFF5D
:20A5C000FFFF49004D99FFFE9D787858507C9D9DDCD8D8D8D8D8D8D8D8D8B4B4B4B4B4B4BA
:20A5E000B4B4B4B4B4B4B48C8C8C8C8C8C8C8C8C8C8888888888888888888888888888483F
:20A6000028686868686C6C8C8C8C8C4828448C8C6C9090280424482824282448B4B4B4B4CA
:20A62000B4D8D8B4D8B4B4B4B4B4B4B4D8D8B4D8B42101000145210101212222220000003C
:20A6400000000000002424246C6C4824482424282400004C040000000000000000000048D6
:20A660008C6C2400000000000000000428505450505050505050305049222221212101014C
:20A6800021212122222222222222484543432222226363636363636363636363ABDBFF9595
:20A6A0005099DBDBDBFFFFDBDBFFFFFFFFFFFFFFFFFFDAFFFFFFFFFFFFFFFFFFFFFFFFFFA8
:20A6C000FFFFDB24244591DEFE755450509D9D78DCDCD8D8D8D8D8D8D8D8D8B4B4904CB444
:20A6E000B4B4B4B4B4B4B49090909090909090908C888888888888888888888888888888DA
:20A70000242448686C6C6C8C908C8C2424686844442468280424242424040424B4B4B4D8C1
:20A72000B4B4B4D8D8DCDCB4D8B4B4B4D8D8B4D8D86C210121212121014545210100040016
:20A74000000000000000242428486C91704824000000000000000000000000000000000068
:20A76000242400000004000000000000282C3030302C2C2C2C2C30502C212121210101019A
:20A7800001010101012222222222222122222243636363636363636363636787ABD3DBFFFA
:20A7A000B6B7DBDBDBDBDBDBFFFFFFFFFFFFFFFFFFFFDBDBFFFFFFFFFFFFFFFFFFFFFFFF6A
:20A7C000FFFFFF6D24242471DAFE7530789D7C587CDCDCD8D8D8D8D8D8D8B4904C246CB4DC
:20A7E000B4B4B4B4B4B4B490909090909090908C8C8C8C90908888888888888888888888C5
:20A8000024242448686C686C8C6C6C688C684424040000042424242424242424284C6C6C40
:20A82000D8902470B8DCDDDCB4B4B4D8D8D8D8D8D8D8452121212121014545010000240031
:20A8400000000024000000244C4C6C6C6C916C2824000024240000000000242400000424D3
:20A8600000000000002424000000000004282C2C2C2C2C282C2C30303025212121010101ED
:20A88000010101010101212242422101214363636363636363636363636367636387AFDB83
:20A8A000B7B7DBDBDBB6DBFFFFFFFFFFFFFFFFFFFFFFDBDBFFFFFFFFFFFFFFFFFFFFFFFF69
:20A8C000FFFFFFDB2424002449B5DE787C7C5850B8D8DCDCB4B4D8D8D8B448240424B4B458
:20A8E000B4B4B4B4B4B49090B49090909090908C8C9090908C888888888888888C8C8C88B4
:20A9000024242424286868688C8C6C8C8C6868684424000004242824240424040424244CAF
:20A92000B4B47024B5DCDCD8B8D8D8D8D8D8D8D8D8DC912221210101012222010024000021
:20A940000000002400000000246C24246C6C91916C240424240000000004242400000000D9
:20A960000000000000000400000000042448282C2C2C2C2C30303030302C212121010101DD
:20A980000101010101010101222101014343434343222243436363424222210100006AB7A2
:20A9A000B2B7DBDBB6DBFFFFFFFFFFFFFFFFFFFFFFFFFFDBFFFFFFFFFFFFFFFFFFFFFFFF25
:20A9C000FFFFFFFF6D0000000024B5BD78585454DCDCDCDCD8B4D8DCDDD84804244CD8B453
:20A9E000B4B4B4B4B4B49090B4B4909090908C8C9090908888888888888C8C8C8C8C886CAF
:20AA00002424242448686C688C8C8C908C8C90908C8C680400242404246C2400242424487E
:20AA2000B4B4DCB4B4B4D86C246C90B4D8D8D8D8DCD8B849212121010121220100000000E0
:20AA400000000000000000000024040000286C6C916C280000000000000424000000000081
:20AA60000000000000000000000000000000282C30303030303030303030452221210101F7
:20AA800001010101010101010101012243222222222243434321000000000000000092B26E
:20AAA000B6B6B692DBFFFFFFFFFFFFFFFFFFFFFFFFFFFFDBFFFFFFFFFFFFFFFFFFFFFFFF46
:20AAC000FFFFFFFFB624000000000091D95854B8DCDCDCDCD8D8DCDDDDDC7090B4B8D8B448
:20AAE000B4B4B490909090909090909090908C8C8C8C8C888C8C88888C8C8C8C8C8888686A
:20AB000024242424488C6C8C8C8C90909090909090B4B490684824008CB4B4480424044C51
:20AB2000B4B4B4DCDCDCD86C240404244CD8D890B4D8D8D89145212121212101000000008D
:20AB4000000000000000240000000000002828484870B890280400000000000000000024E9
:20AB6000242400000000000000000000000000282C2C303030303030303030452221212193
:20AB80002121010121250101010122424222222243434322004500004924002400498E691A
:20ABA00045242492DBDBDBFFFFFFFFFFFFFFFFFFFFFFFFDBDBFFFFFFFFFFFFFFFFFFFFFF46
:20ABC000FFFFFFFF9224000000000024957594DCDCDDDCDCB8DDDDDDDDDCDCDCD9DDD8B4B2
:20ABE000B4B4B4B4909090B4B4B4B4B490908C8C90908C888C8C8C909090908C8C8C6C6889
:20AC00002424242424446C8C8C8C8C90909090909090B4B4B4B4908CB4B4B4B49028042810
:20AC2000B4D8B4B4D8DCDCD8DD9100000048DCB4B4DCD8DCDCB8452101012101000000040C
:20AC4000000424000000904C0000000000000024484CB4B8B46C4800000000040000000060
:20AC600024040000000000000000000000000004282C282C30303030302C28040122212153
:20AC800021212101212422210101222221224343432200006D712492B649494949450000A1
:20ACA00000000071DBDBDBDBFFFFFFFFFFFFFFFFFFFFFFFF92B7FFFFFFFFFFFFFFFFFFFF84
:20ACC000FFFFDB8EB6B66D000000000024BADCDCDDDEDCDCDDDEDDDDDD906C4CD9DCD8B84C
:20ACE000B8B4B4B4B4B4B4B4D8D8B4B4909090B4B4908C8C8C90B4B4B490908C6C6C686C48
:20AD0000686868484444488C6C6C8C908C8C8C909090B4B4B4B4B4B4B4B4B4B4B4B4480453
:20AD20004CB4D8B490B4D9DDDDD9916C287090D9DDDDD8B4D8D8B8210101010100002424BE
:20AD4000000000000000044800000000000000482428B4B8B4B89128240000282400000012
:20AD6000000400000000000000000000000004482428282C2C28040404000000002222211E
:20AD8000212121210121222200014521212222220100246D71004D969192926D450000008E
:20ADA00000246DB6FFFFFFFFFFFFFFFFFFFFFFFFFFFFFF716D92718EB6DBFFFFFFFFFFFF61
:20ADC000FFB68EDBFFFFFFDB6D00000024DBDDDCDDDCDDDEDED9709148240048DDDDD9D90C
:20ADE000D9B8B8B8B8B8DCDCDCD8B490B4B4B4B4908C8C8C90909090B4B490908C9090902A
:20AE000068686C6C6868688C8C8C8C90909090909090909090B4B4B4B4B4B4B4B4B4904C52
:20AE20008CB4906890B4D8B891D9DDDDDDB46C9091D9B870B4D8B46C01010101000004000F
:20AE400000000000000000000000000400000424000470B8B4B8DC90492404246C24482431
:20AE60000000000448000000000000000000002804002404040000000000000000042122E7
:20AE8000222221212121212124012101010101256D92926D49719592916D24000000000038
:20AEA00024498E9296B6DFFFFFFFFFFFFFFFFFFFFFFF6D49969292926D6D6D71B6FFFFDB9C
:20AEC0008E92FFFFFFFFFFFFFFB649006DFFDEDCDCDCDDFEDE4C0424242424B5DDDDDDDDBA
:20AEE000D9D9D9D9D9DCDCDCD8B4B4D9D9B8D9B4B4B490B4B4B8B4B4D9D9B4B8D9D9D9D948
:20AF0000486868686868686C8C6C8C9090B4B4B4B4B4B4B49090688CB4B46C6C8C9090D8A5
:20AF2000D8B4B448B4B4D88C8CD9DEDEDDB47090906CB56C70B5D9704D2101010000000010
:20AF40000000000000000000000000000000000000004CD8D8B8D9D991B56C2448916C6C04
:20AF600028040024B44C000024000000002400000000000000000000000000000408082401
:20AF8000212222222101210124240101016A92B69249244D6D4824000000000021464621F6
:20AFA00000000000002424496D92B6FFFFB6FFFFFF6D246E6D49496D6D6D6D4949498E6E11
:20AFC000DBFFFFFFFFFFFFDBDBDBDB8EDBDBB6DCDCDDDEDE4824242424006CDDDDDDDDD954
:20AFE000D9D9DDD9DDDCD8DCDDD9D9DDDEDEDED9DDDEDED9DDD9DDDDDDDEDDDDDDDDDDDDD2
:20B0000048686868686868686C6C6C8C8C8C90B490B4B4B4B4B46C8C906C4C4848486CB498
:20B0200090B4D8B4B4B4D8D9D8D8B8DDDEDEB5B5B56C6C28486CB5919090450101000000A6
:20B0400000000000000000000000000000000000240048B4B4B4B8DDB5B5DA916C6CB591E0
:20B060006C4824004828000428240000000000000000002424000000002400040808080CA4
:20B080001028212101212101204C24006ADB9249000000202120002425454663878BCF8B3E
:20B0A00046000000002424452424494D4D4592DB4924494949496D6D49494949492424DBE5
:20B0C000FFFFFFFFFFFFFFDBDBDBDBB7DBB792D9DDFEFEDE24242828280491DDDDDDDDD9FE
:20B0E000DEDEDEFEDDD8DDDEFEDEFEDEFEFEFEDEFEFEDEDEDEDEDDDEDEDEFEDEDEDDDDD980
:20B10000686868686848686868686C6C6C8C8C8C9090B4B4B8B8B8B4B44C484C4C4C6C90CB
:20B1200048B4DDDDD9B8D9DEDDD970B4DDDEFEFEB548000024286CB56C91916C21000000FB
:20B14000000000000000240000000024000000000000004C90B4B8D9906CB5DEDA9191B546
:20B16000B59148240000002424002400000024000000000004480000000004080808080815
:20B180000C100C102800000101284C699224000024244546676763636645454966466646C2
:20B1A000422000000024242424456D7124000024004549494949494949494524242400DB19
:20B1C000FFFFFFFFFFFFDBDBDBDBB7B6B6B68E96FEFFFFFF71242824246CDADDDDDDDDDD75
:20B1E000DEDEFEDED8DDDEFEDEDEFEDEDDDEDEFEFFDED9DEDEDDDDDEDEDEDEDDDDDDD9D90A
:20B200004448686868486868486868686C6C8C6C8C688C90B4B4B8B8904C4C4C484C4C487E
:20B22000484CD9B8DDD9D9D9D9B4B4B8B4D9DEDADEB56C240424246C916C6C916C01000001
:20B240004C000000000000000000002400000024000000004828484804046CB5DEDEB5912F
:20B26000B599916C2824042424002400000028488C682400000000000000082828080808CF
:20B280000C0C0C102800000000006C6900000024454545254545464645242424000000009E
:20B2A00000000000002400000000000024000000242424244545454524242424240000DB13
:20B2C000FFFFFFFFFFDBDBDBDBB7B6B292926D92FEFFFFFF9624040049DEDDDDDDDDDDDCB8
:20B2E000DCDCDCD8DCDDD9DDD9D9D9D9B4B8DDDDDDD8B4D9D9B4B8D9DDD9B8B8B8DCB4908B
:20B30000444444444868444868686868688C8C8C6824288C909090B4B4B46C6C4C484C4C25
:20B320006C6C6CB4DCDDB5904C4C7090B8B4D9B5DEDEDE482404042491916C6C6C480000A5
:20B34000000000000000000000244C0404000000000000000000000000004C6C91DADEDA9A
:20B36000B5DDD9B5916C240000002404000000008C90B490240000000404282808080C0864
:20B3800028500C0C0800000000004500002424452545452424242400000000000000000004
:20B3A0000000000092FF49000000000000000000000024242424242424242424000000B695
:20B3C000FFFFDBFFDBDBDBDBDBB6B692928E696EFFFFFFDF48244896FFFEDEDED9D8DDDD0F
:20B3E000DDD8B4B4B4B4B4B4B4B4B4B4B4B4D9B8B4B4B4B4908C90B4B4909090B4908C68CB
:20B40000242424442444444444484444444468486C48689090906C90B4B4B4904C28484CC4
:20B42000B4D8704C8C906C7024284C4C4C6C9090D9DADEDEDA48006CB5916C486C6C4901F7
:20B4400000000000000024480000286C00000000000000002424006C8C6C6C044891B5DE64
:20B46000DEDAFEDDD9916C244890902804000000244C8C90480000000004080808080C287F
:20B480000850100C0C240000004549454549494945242400000000002471240000000000CF
:20B4A00000000045B6DB69000000000000000000000000000000000000000000000000B697
:20B4C000FFDBDBDBDBDBDBB7B6B692926E6E496DFFFFFF717196DFFFFFFFFFFFDDD9FEFE71
:20B4E000DED9D9B4B4B4B4B4B4B4B4B4B4B4B4B4909090908C8C90908C6C8C908C68686848
:20B50000442424242024242024244420202024204468488C906C8C8C8C90908C6C484C8C6B
:20B52000B4D88C282424282404044C8C6C484C689090DEFEFFFFBABA91916C6C6C6C6C49FA
:20B5400001000000000000000000002400000024484824000048484C90B42400044870B539
:20B56000DEDEFFDEDEDEB56C70908C240424242400000000040000000004286C4C08282CF1
:20B580000C0C3010104C28242421244545454524240000000000000071FF920000000000E4
:20B5A00000000024244545000000000000000000000000000000000000000000000000B603
:20B5C000FFDBDBDBDBDBB7B6B6B6928E6D6D4949FF9696FFFFFFFEFFFFFFFFFFFFFFFFDEC4
:20B5E000D9D9D9B4B490B4B4B4B4B4B4B4B49090908C8C8C6C8C8C6C686C8C6C6868686878
:20B6000044244444242024202420242020202020202420204424488C9090908C6C6C8C68E2
:20B6200048906C242424240424244CB4B4B44C686C7090D9DEDEB59148916C6C6C6C9191DC
:20B640004D45280000040400000024040000242824486C2400000000244800000028286C90
:20B66000B5DADEDEFFFEDED99070280404486C6C040000002424000000044C906C08082CA7
:20B680000C0C3050105048240000002424242400000000000000000049696900000000009B
:20B6A00000000000000000000000000000000000000000000000000000000000000000B6D4
:20B6C000FFDBDBDBDBDBB6B69292926E6969496D920491FFFFFFFFFEFFFFFEFEFEDEB490D1
:20B6E00090B4DED9B4B4B8D9B4B4B4B4B4B4908C8C8C6C686C8C6C6C6C6C6C6868686868FA
:20B700004444444444242420242020202020242020242420202020444C6C909068446868E5
:20B7200044484824240404044C48002890B4B4904824289070917048B5DEB59191916C91C8
:20B740006C6C48240004000000000424000000709048246C91480000000024282800242808
:20B760006CB5D9DAFEFEFFDED9DA7028282491916C24000424242424484804482804080827
:20B780002830305054306C4800000024242400000000000004000000000000000000000029
:20B7A00000000000000000000000456D24000071240000000000000000000000000000B668
:20B7C000FFDBDBDBB6B6B6B696928E6D4949496DB691FFFFFFFFFFD9B8FEDDD9B8B48C8C8B
:20B7E0008C68DAFED9B4D9B8B4B4B49090908C8C6C6C68686C6C6C6C6C6C6C6C6C68686CCB
:20B800002024444444444424202020242020446820202020202024442424444448444444F0
:20B82000446C68682800000024242404246C8C448C48484C4C484890DEDEDD7090706C6CDB
:20B840006C6C6C6C6C6C4C040000242400000004B8DD6C0470B571490400484C0424906C24
:20B86000286C90BDDEFEFEB5DEFED9916C6C4891B59148242404916C04040400242C080422
:20B880000430305075546C6C00002445240000244900000000000000000000000000040055
:20B8A00000000000000000000000496A240024DBB60000000000000000000000000000B646
:20B8C000DBDBB7B6B6B69296B5926E240045496EFFFFFFFFFFFFDEB4B4B8B8B49090909038
:20B8E000908CD9B4B4B4B4B4B4B490908C8C8C8C6C6C6C8C6C6C6C6C6C6C6C6C68686C8C1F
:20B90000202020244444444444202020242020442420202020202024242424240420244423
:20B92000444444482400000004240404004844240424248C8C4C4C6C7091D9704C24242485
:20B940004890706C6C909048000000000000000028D9D904002449B5DA71240024484C70C8
:20B960006C484870D9DEFEB590DEFFDAB5DA6C4891B591916C2824712404240004284C24EE
:20B9800004082C507599719100244900000024B7DB240000000000000000000000000000C8
:20B9A000000000000000000000000000000092DBDBB60000000000000000000000246D698F
:20B9C0006EB6B7B6B6929192926D240000004592FFFFDEDED9D9B4B4B4B4B4B4909090908D
:20B9E000B4D9DDDDB48C8C9090908C8C8C8C8C8C6C8C8C8C6C6C6C6C6C8C8C6C6C6C8C8C9C
:20BA0000202020202444444444442420202020202020204424202024242424200000244846
:20BA2000444424244C240000244C2404042824440000006CB44C4C4C2404246C904C2824B6
:20BA4000244890706C6C48482404000000286C00002890000000002491DAFE9548240024EC
:20BA60006C919170B5B5DAFEDEDEFFFFFFFFDA916CB5DAB5B5904824916C000004046C2869
:20BA80000808082C75DEBA71242400000000246A8E49000000000000000000000000000037
:20BAA000000000002400000000000000006EB6B6DBDB92000000000000004971B6DBFFDB1B
:20BAC0008E496D92928E6D8E49240000000045B6FFDDB4B4B4B4B4B4B4B4B4B4B4909090C5
:20BAE000B4904C90B46C688C6C8C90D9D9D9908C8C8C8C8C6C6C6C6C6C8C8C6C8C8C8C6807
:20BB00002420202024244424244444242020202020202424202020202424444420244448F9
:20BB200044242004484C4C0400487024282400200000204C28242424242800006C704C8C4D
:20BB4000480048B46C6C6C6C6C6C2404246C48000000000000240400002471FEFF95480082
:20BB6000246C91B5D9B5B5D9FEFFFFFFDEDEFEDAB5B5DADEDEB56C0424B56C00042424711D
:20BB80006C28283099DEFF750000000000000000200000000000000000000000002000008E
:20BBA0000000006EB6490000000000498E9292B6B6B6DB9200244971B6DBDBDBDBDBDBDBFD
:20BBC000DBB66D49696D494900000000000049DDDCB4B4B4B4B4B490B4B49090B4B4906804
:20BBE0008C6800046C8C8C8C8CB4DDDDD9908C8C8C8C6C6C6C6C686C6C8C6C686C6C6848D2
:20BC00002020242024202020202020442020202020246868442020202044684820002020CC
:20BC200024242024286C4C6C2424282424042404000024280404000424482400004C2404EC
:20BC40002404004CB4706C6C70906C6C6C48242404002424004C2400006C2448BAFFFE96BF
:20BC600049484891DEDAB5B5B5DEFFFFDEDEFFDEDEFEDADAFFFEB56C486CDE91284891B587
:20BC8000DAB5915095FEFFB6000000000000000000000000000000000121000001000000C9
:20BCA00000000045492400000045696E6E8E8E929292B2926DDBDBDBDBB7B7B7B7B7B7B659
:20BCC0009292926E4924240000000000000070DCB4B4B4B4B4904C286CB48C2448904C04E3
:20BCE000246C8C8C8C8C8C8C9090B4908C8C8C8C6C6C6C6C6C6868688C6C68686C8C6868F4
:20BD000020202024242020200020202020202020202044688C8C482044244444442000007B
:20BD20002024202024242024480000040424242428002424040404040400000000000400AF
:20BD4000000000004C4828244C706C6C916C6C6C484848482448282448706C6C6C91DEFF58
:20BD6000FFBA9148DAFFFEDEB5D9DEDEFFFFFFFFFEFFDEDEFFFFFFDE917091BA916C91B513
:20BD8000DEDEB591BADADEFF6D000000000000000000482400000021210000000000000015
:20BDA000000000000000002449494969696D6D6E8E8E924992B7B6B6B6B6B6B6B6B6928E5A
:20BDC0008E6E6D6D49000000000000000004B8D8B4B4B4B490482424244C6C040024044870
:20BDE0006890B4908C8C8C8C8C6C68686C6C6C6C686C6C6C8C68688C9090688C908C8C8C83
:20BE00002020202424202020002020202020202020202020448C906C2000204468440000BE
:20BE200000000000200000000000002404484C284848907090906C4C906C00000400000096
:20BE40002804000000000000242424486C919091916C6C48482424486C6C6C6C6C6C6C91D6
:20BE6000BAFFFFDEDEFFFFFEDEDEDEDAFEFFFFFFFFFFFEFFFEDEFEFFDED9B591DA914D91C9
:20BE8000B5DAFFDA9191FFFFDE4C0000000000000000000000496D0000000000246C240086
:20BEA000242424242400454949494949494949696D6D49499292929292929292928E6E6EE0
:20BEC0006D6969494500000000000000004CD8B4B4B4B490242424240424282400046C8C11
:20BEE000446890B48C8C6C8C6C6C6C6C6C68688C8C8C8C908C6C8C909090909090908C8C0A
:20BF0000202020204420202020202020202020202020202020244448200000444868440055
:20BF2000000000000000000000002020202424244C4C8CD9DDDDD9D9DDDD90240404000452
:20BF40004C24000400000024482424242870B4919190906C6C6C6C486C906C6C6C6C6C6C8B
:20BF600091B5DE916CDAFFB57091DAFFFEFEFEFFFFFFFFFFFFD9B8D9DEDEB5D9DADE9591B2
:20BF800091BAFFFFB596BAFEB8702400000000000000000024492400000424496D494824E5
:20BFA00024242445494545494949494949494949494924496E6D6E6E6E6E6E6E6E6D6D694D
:20BFC00049494949240000000000000000B4B4B4B4486C6C006C6C242424282828689090E5
:20BFE0008C6C8C8C8C6C6C8C68686C686C6C8CB4B4909090908C909090909090908C6C8C91
:020000040038C2
:20A0000024202020444420202020202020202020202020202020204420002000446844445C
:20A020004420202020200000202024042020000004240070D9D9D9D9D9DDDD700024044825
:20A04000282448D9700400046C2804006C6C246C6C70916C916C706C6C706C6C6C4828B425
:20A06000B59191914848B5704C4C90B5DEFEDAFFFEFFFFFFFFFED9B4B4DEDEFEFEDEDEB5CF
:20A08000B4DEFFFFFFFE91BA954C90916C204266000000000000242449494D6C6C6C6C4D8E
:20A0A000452424244549454949494949494949494949244949696969696D696969694949FC
:20A0C0004949494900000000000000008CD8B49090240000004C90240000246CB49090B4E8
:20A0E000908C8C6C686C6C6C6C6C686C909090B490909090908C909090906C8C908C8C8CC8
:20A10000442424444468482024442020202020442420202020202044442000202044444873
:20A120004444202020202020202020202000448C682400004CDCDDDDDDDDDDD92424284CCD
:20A1400024044C7048242424244C2800282400246C6C486C70706C6C6C48487070280470A3
:20A1600091B5B5B5B56C90904C6C6C7070D990FEDADEDAFFFFFFFFD9B4D8DDFFFFDEB8DE41
:20A18000D9DD9691FEFFFFDADE91B5D9DE9242450000000071B5916C6C6C6C6C6C6C91914B
:20A1A00045002424454549244549494949494949494545494949494949494D49494949494B
:20A1C000494949240000000000000048B48C240404282400000000000004288C8C9090908C
:20A1E0008C8C6C68486868686C68688C908C8C6C8C6C8C908C8C908C8C8C8C908C8C906C87
:20A20000484444486868684444444444444444444444444844444448684424242444486856
:20A220006C4420000024244420442020200044B4D8B44800006C90B890D9916C2424242488
:20A24000000404040404286C902824040404486C4828484C6C9070704C90D9DDDDD928006A
:20A2600024287091B5DED9DD6C6C484C4C94B8B5B5B5DADEFEFFFFFFDEDCB4D9DBB5D9FEC4
:20A28000D9D96C6CFFFFFFFEFEFEB5246CDEDA4D000045BAFEFEDE916C6C6C6C916D9191B9
:20A2A0006C00000024454500000000002424242424244949494949494949494949494949AE
:20A2C0004949490000000000000024B448242400006C8C0400484C28688C8C9090B4908C13
:20A2E0008C908C8C688C90909068686C8C8C8C686C6C688C90908C8C8C8C8C8C8C8C8C6CFA
:20A30000484848486C6C686844686C8C686C446848448C8C8C688C8C8C8C906C6848488C09
:20A32000B4904424448C908C6C8C9068444444448C8C90684444486C4848202024244C04D1
:20A3400024442004248C6C6C6C48282824046C4C24002448486C4C704848B4DDDEDED94C03
:20A36000040424002490D9B59191706C4CB5DDDDD970D9DEDEFEFFFFFFFFDCB46C91FFDD75
:20A38000DDDDFFB591BADEDEFEDE952448DAFFDEB5B6FEFEFEFEFEFEB56C916C6C9191B5F4
:20A3A0006C6C2400244549000000000000000000000000494949494949494949494949493A
:20A3C000494924000000000000289028000448240024480000244890B490B4B4D8B49090B7
:20A3E000B4B4B4D890B4B4D8B4B4B4B49090908C908C8C908C8C8C8C6C8C8C8C8C908C8CE1
:20A4000048486868686C686848688C8C8C8C68688C6C8C8C8C8C8C909090B4B4908C90B45C
:20A42000B4B4908C9090B4B4B4B4B4B4B490B48C6C8C90B4B4909090B4908C68488C90443C
:20A440006C8C6820448CB49048282848482400040404046C6C2424284C4C2470D9DEDEDD26
:20A460004C24242404242424286C717070FEDEDDDEDEDDDDDEDEFEFFFFFFFFDED9DEDED99E
:20A48000DDDEDEB524242891FEDEDE91DA95B5D9D9FEDEDADADEDEBADEDE916C6C6C919193
:20A4A00091916C450000240000000000000000000000000045494949494949494945494941
:20A4C0004524240000000000486C0000000004040000000024244CB4B4B4B4B4B4B4B4B44B
:20A4E000D8D8D8D8B4B4B4B4D8D8D8B490B4B490B48C8C6868686C6C6C8C8C8C90908C8C44
:20A5000044444868686868686848686C6C6C6C6C8C8C8C8C6C8C8C8C8C90B4B4B490909007
:20A52000908C8CB4B4B4B4B4B4B4B4B4B4D8D8B490B4B4D8D8B4B4B4D8B490B4B4B4B4B4A3
:20A5400090909090B4908C8CB4904C2848904C2424284848482828286C704C244870906CC3
:20A560004848280448482424042428484C9170B4B8D9DEDEDED9DDFEFFFEDEFEFFFFD9D946
:20A58000FEDEDDD970040424B5DEDEDEB5B56C90DDDE90B5DADEDEB5D9DEDE91916C6C916D
:20A5A00095916C6C24000000000000000000000000000000002449494949494949454524A8
:20A5C0004545494524242424280000000000040400000024288CB4B4D8B48C90B4D8B4D8A3
:20A5E000B4B4B4B4B4B4B4B4D8B4B4B49090B4908C4444444444486C8C8C8C6C688C6C68F7
:20A60000444444484468686868684448686C686C6C8C8C6C6C8C8C8C8C8C909090908C9032
:20A6200090908C9090B4B4B4B4B4B4B4B4B4B4B4B4B4D8D8B4D8B4D8D8B4B4B4B4B4D8D856
:20A64000B4B4B4B4D8D8B4B4B4B4B49090D9DC9090909090906C6C28486C706C4C4C482829
:20A6600048282824484C2424242448282424286C6C7090B8D99070D9DDDDFFFFFFFFD9D970
:20A68000FFFED9B4D9916C48B5DDDEFEB5D99048D9DDB5916CB5DEB5D9DEB5DADEB56C6CDD
:20A6A000919191919148000000000000000000000000000000000024452445454545454552
:20A6C000494949454524240000242400002404000024242490B4B490688C90B49090B48CD1
:20A6E000686CB4B4B4908CB4B468689048448C44484424242444688C8C8C6844446C4844FA
:20A70000444444444444686848684844446844686C686868688C8C8C8C688C8C9090909041
:20A7200090B4909090909090B490B4B4B4B4B4B4B4B4B4B490D8D8B4B4B4B4B4B4B4D8D84D
:20A74000B4B4B4B4B4B4B4D8D8B4B4B4B4DEDEDCDCDDDDD9D9DEDEB591919090704C70B519
:20A76000B56C6C6C6CB56C6C916C91486C2828284C4C4C6C706C484C70B5FEFFFFFFDEDE91
:20A78000DEFFFFDDD9DDDDB5B59091DED9B8B4707090B5B5D9DDB5046CDEB5DDDDD991242F
:20A7A000246C6C6C916C4D24000000000000000000000000000000002445244549494945D1
:20A7C000496C4524242828000048240000042404202448686868442044686848686C44446F
:20A7E0004890908C6844448C44204448444444444444244444688C8C68484444444444240D
:20A80000444444444444486848444444444444444844442444686C68686868688C8C8C9084
:20A820008C90909090908C8C90B4B4B490909090B4B4B49090B4B4B4B4B4B4B490B4B4B4E4
:20A84000B4B4B4B4DDB4B8D8DDDDD9B8DDDDFFDEDEDEDEFEDEFEFEFED9FEFFFEDEDEFEDE49
:20A86000DEDEB5DADEDEDADADEDADEB5B595916CB5916C6C486C48284C489190B5DEDEFF24
:20A88000DDDADFFFFEDDD9DDDDB59191907090906C6C6C6CD9B8DD91B5D9DDB5B5D9B56C40
:20A8A00024242400486C6C6C4924000000000000000000000000002445452424244545454A
:20A8C00049492400040400000000000400242420202424200000004444000024442420444E
:20A8E0004444202000204424202444444444444444444444686C6C684444444424242424D4
:20A90000442444444444444844444444444444444444440004000424446868686868688CDB
:20A920008C8C8C909090B48C90B4B4B4B4B4908C909090908C90B4B4B49090B4B8B4D9D9E9
:20A94000B4B8B4D9DEDDDEFEDDB8D9FEFFDEDEFFFFFFFFFEFEFEDEFFDEDAFEFFFFFFDEFEDE
:20A96000FEDEFEFEFEDEFEFEDEDEDDDEDDDEDEDED9DDDADE90B5B56C8CB4706C4870B4DEFF
:20A98000DE8C6CDADEB590B5B8D9916C6C242428284848446C7090709190D96C2891916CD1
:20A9A0004828200000240024244945000000000000000000000000242424002424242424ED
:20A9C000240000000000000000002824000000000000000000000020000000200000202483
:20A9E0002020202020242420202444444444242424444444444444444444442420244444F7
:20AA000044242420444424444444444444484444444448444404242444486868484844445E
:20AA2000688C686C8C688C90909090B4B4B48C6C908C9090888CB4D9B4B490B4D9DAFEDE62
:20AA4000DDD9DAFFFFFFFFFFFEB8DAFFFEFFFEDEFEFEFEFFFEFEFEFEFEDEDDFEFFDEB4DEEC
:20AA6000FFFEDEDEDEDEDEDEDEDDB8D9D9D9DDD9B4B4B8D9B8B8B8B4B4B4B4B48C9090B4EC
:20AA8000916C8C9090909090909090908C6C8C68446844242404042424486C0400042428A1
:20AAA000240424000000000000000000000000000000000000000000000000240000000026
:20AAC000000400000000000000000000000000000000000000000000000000000020202012
:20AAE000202420202020204424202444442424242444444444442444442424244444444432
:20AB00004444442044442424204444444448444448444448684448444848484448484444F5
:20AB200048686844684848688C8C9090908C68688C8C918C686891D9DEDEDADAB4FEFFFEA7
:20AB4000FEDEFFFFDEFFFFDEFFFFDEDEFEFFDEFED9DEDEDEDEDADEDEDADED9B8DEDEDED92B
:20AB6000DDD9D9D9D9D9D9D9D9B4B4B4B4B4B4B49090B4B4B4B4B4B4B4B4B49090B4B490B8
:20AB8000B490908C8C8C8C90908C906C688C8C8C6C6C484424200000000000000000000055
:20ABA000000000000000000000000000000000000000000000000000000000000000000095
:20ABC000000000000004000000000000000000000000000000002020000000204424200089
:20ABE0002444242020244444444444444444444444444444444444444420244444444424E1
:20AC00004444442444444444204448444448444444444448444848444844444444484844D8
:20AC20004848484448444444889188706C91B56C6CB5B58891916CDEFEFFFFFFDEFEDEDA5C
:20AC4000B5DEDEDEDEDEDEDADEFFDEFEDEFEFEFFFEFFFFDADEDEDA90B590B590B4B8D9B420
:20AC6000B4B4B4B4B4B4B4B4B4B49090B4B4B4908C90B4B49090B4688C90906C8CB48C6CF0
:20AC800090908C8C6C68686868484420442420202444242020000000000000000000000050
:20ACA000000000000000000000000000000000000000000000000000000000000000000094
:20ACC000000000000000200000002000000024200020202020444444242424444444442404
:20ACE0004444444444444444444444444444444444444424244424442024444444242424D8
:20AD00004444444420444444442444444444442444242444444448484844444448486868FB
:20AD2000688844444848916848B5B5914491B5B5B5FE9191B5DAB5BADEFEFFFFFEFEFEFFEA
:20AD4000DEDEDEDEDEDADEDEDED9DEFFB591FFFFB5DADE9191DA918C908C8C8C90B4B4B4C9
:20AD6000B49090B4909090B4B490B4B4B490906C486C908C8C6C6C48686C68688C8C6868F3
:20AD800068686868686868484444442044240020000000000000000000000000000000001F
:20ADA000000000000000000000000000000000000000000000000000000020200000000053
:20ADC00000002000202444442424442400204444244444444444444444444444444444440F
:20ADE00044444444444444444444444444444444202020202444444424442424202024444B
:20AE0000244424442424444444444444444444244444244444444448486C44446C88686C8A
:20AE20009191916C9148B5B56891B59191B5B5B5B5DADADEDAB5B5DADADADEDEDEFEFFFF12
:20AE4000FFDEDEBAB5B5DADEDEB588B5BA486CB5888C8C68489168688C8C6C8C8C9090906B
:20AE600090908CB4906C9090908C90908C68688C6C688C908C48906C6C8C8C6C8C906C6C8E
:20AE800068686C8C8C90908C8C686C906C8C6848244448686868442420202000000000204A
:20AEA00020000000000000200020242000000000002444200020442024444444442420006A
:20AEC000202024444844444444444448444444444444444444444444444444444444444452
:20AEE000444444444444444444444444442444242020202020202424202020202020444402
:20AF00002020204444204444444424242444444444484844444444489188889191916C9164
:20AF2000B5B5B5B5DA916CDE9191B59191B5B5B591B5DEB5B5DADADADEB5DAB5DADEBADEE2
:20AF4000DEDEDEDEB56C91DADA6C44446C6844444468686844688C44486C6848489090906F
:20AF60008C8C6C8C90488C9068684848444448689090B4B4908C909090B4B4B48CB4909065
:20AF800090909090B4B4B490B49090B49090908C909090B4B4B4908C908C8C4844444468F5
:20AFA00068244400204468684448484444444444488C6C6C68686868684868686868444441
:20AFC0004444446848484844444444444444444444444444444444444444444444444424E1
:20AFE00044444444444444444444444424202420202020202020242020202020202444206D
:20B0000020202020444424244444442420482844446C6C6C6C48686C918891B5B5DA91B5D8
:20B020009191B591DADE91B59191B5B5B5B5B5B591B5B591B5B5B5B5B59191B5B591B5B5AE
:20B04000919191B5B5884868888848444448444444488C6C484868448C684444444844449B
:20B06000448C68686C4844684444444444444844688C90B490B49090B4B4B4B490B4B4B494
:20B08000B4B4B4B4B4B4B4B4B4B4B4B4B4B4B4B4B490B4B4B4B4B4B4B4B4B4B4908CB48CC8
:20B0A000906C6C68446C908C68684868686C8C6C908C8C8C8C8C686868686848686868488C
:20B0C0004848484848684444444444444444444444444444444444444444444444444420DC
:20B0E0004444442044442444444444442020242020202020242020202020202020202020DC
:20B10000202024242020444848486C48246C6C486C9191B5916C919191919191B591919145
:20B1200091919191B5DAB5B591B5B5B59191B5919191B59191B5B59191886C919188917096
:20B14000886848888C6C4444486C4844446868444444688C686844488C68444444444444B3
:20B16000444848484444684844444444444448484448488C48908C8CB4B4B4B4B4B4B4B463
:20B18000B4B4B4B4B4B4B4B4B4B4B4B4B4B4B4B4908C90B4B49090B4B49090B490686C8C0F
:20B1A0008C8C6C908C68908C6C8C688C6C8C8C688C8C8C6C6C6C686C8C686868686C68488F
:20B1C0006C68684848444444444444444444444424444444444444444444444444442020DF
:20B1E000442420204424204444442420202020202020202424202420202020202020202083
:20B20000202044484444444D6C6C91916C91916C91B5919191B5DAB5919191919191919190
:20B2200091919191916C91B5DADAB591916C91919191916C486C91918844689144446C6858
:20B2400068684848688C68444448684848484844444444448C8C686848686844444448442E
:20B26000484444484844688C68444444444448444444446848686C688C90B4908CB4B4B42E
:20B28000909090909090B4D8D8B4B4B490B4B4908C686C8C8C6C8C6C6C6C688C8C686C68D6
:20B2A0008C8C6C6C8C688C8C8C8C8C908C906C8C908C8C8C8C6C6C8C8C6C6C686C6C686CAE
:20B2C0006C6C6C6C6844484444444444242444444444444424442424444444442420202052
:20B2E0002420202444202444442420202020202020202020202024202020202024202020CA
:20B30000444448484844446C9191919191916C916C91916C91DADADA9191919191916C91FA
:20B3200091916C9191486C9191B5B5B5916C6C6C686C6C4444488888444444444444444453
:20B340004468686844446848444444484844444848444444446C8C48444848444448484445
:20B3600048444444444844688C4844484848484444446868484868684848908C446CB48CB1
:20B38000686C686C6C6C6C90D890B490488C906C6C686868688C908C8C68688C8C8C8C8CE9
:20B3A0006C908C8C8C8C8C8C909090908C688C8C8C8C8C908C688C8C6C6C6C686868486C8D
:20B3C0006C6C686844444844444444442044444444442044204424244424244420202020CD
:20B3E0002020204420204444242020202020202020202020202020202020202044202020B9
:020000040039C1
:20A00000000000000000000000000000000000000000000000000000000000000000000040
:20A02000000000000000000000000000000000000000000000000000000000000000000020
:20A04000000000000000000000000000000000000000000000000000000000000000000000
:20A060000000000000000000000000000000000000000000000000000000000000000000E0
:20A080000000000000000000000000000000000000000000000000000000000000000000C0
:20A0A0000000000000000000000000000000000000000000000000000000000000000000A0
:20A0C000000000000000000000000000000000000000000000000000000000000000000080
:20A0E000000000000000000000000000000000000000000000000000000000000000000060
:20A1000000000000000000000000000000000000000000000000000000000000000000003F
:20A1200000000000000000000000000000000000000000000000000000000000000000001F
:20A140000000000000000000000000000000000000000000000000000000000000000000FF
:20A160000000000000000000000000000000000000000000000000000000000000000000DF
:20A180000000000000000000000000000000000000000000000000000000000000000000BF
:20A1A00000000000000000000000000000000000000000000000000000000000000000009F
:20A1C00000000000000000000000000000000000000000000000000000000000000000007F
:20A1E00000000000000000000000000000000000000000000000000000000000000000005F
:20A2000000000000000000000000000000000000000000000000000000000000000000003E
:20A2200000000000000000000000000000000000000000000000000000000000000000001E
:20A240000000000000000000000000000000000000000000000000000000000000000000FE
:20A260000000000000000000000000000000000000000000000000000000000000000000DE
:20A280000000000000000000000000000000000000000000000000000000000000000000BE
:20A2A00000000000000000000000000000000000000000000000000000000000000000009E
:20A2C00000000000000000000000000000000000000000000000000000000000000000007E
:20A2E00000000000000000000000000000000000000000000000000000000000000000005E
:20A3000000000000000000000000000000000000000000000000000000000000000000003D
:20A3200000000000000000000000000000000000000000000000000000000000000000001D
:20A340000000000000000000000000000000000000000000000000000000000000000000FD
:20A360000000000000000000000000000000000000000000000000000000000000000000DD
:20A380000000000000000000000000000000000000000000000000000000000000000000BD
:20A3A00000000000000000000000000000000000000000000000000000000000000000009D
:20A3C00000000000000000000000000000000000000000000000000000000000000000007D
:20A3E00000000000000000000000000000000000000000000000000000000000000000005D
:20A4000000000000000000000000000000000000000000000000000000000000000000003C
:20A4200000000000000000000000000000000000000000000000000000000000000000001C
:20A440000000000000000000000000000000000000000000000000000000000000000000FC
:20A460000000000000000000000000000000000000000000000000000000000000000000DC
:20A480000000000000000000000000000000000000000000000000000000000000000000BC
:20A4A00000000000000000000000000000000000000000000000000000000000000000009C
:20A4C00000000000000000000000000000000000000000000000000000000000000000007C
:20A4E00000000000000000000000000000000000000000000000000000000000000000005C
:20A5000000000000000000000000000000000000000000000000000000000000000000003B
:20A5200000000000000000000000000000000000000000000000000000000000000000001B
:20A540000000000000000000000000000000000000000000000000000000000000000000FB
:20A560000000000000000000000000000000000000000000000000000000000000000000DB
:20A580000000000000000000000000000000000000000000000000000000000000000000BB
:20A5A00000000000000000000000000000000000000000000000000000000000000000009B
:20A5C00000000000000000000000000000000000000000000000000000000000000000007B
:20A5E00000000000000000000000000000000000000000000000000000000000000000005B
:20A6000000000000000000000000000000000000000000000000000000000000000000003A
:20A6200000000000000000000000000000000000000000000000000000000000000000001A
:20A640000000000000000000000000000000000000000000000000000000000000000000FA
:20A660000000000000000000000000000000000000000000000000000000000000000000DA
:20A680000000000000000000000000000000000000000000000000000000000000000000BA
:20A6A00000000000000000000000000000000000000000000000000000000000000000009A
:20A6C00000000000000000000000000000000000000000000000000000000000000000007A
:20A6E00000000000000000000000000000000000000000000000000000000000000000005A
:20A70000000000000000000000000000000000000000000000000000000000000000000039
:20A72000000000000000000000000000000000000000000000000000000000000000000019
:20A740000000000000000000000000000000000000000000000000000000000000000000F9
:20A760000000000000000000000000000000000000000000000000000000000000000000D9
:20A780000000000000000000000000000000000000000000000000000000000000000000B9
:20A7A000000000000000000000000000000000000000000000000000000000000000000099
:20A7C000000000000000000000000000000000000000000000000000000000000000000079
:20A7E000000000000000000000000000000000000000000000000000000000000000000059
:20A80000000000000000000000000000000000000000000000000000000000000000000038
:20A82000000000000000000000000000000000000000000000000000000000000000000018
:20A840000000000000000000000000000000000000000000000000000000000000000000F8
:20A860000000000000000000000000000000000000000000000000000000000000000000D8
:20A880000000000000000000000000000000000000000000000000000000000000000000B8
:20A8A000000000000000000000000000000000000000000000000000000000000000000098
:20A8C000000000000000000000000000000000000000000000000000000000000000000078
:20A8E000000000000000000000000000000000000000000000000000000000000000000058
:20A90000000000000000000000000000000000000000000000000000000000000000000037
:20A92000000000000000000000000000000000000000000000000000000000000000000017
:20A940000000000000000000000000000000000000000000000000000000000000000000F7
:20A960000000000000000000000000000000000000000000000000000000000000000000D7
:20A980000000000000000000000000000000000000000000000000000000000000000000B7
:20A9A000000000000000000000000000000000000000000000000000000000000000000097
:20A9C000000000000000000000000000000000000000000000000000000000000000000077
:20A9E000000000000000000000000000000000000000000000000000000000000000000057
:20AA0000000000000000000000000000000000000000000000000000000000000000000036
:20AA2000000000000000000000000000000000000000000000000000000000000000000016
:20AA40000000000000000000000000000000000000000000000000000000000000000000F6
:20AA60000000000000000000000000000000000000000000000000000000000000000000D6
:20AA80000000000000000000000000000000000000000000000000000000000000000000B6
:20AAA000000000000000000000000000000000000000000000000000000000000000000096
:20AAC000000000000000000000000000000000000000000000000000000000000000000076
:20AAE000000000000000000000000000000000000000000000000000000000000000000056
:20AB0000000000000000000000000000000000000000000000000000000000000000000035
:20AB2000000000000000000000000000000000000000000000000000000000000000000015
:20AB40000000000000000000000000000000000000000000000000000000000000000000F5
:20AB60000000000000000000000000000000000000000000000000000000000000000000D5
:20AB80000000000000000000000000000000000000000000000000000000000000000000B5
:20ABA000000000000000000000000000000000000000000000000000000000000000000095
:20ABC000000000000000000000000000000000000000000000000000000000000000000075
:20ABE000000000000000000000000000000000000000000000000000000000000000000055
:20AC0000000000000000000000000000000000000000000000000000000000000000000034
:20AC2000000000000000000000000000000000000000000000000000000000000000000014
:20AC40000000000000000000000000000000000000000000000000000000000000000000F4
:20AC60000000000000000000000000000000000000000000000000000000000000000000D4
:20AC80000000000000000000000000000000000000000000000000000000000000000000B4
:20ACA000000000000000000000000000000000000000000000000000000000000000000094
:20ACC000000000000000000000000000000000000000000000000000000000000000000074
:20ACE000000000000000000000000000000000000000000000000000000000000000000054
:20AD0000000000000000000000000000000000000000000000000000000000000000000033
:20AD2000000000000000000000000000000000000000000000000000000000000000000013
:20AD40000000000000000000000000000000000000000000000000000000000000000000F3
:20AD60000000000000000000000000000000000000000000000000000000000000000000D3
:20AD80000000000000000000000000000000000000000000000000000000000000000000B3
:20ADA000000000000000000000000000000000000000000000000000000000000000000093
:20ADC000000000000000000000000000000000000000000000000000000000000000000073
:20ADE000000000000000000000000000000000000000000000000000000000000000000053
:20AE0000000000000000000000000000000000000000000000000000000000000000000032
:20AE2000000000000000000000000000000000000000000000000000000000000000000012
:20AE40000000000000000000000000000000000000000000000000000000000000000000F2
:20AE60000000000000000000000000000000000000000000000000000000000000000000D2
:20AE80000000000000000000000000000000000000000000000000000000000000000000B2
:20AEA000000000000000000000000000000000000000000000000000000000000000000092
:20AEC000000000000000000000000000000000000000000000000000000000000000000072
:20AEE000000000000000000000000000000000000000000000000000000000000000000052
:20AF0000000000000000000000000000000000000000000000000000000000000000000031
:20AF2000000000000000000000000000000000000000000000000000000000000000000011
:20AF40000000000000000000000000000000000000000000000000000000000000000000F1
:20AF60000000000000000000000000000000000000000000000000000000000000000000D1
:20AF80000000000000000000000000000000000000000000000000000000000000000000B1
:20AFA000000000000000000000000000000000000000000000000000000000000000000091
:20AFC000000000000000000000000000000000000000000000000000000000000000000071
:20AFE000000000000000000000000000000000000000000000000000000000000000000051
:20B00000000000000000000000000000000000000000000000000000000000000000000030
:20B02000000000000000000000000000000000000000000000000000000000000000000010
:20B040000000000000000000000000000000000000000000000000000000000000000000F0
:20B060000000000000000000000000000000000000000000000000000000000000000000D0
:20B080000000000000000000000000000000000000000000000000000000000000000000B0
:20B0A000000000000000000000000000000000000000000000000000000000000000000090
:20B0C000000000000000000000000000000000000000000000000000000000000000000070
:20B0E000000000000000000000000000000000000000000000000000000000000000000050
:20B1000000000000000000000000000000000000000000000000000000000000000000002F
:20B1200000000000000000000000000000000000000000000000000000000000000000000F
:20B140000000000000000000000000000000000000000000000000000000000000000000EF
:20B160000000000000000000000000000000000000000000000000000000000000000000CF
:20B180000000000000000000000000000000000000000000000000000000000000000000AF
:20B1A00000000000000000000000000000000000000000000000000000000000000000008F
:20B1C00000000000000000000000000000000000000000000000000000000000000000006F
:20B1E00000000000000000000000000000000000000000000000000000000000000000004F
:20B200000000000000000000000400000004040404040404040404040404040000000400EE
:20B220000404040000000000000000000000000000000000000004040404040000000000EE
:20B240000000000000000000000000000000000000000000000000000000000000000000EE
:20B260000000000000000000000000000000000000000000000000000000000000000000CE
:20B280000000000000000000000000000000000000000000000000000000000000000000AE
:20B2A000000000000000000000000000000000000000000000000000000000000024242422
:20B2C00024242424242400000400000000000000000000000000002424242424242424244E
:20B2E0002424040404040404040404040404040404040404040404000000000000000000B2
:20B3000000000000000000000414100C101818181414141414141414141414100C10141075
:20B320001418140C0C0C102C34302C2C2C000004082C00042C080C141414140C0C0C0C0C7D
:20B340000C0C0C0C0C0C0C0C0C0C0C0C0C0C0C100C08000000000000000000000000000015
:20B360000000000000000000000000000000000000000004040000000000000000000000C5
:20B380000000000000000000000000000000000000000000000000000000000000000000AD
:20B3A000000000000000000000004040404040404040404040404040404040406DDADFBA2D
:20B3C000BADADADADFBA6E6E780800000000080804000000006E6EBADFDADADADADABADAD1
:20B3E000DFBD381418181814141414141414141414141414141818080000000000000000CD
:20B40000000000000000000004181810101018181818181818181818181818181010101038
:20B420001018181010345478300C2C2C080800000404000830040450080C301414101010D4
:20B440001010101010101010101010101010101010080000000000000001010001010000D0
:20B46000000000000000010000000000000001000004307854303028000000000004040832
:20B48000040000040800000000040400000000000000000000000000000000000000000094
:20B4A000000000000000000000004040404040404040404040404040404040406DDFDFDF02
:20B4C000DFDFDF79547851082808040400000000040400000024246DDADFDFDFDFDFDFDF49
:20B4E000DFBD381818181818181818181818181818181818181C180800000000000000008C
:20B5000000000000000000000418181810101018181818181818181818181818181010102F
:20B5200010101054783430302C08080400000000000000040804000000040830181810109F
:20B540001010101010101010101010101010101010080000000000000001010101010100CD
:20B560000000000000000001010101010101010108789C54303030302C0404040400000452
:20B580000804000000000000042C0808040101000000000000000000000000000000000059
:20B5A0000000000000000000000040404040404040404040404040404040404044BADFDA54
:20B5C000DFDF751010300C0400000004080400000000000404000000246DDADFDADADADA0E
:20B5E000DFDF7818181818181818181818181818181818181818180800000000000000002D
:20B60000000000000000000004141818141010101818181818181818181818181814101032
:20B6200010105454302C2C2C082C2C0804000000000000000000000000040404341818149E
:20B640001010101010101010101010101010101010080000000000000001010101010100CC
:20B6600000000000000000000001010100000004787C30040808040808080808080800004F
:20B6800000080800000000000408042C30000000000000000000000000000000000000002E
:20B6A0000000000000000000000040404040404040404040404040404040404049DADFDF29
:20B6C000DF7834302C5050080400000000000404000004080800000000044DBADFDFDADA3E
:20B6E000DFDF9D181818181818181818181818181818181818181808000000000000000007
:20B700000000000000000000041018181818100C1018181818181818181818181818100C35
:20B7200010587C54340C080400040404080804000000000000000000002C3004082C1418A5
:20B740001410141010101010101010101010101010080000000000000000000001000001C7
:20B7600000000000000000000000000101000034540804000000040004080400000804080B
:20B7800000000808000000000004080804040000000100000000000000000000000000007C
:20B7A00000000000000000000000404040404040404040404040404040404040406DDF9AE3
:20B7C000543430080400040004040800000004080400040004040000000404006DDADFDA6D
:20B7E000DADF78141818181818181818181818181818181818181808000000000000000034
:20B80000000000000000000004101818181818100C10181818181818181818181818183008
:20B8200058785404040000040400000000040804000000000000000000082C040004543400
:20B840001010181810101010101010101010101010080000000000000000000100010100BD
:20B860000100000000000000000000000004545808042C3008082C0808080400000400044F
:20B880000800000400000000002C54300000000000000000000000000000000000000000EC
:20B8A00000000000000000000000404040404040404040404040404040404040406DDE7805
:20B8C00008040000000000000000040000000000040000000000000000302C00006EDADFD1
:20B8E000DABD38181818181818181818181818181818181818181808000000000000000091
:20B900000000000000000000041010181818181810101018181818181818181818181878C3
:20B92000783008040404082C2C0808000000000400000000000004042C2C08040000000863
:20B940001010141818181410101010101010101010080000000000000000000000000100AE
:20B9600001010000000000000000000004347C789C9C785408080404040404040404040061
:20B9800004040000000000000008300800006E6E0100000100000000000000000000000081
:20B9A00000000000000000000000404040404040404040404040404040404040402C543017
:20B9C00008040400000008080000000000000000000000000000000000302C04006E92BA2D
:20B9E000DFDE79181818181818181818181818181818181818181808000000000000000029
:20BA0000000000000000000004101010181818181810101018181818181818181818143016
:20BA20003034343454542C0404080404000000000000000000082C0C2C342C00000000057D
:20BA4000301010101818181818181410101010101008000000000000000000000000000179
:20BA60000101010000000000000000043478342C302808080404040408000004040000002B
:20BA8000000000000000000000082C040000246E01000000010000000000000000000000DA
:20BAA000000000000000000000004040404040404040404040404040404040404044303022
:20BAC00030545430080808040000040400000000000000000000000004040400006E254A51
:20BAE000BADFDA5818181818181818181818181818181818181818080000000000000000AB
:20BB000000000000000000000414100C1018181818181010101018181818181818143454E5
:20BB2000302C08080C0800000000000000000000000004042C54280000303404000000006D
:20BB400049081010101818181818181814101010100800000000000000000000000000015F
:20BB60000101010100000000000000047830040000000004080804000000000000000000F9
:20BB80000000000000000000042C542C0000000000000000000101000000000000000000F3
:20BBA000000000000000000000004040404040404040404040404040404040404050500421
:20BBC000040408080C04000000000404000000000000000000000000080400000000004ADF
:20BBE00092DADF7918181818181818181818181818181818181818080000000000000000B1
:20BC000000000000000000000418100C101818181818181010101018181818181834782CA4
:20BC200004040004040000000000000000000000000000000804000000042C2C000000008C
:20BC4000000810101010181818181818181818181810000000000000000000000000000183
:20BC60000101010101000000000000289C2C040000040400000400000000040000000404B3
:20BC8000040408040000000000043030080000000000000000000001000000000000000023
:20BCA000000000000000000000004040404040404040404040404040404040404C7C080034
:20BCC000000000000400000000000000000000000000040000000000000808000000002428
:20BCE0006DDADFDF511018181818181818181818181818181010180800000000000000004E
:20BD0000000000000000000004181810101010181818181410101010181818181434300023
:20BD200000040000000004082C04000000000404040004080000040400000404000000009B
:20BD400000012910101010181818181818181818181804000000000000000000000000006D
:20BD6000010101010100000000000454300400040800000004040004040404040428543456
:20BD80003034543408042C0400000408080000000000000000000000000000000000000067
:20BDA00000000000000000000000404040404040404040404040404040404040303404009B
:20BDC0000400000000000408340C040000040408040430300400000000040400000000008B
:20BDE00000BADFDF510C1018181818181818181818181818181410040000000000000000E6
:20BE0000000000000000000004181C1810101018181818181010101010141818342C040032
:20BE200004040000080854787854340C082C347854345830040830340800000000000000AA
:20BE4000000025101010101010181818181818181818040000000000000000000000000081
:20BE600000010101000000000000045404000808000004040400040404083078789C9C9C3F
:20BE8000787878583454542C000000040000000000000000000000000000000000000000D6
:20BEA0000000000000000000000040404040404040404040404040404040404030040004CA
:20BEC0000400002C2C08345C9C7C5430303478785454543454303004000000000000000096
:20BEE000006DDFDF510C101818181818181818181818181818181808000000000000000022
:20BF0000000000000000000008181818101010101818181818101010101010103430000441
:20BF20002800003054307CBDBD9C9C9C9C9C9C9C9C9C7C5854543454340400000000000077
:20BF400000002510101010101010101818181818180C0000000000000000000000000000A0
:20BF600000010101010101000000045430040400043458080430540804549C9C9CBC9CBCC3
:20BF80009C7C7C785858585408000008040000000001000000000000000001010000000022
:20BFA0000000000000000000000040404040404040404040404040404040404030040008C5
:20BFC00004042C783478BCBDBC9C9C9C9C9C9C9C7C787858345454300400000000000000BC
:20BFE0000024DADF510C101018181818181818181818181818181808000000000000000077
:02000004003AC0
:20A0000000000000000000000418181834100C0C14587858585410101010101010540828BC
:20A0200004000C7854349CDEDFBDBDBCBCBCBC9CBC9C7C787C5854540C00000000000000DD
:20A040000000002C1010101010100C101818181010080000000000000000000000000000E8
:20A0600000000001010101000000047830040000349C2C04309C780454BDBCBC9C9C9C9CEB
:20A080009C7878785434545430000000000000000001000000000000000000010100000059
:20A0A000000000000000000000004040404040404040404040404040404040404C0C0804BC
:20A0C00000789C78589CDEDEBDBCBCBCBCBCBC9C9C7C787854345454280000000000000023
:20A0E0000049BADF510C101010181818181818181818181818181808000000000000000099
:20A10000000000000000000004589C9C9C7830496DBADADADADE9D300C10100C10543004EE
:20A120000008789C589CBDDFDADADE9C9C9C9C9C9C9C787878543454342C040000000000F5
:20A14000000000041014100C0C10100C081010101008000000000000000000000008040027
:20A160000000040005050400000000282C00000C9C54042C9C9C04089DBDBC9C9C9C9CBCC7
:20A180009C787878785434585404000000000000000000000000000000000000000000000B
:20A1A0000000000000000000000040404040404040404040404040404040404044300800A3
:20A1C000049CBD58589CDEDBDEBD9C9C9C9C9C9CBC9C7C7858345454300800000000000022
:20A1E00000246E5110101010101018181818181818181418181818080000000000000000E0
:20A20000000000000000000024DFDFDEDEDEBA6E6E92DFDFDFDFDFBA712C10101030500038
:20A2200004549CBC9C9CBCDEDFDE9C9C9C9C9C9C9C9C78787878543454542C0000000000C3
:20A24000000000003058303010100C0C080C10101008000000000000000004081418181032
:20A2600010101010141814080000000008000030BD54089CBD0808BADEBC9C9C9C9CBC9C80
:20A2800078787878785434583008000000000000000000000000000000000000000000004E
:20A2A0000000000000000000000040404040404040404040404040404040404040300400AA
:20A2C000789CBC7C5C9CDEDBDEBD9C9C9C9C9C9C9C7C787878543454542800000000000066
:20A2E00000006E2C10101010101010181818181818185818181818080000000000000000EC
:20A30000000000000000000024DFDFDADADADFDA6E6EDADFDFDADADFBA6E6E303054500073
:20A32000049CBC9CBCBCBCBDDEBD9C9C9C9C9C9C9C7C7878787854345454080004000000BD
:20A3400000000049BADEDABA7958300C100C0C10100800000000000004041018181818189B
:20A3600018101010181C1818181008282C000434BC9C34BDBD309DDEBD9C7C7C9C9C9C7C23
:20A38000787878787878545834040000000000000000000000000000000000000000000405
:20A3A000080404000000000000004040404040404040404040404040404040404030040495
:20A3C0009CBC9CBC9C9CBDDEBD9C9C9C9C9C9C9C7C7878787C58343430040404000000009D
:20A3E00000006E4D101814101010101018181818181814181818180800000000000000000A
:20A40000000000000000000024DFDFDADADADADFBA926E92DADADADADFBA6E6E6E71080003
:20A420002C9C9CBC9C9C9C9C9C9C9C9C9C9C9C9CBC9C789C78585454545404000400000018
:20A440000000006DDFDFDFDFDADABA6D6D6D2C300C08000000000000081010101818181856
:20A46000181010101018181818181810080004589CBCBD9C9C9C9C9C9C7C789C9C9C9C9CC3
:20A480009C9C9C7C7878545858080000000000000000000000000000000000000008101444
:20A4A000141818100800000000004040404040404040404040404040404040404004000478
:20A4C0009CBDBCBCBC9C9C9C9C9C9C9C9C9C9C9C9C7C9C9C7878543430040000000000003F
:20A4E00000006E9210101010101010101018181818181818181818080000000000000000D4
:20A50000000000000000000024DFDFDADADADADADFBA6E4A6EDADADADADF6E6E6E4D040076
:20A52000549CBDDEBDBDBDBC9C9C9C9C9C9CDEDEBCBCBC9C9C78785854542C0000000000B1
:20A540000000006EDADFDADADADFDADADABADADA926D2400000000000810101018181818B0
:20A560001818101010101818181818180C040030BDDEDEBD9CBC9C9C9C78789C9CBEBD9CFA
:20A58000BD9C9C7C7C7C585858540400000000000000080C04040404040404080C1018186E
:20A5A00018181C181000000000004040404040404040404040404040404040404000000C5B
:20A5C0009CDEDFBD9CBCBC9C9C9C9C9C9C9C9CBCBCBCBC9C7C7C5834540800000000000005
:20A5E00000006E9230101010181010101010101018181818181818080000000000000000C3
:20A60000000000000000000024DFDFDADADADADADFDA924A6EDADFDADADFDA6E6E6E00049F
:20A6200034BDDEDFDFDFDEBD9C9C9C9C9CBCBDBD9C9CBD782C280C305458540400000000D0
:20A640000000006E6E92DFDFDADADADFDFDFDFDFDFDF240000000000081010101018181873
:20A6600018181810101010181818181810040478DEDEBDBDDEBD9CBC9C9C9C9CBC9CBCBCE1
:20A680009C5834302C0C2C5458580C00000000000000081010101010101010101010101016
:20A6A0001818181830000000000040404040404040404040404040404040404040200030FA
:20A6C0009CDEDFBD9CBCBCBC9C9C9CDEBD9CBC9C9C9C9C58585854545854040000000000FD
:20A6E00000006E9230101010181818101010101010101818181818080000000000000000C2
:20A70000000000000000000024DFDFDADADADADADADADA6E6E6EDADFDADFDA6E6E6E0004A3
:20A72000589C5024294D78587CBC9C9C9C9C7858340C280804040400085458300000000093
:20A740000000006E6E6EDFDFDADADADADADADADADF92000000000000081010101010181828
:20A760001818181810101010181818181000049C9D2C2C305078587CBC7C7C9CBC5C585454
:20A780000804040404040004305858040000000004040810101010101010101010101010D5
:20A7A0001010181830000000000040404040404040404040404040404040404040400458BD
:20A7C0009C782C3034587C9C9CBC9CBD9C9C9C7C542804040404082C5458300400000000C4
:20A7E00000006E6E6D30101818181818181010101010101818181808000000000000000078
:20A80000000000000000000024DFDFDADADADADADADADFBA6E4A92DFDFDABA6E6E6E4A0493
:20A8200054100808000408042C9C7C7C9C5408040400000458785428043058582C00000074
:20A8400004286D6E6E6E92DADADADADADADADADFDF6E000000000000081010101010101807
:20A860001818181818101010101818181804287C0C0004000008040C54587C9C34080404E8
:20A8800000000430343430040C5458280000002C9C9C540C10101010101010101010101084
:20A8A000101010181000000000004040404040404040404040404040404040404040043408
:20A8C000300800000404080C789C7C9C782C0404000000282C2C2C083458540800000004AC
:20A8E000286D6E6E6E6E0810181818181818181010101010101818080000000000000000B3
:20A90000000000000000000024DFDFDADADADADADADADFDA6E6E6E92DADFDFBA6E6E6E0826
:20A92000345478540400000004309CBDBC340000040000040828282C303434543004000492
:20A9400054BCBD6D6E6E6EDADFDADADADADADADFDF920000000000000C10101010101010D2
:20A96000181818181818101010101818140808585474040000000000309CBD9C3000000436
:20A9800000240404040C54543454583000002C9C9C5478300C1010101010101010101010A7
:20A9A000101010100C00000000004040404040404040404040404040404040404040043413
:20A9C00030502C040000000008789CBC30000000000004080C30583034585408000004748F
:20A9E000BCBD926E6E6E2C0C1014181818181818181010101010100400000000000000009A
:20AA000000000000000000000092DFDFDADADADADADADADADABA6E6E92DADA926E929D0C25
:20AA2000349C3000240000000030DFDEBD3808040424920000000004305454543004047C66
:20AA4000BC302C516E6E6E6EDADFDADADADADADFDF6E00000000000410101010101010102A
:20AA600018181818181810101010101818580C9C9C0C08922400040058DEDE9C580C04083C
:20AA80002CDF2900040008547C7C5830000478580804305810101010101014101010101076
:20AAA00010101010080000000000404040404040404040404040404040404040404C0C3402
:20AAC0009C340424000000002CDEDFBD5808000408922500000408545858580800049C9C09
:20AAE0005430BD926E6E2C0C10101818181818181810101010101004000000000000000043
:20AB000000000000000000000092DFDADADADADADADADADADFDA6E6E6E6E92BA6E927810D5
:20AB2000789C302CBA4D08080875DFBD7834100C0C9DDE2C0408042C78789C782C002CBDA5
:20AB4000300000306D6E6E6E92DFDFDADADADADFDF6E00000000000414181010101010106A
:20AB6000101818181818181010101010587830BDBD3079DF2C0408309CDEBD585454103400
:20AB800078BD7834300C34789C7C7830002C5408040C3054100C1010101010181810101044
:20ABA0001010101008000000000040404040404040404040404040404040404044780C50B5
:20ABC0009C342CBA7108040478DEBE7C5810040878DF4D04080408587C789C280028780CC2
:20ABE000040478DF926E301010101010181818181818100C10101004000000000000000096
:20AC000000000000000000000092DA92DADFDADADADADADADADADABA6E6E6E6E92DF783048
:20AC2000DEDE9C9C9C7854547CBDDE9C78785454789C9C9C7834549C9C9C9C780C0054582D
:20AC4000082C0C306D6E6E6E6E6E92DADFDADADFDF6E000000000000101C18101010101032
:20AC6000101018181818181810101008545830DADFBD9C9C3410349CBDDE9C543454787C47
:20AC80009C78787C78789C9C9C78782C04342C08543034540808100C081014181818101094
:20ACA00010101010080000000000404040404040404040404040404040404040449C304D6F
:20ACC000DEBD9C9C783434589CDEBD5C583434347C9C9C7834349C9C9C9C7C2800540C04D6
:20ACE0002C0854DEDA92101010101010101818181818101010101004000000000000000046
:20AD00000000000000000000006E926E92DADADADADADADADADADFDA6E6E6E6E6E92783070
:20AD2000BADBDEBD9C7C7C9CBCBDDE9C585478789C9C9CBC9C9C9C9CBD9C9C780800300877
:20AD4000305430546D6E6E6E6E6E6EDADFDADADFDF6E0000000000001018181810101010B9
:20AD600010101018181818181810100C347854DADBDEBC9C7C9C9CBC9C9C7C3434789CBCA0
:20AD80009C9C9C9C9C9CBCBC9C78580C0430080030343030100C1010101010181818181837
:20ADA000100C1010080000000000404040404040404040404040404040404040447814B649
:20ADC000DBDEBD9C78789CBC9CDEBD5834787C9C9C9CBC9C9C9C9C9C9C9C5808002C0834C6
:20ADE000581078DEDFDA793810101010101018181818181810101004000000000000000007
:20AE00000000000000000000246E6E6E6EDFDADADADADADADADADADABA6E6E6E6E71781088
:20AE20006DDADFDEBC9CBCBC9CBCBD7C343454789C9C9C9C9CBC9C9C9C9C7C540C0830002D
:20AE400004545854926E6E6E6E6E6E6E92DADADFDF6E000000000000101818181810101048
:20AE6000101010101818181818101010547854DEDFDEBD9CBCBCBCBC9C9C7C34345478BC42
:20AE80009C9C9C9C9C9C9CBC9C7C540808542C000858300410101010101010101818181842
:20AEA00018101010080000000000404040404040404040404040404040404040407418DE18
:20AEC000DFDFDEBD9C9CBC9C9CBD9C3434787C9CBC9C9C9CBCBC9C9C9C58580808500408A4
:20AEE000583478DADFDFDF7818141010101010181818181818181004000000000000000027
:20AF00000000000000000000246E6E6E6EDADFDADADADADADADADADADFBA6E6E6E92782CD9
:20AF200054BDDEBD9C9CBC9C98DEBC78545434589CBC9C9C9C9C9C9C9C7C54343454340497
:20AF40000030782C6EDFDA6E6E6E6E6E6E6E6EDADF6E0000000000001018181818181010B7
:20AF60001010101018181818181810100C2C34BD9C9C9C9C9C9C9C9CDE9C78545434349C3A
:20AF8000BC7C9C9C9C9CBC9C785454343454080C0C7854040C101818101010101010181809
:20AFA000181818180C00000000004040404040404040404040404040404040404454147881
:20AFC000BDDEBD9C9C9C9C9CDEBD78543434789CBC9C9C9C9C9C9CBC7C543430343004046A
:20AFE000545871BADFDADF7818181010101010101018181818181808000000000000000032
:20B000000000000000000000006E6E6E6E92DADADADADADADADADADADADFDA6E6E6E6D54C4
:20B02000789CBD9C9C9C9C9CBDDFBD7854547858789C9C9C9C9C9C9C7C78345454540C04FA
:20B040000C5458086EDFDFDA6E6E6E6E6E6E6E6E926E00000000000010181818181818100A
:20B0600010101010101818181818100C0C3454789C9C9C9C9C9C9CBDDF9C787858785854F8
:20B080009C9C9C9C9C9C9C7C54345454582C0454589C30040C1018181810101010101818D8
:20B0A0001818181C100000000000404040404040404040404040404040404040200C5878A0
:20B0C0009C9C9C9C9C9C9CBCDEBD7C78583454789CBC9C9C9CBCBC7C585454545408042C89
:20B0E00034546DBADFDADFBD381818181010101010101818181818080000000000000000EC
:20B10000000000000000000024DA6E6E6E6E92DFDFDADADADADADADADADFDA6E6E6E6D7871
:20B120003478BCBC9C9C9C7C78BDBC7C58547854349C9C9C9C9C9C7C785454545454080C2E
:20B1400054583471DADFDADFBA6E6E6E6E6E6E6E6E6E0000000000001018181818181818DC
:20B160001010101010101818181810101034783478BC9C9C9C9C7854789C7C542C545410C7
:20B180009CBC9C9C9C9C7C7854345454543434789C9C040410101018181810101010101473
:20B1A0001818181810040000000040404040404040404040404040404040404040449C5823
:20B1C000789CBC9C9C9C9C9C9CBC7C54547830349CBC9C9CBC9C7C58585854583004305867
:20B1E0005830BADFDADADFBD38141818181010101010101010181808000000000000000092
:20B20000000000000000000029DA926E6E6E6EDADFDADADADADADADADADADFBA6E6E9278FF
:20B220003078BC9C9C9C9C9C0C0C58542C08080C54BC9C9C9C9C9C78785454545454547C12
:20B240007C542C92DFDFDADADFBA6E6E6E6E6E6E6E6E00000000000010181818181818182D
:20B2600018101010101010101818101010103030589CBC9C9CBC9C080434540404080C3452
:20B280007C9C9C9C9C7C78585454545458787C9C7C280008081010181818181010101010BA
:20B2A00010181818100400000000404040404040404040404040404040404040404054349A
:20B2C000589C9C9C9CBCBC340C58580C040808307C9CBC9C9C9C78541838545858547C7CDA
:20B2E000546DDADFDADADFBD3818181818181810101010101010180800000000000000002C
:20B300000000000000000000006EDFBA6E6E6E92DADFDADADADADADADADADADFBA6E6E6D05
:20B3200054789CBC9C9CDEDE780C08040004040C78BC9C9C9C9C78785454545454589C9C89
:20B34000782C6E6E92DFDFDADADFBA6E6E6E6E6E6E6E000000000000101818181818181816
:20B3600018101010101010101010101010100C2C789C9C9C9CDEDE9D300804000C10347868
:20B38000789C9C9C9C7C785454545454589C9C7C2800080808101010181818181010101011
:20B3A0001010181C1000000000004040404040404040404040404040404040404040442CB9
:20B3C0009CBC9C9C9CDEDF781008080404040C58789CBC9CBC7C5858183854587C9C9C7CFC
:20B3E0002C4992DADADADADF9D18181818181818181010101010100400000000000000003E
:20B400000000000000000000006EDFDFBA6E6E6E6EDADFDADADADADADADADADFDA6E6E6E02
:20B4200071789C9C9CBDDFDF9C9C7808082C54787C9C9C9C9C9C7854545454545434589CFC
:20B4400028246E6E6EDADFDFDADADFDADA6E6E6E6E6E000000000000101C18181818181895
:20B460001818101010101010101010101010100C9CBC9C9C9CDFDFBD9C782C3054587C7C05
:20B480007C7C9C9C7C785834545454543008280400040808080C0C10141018181818101060
:20B4A0001010101810000000000040404040404040404040404040404040404040404044B0
:20B4C0009CBCBC9C9CDFDFBD9C540C0C3054787C7C7C9C9C7C785818585454583054780C31
:20B4E000246E6EBADFDADADFBD38181818181818181818101010100400000000000000000F
:20B500000000000000000000006E92DFDFDA6E6E6E6EDADFDADADADADADADADADFBA6E6EDD
:20B520006E347C9C9CBDDEDEBCBCBC78787C7C787C7C9C7C7C7C7854545454545408080818
:20B54000246E6E6E6E6E92DADFDADADFDFDA6E6E6E6E0000000000000C14181818181818A2
:20B560001818181010101010101010101010100C7C9C9C9CBCDEBD9CBC9C9C9C9C787878E0
:20B580007878787C78585854345454583004000008100808080808101010101818181818EB
:20B5A0001010101810000000000040404040404040404040404040404040404040404044AF
:20B5C000549CBD9CBCDEBDBCBDBD7C7C7C7C7C7C78789C9C787C7C58545458580804080051
:20B5E0006E6E6E6EBADFDFDF9D181818181818181818181810101004000000000000000063
:20B600000000000000000000246E6E92DFDFBA6E6D6E92DFDFDADADADADADADADFDA6E6EFC
:20B620006E54787C9CBCBD9C7858787C783434302C2C0C547C7C7854545454542C04340897
:20B640006E6E92BA6E4A6E6E92DFDFDADFDFDFBA6E6E000000000000081010181818181831
:20B660007878583410101010101010101010100C34BC9C9C9C9C9C7858349C7830303010DE
:20B68000100C0C787C785854545458540C2C0404101810080808080C1010101010181818DA
:20B6A000181810100C000000000040404040404040404040404040404040404040404040AE
:20B6C000289C9C9CBCBD9C7C58589C9C541034302C08787C7C7C585454545830040C046EAF
:20B6E0006E6E6E6E6EBADFDF751818181818181818181818181010040000000000000000F3
:20B700000000000000000000246E6D266E6E6E4A01256E92DADFDADADADADFDADADABA6E94
:20B720006E719C7C789C783430105454543434340C0C0C547C7C7C54545454540408540882
:20B740006E6EBADFBA6E6E6E6EDFDFDFDADADADFBA6D0000000000000C100C14187C7C7C09
:20B760009C9C9CBC7834300C0C0C10101010100C309C9C9C9C5430343878545458787834B1
:20B78000343434787C7C78545454542C0430080C1818181008080808101010101018181851
:20B7A0001818181808000000000040404040404040404040404040404040404040404040A1
:20B7C000449C7C7CBC58343414345454543454300C0C34787C7C5454585858080008046E2B
:20B7E0006E6E6E6E6E6E929230181818181818181818181818181808000000000000000009
:20B800000000000000000000002525010101012201012105256EDADFDADFDADADABA6E6E67
:20B820006E929D7C789C9C9C9C9C9C9C9C9C9C785878787C7C7C585458545830042C5408BF
:20B840006E6E6E92DADFDF926E92926E6E6E6E6E6E0100000000000030583034587CBCBC83
:20B860009C9CBDBDBC9C540C2C3054181010100C0C549C9C9C9C9C9C9CDEBD9CBC9C7C7C2F
:20B880007C7C7C78787C5854543008042C54080C18181818100808080C10101018101818DC
:20B8A000181818181400000000004040404040404040404040404040404040404040404094
:20B8C00040549C9C9C9C9C9C9C9C9C9C9C9C7C58787C787C7C585454543408002C30046EEE
:20B8E0006E6E6E6E6E6E6E2C101818181818181818181818181818080000000000000000B2
:20B90000000000000000000000010501012222212121010101016EDADABA6E6E6E6E6E6E04
:20B920006E6E519C78789CBC9C78547858545454787C7878787854545434500004543408DA
:20B940006E6E6E6EDADFDF926E6E05010101010101220000000000005058545478787C9CA4
:20B960009C9C9C9C9CBC78545454547C581414100C109C78789CBC9C7C78545834305478BF
:20B980007C7C7C78587858543008000454540810583858583810080804081010105454784F
:20B9A00078787C9C58040000000040404040404040404040404040404040404040404040A3
:20B9C000402C9C7C789CBC9C7C545454545454787C7C7C7C585458340C2800085858086E01
:20B9E0006E6E6E6E6E6E6E300C1018181818181818181818181818080000000000000000B9
:20BA000000000000000000000001010101012121212121010004014A4A252121210125250F
:20BA20002505087878789C9C9C783430101010347878787854545858300800002C58340828
:20BA40006E6E6E6EBA6E4A2625210101212222222221000000000000305454545458789C98
:20BA60009C9C9C9C9C9C9C7854545454787C78543408347C7C9CBC9C7C343434343034549A
:20BA8000787C7C5834585830040000305854042C7C7C78787878340804080C1030787C78E2
:20BAA0009C9C9CBC580400000000404040404040404040404040404040404040404040401A
:20BAC00040445478789CBC9C78343030101034787C7C7C585458580C040004305834086EBC
:20BAE0006EBADA926E6E6E51101010101818181818181818181818080000000000000000C7
:20BB00000000000000000000000101010101212121212121010404010101222222210101C5
:20BB200001010108547C9C9C9CBC9C787878787878787878545458540800002C5458340856
:20BB40002424012526010122222101010101212121010000000000003054545454787C7896
:20BB60007C9C9C9C9C9C9C7C54545430547C7C78340C0C349C9CBC9C9C9C9C9C9C9C78788D
:20BB8000787C78545858780400002C54585808002C587C7C7C7C7854303030303030785851
:20BBA000789CBC9C580400000000404040404040404040404040404040404040404040403D
:20BBC000404044347C9C9C9C9CBCBD9D787878787C7C7C585458340400002C5458580800A3
:20BBE0006E92DADADADA920810101010101018181818181818181808000000000000000003
:20BC00000000000000000000000101010101012121212121010408040121212121212101A0
:20BC20000101010008549C9C9CBDDEDEBD9C9C9C9C787878545430040000083058585404A7
:20BC4000002C082122212121212121210101012121010000000000003058545454585454BC
:20BC6000787C9C9C9C9C9C9C785430303054545454542C0C587C9C9CBDDEBD9CBD9C9C9C5F
:20BC800078785858540C080000083054585854040008587C7C789CBC7C302C30302C5478B0
:20BCA00078789CBC7804000000004040404040404040404040404040404040404040404040
:20BCC00040404004349C9C9CDEDFDEBD9CBC9C78787C5854342C0400000830545858340060
:20BCE000006EBADFDFDF922C10101010101010181818181818181808000000000000000089
:20BD000000000000000000000001010101010121212121212101040808012121212121019B
:20BD200001010101010454BD9CBDDEBD9CBCBD9C9C7C58583028040000083054585854048C
:20BD400008343408212121212121212121010101210100000000000050585454545454547D
:20BD600078787C9C9C9C9C9C7C78543030303054785454540C2C7CBCDEDF9C9CBC9C9C9C86
:20BD80007C58543008000000043054545858580800003058787CBCBC7C78302C303030542F
:20BDA000545878BD78040000000040404040404040404040404040404040404040404040A6
:20BDC0004040404004349CBCDEDFBD9CBCBD9C7C7858583004000000043054585858300808
:20BDE0000125DADFDADF922C101010101010101818181818181818080000000000000000B5
:20BE00000000000000000000000101010101010121212121212101080808012121212101B6
:20BE200001010101010004789CBCBD9C7C9C9C9C7C58542C04000000000C34785858542C40
:20BE4000585C34300821212121212121210101010101000000000000305854545454545435
:20BE6000787C787C9C9C9C9C9C9C783030303030543030542C08309CBDBDBC7C7CBC9C7CC0
:20BE8000583008000000000430547C7C585858080100040C587CBCBC9C7C58543030302CA5
:20BEA00030787C7C340400000000404040404040404040404040404040404040404040402A
:20BEC000404040404008349CBDBC9C7C7C9CBC7C78340804000000042C30785854583004A1
:20BEE000220129DADFDF921810101010101010101818181818181808000000000000000084
:20BF00000000000000000000000101010101010101212121212121040808080121212101D2
:20BF20000101010101053008309C9C7C787C7C7C78540C00000000000834547854343078DF
:20BF40005C5C34302C0021212121212121210101010000000000000030585854545454540A
:20BF600054787C787C9C9C9C9C7C7854303030303030303034780C28787C7C7C7C7C7C34D9
:20BF8000080400000000000834547C7C585830000000000030589CBC9C7C7C5830303030A1
:20BFA00034587C7C300000000000404040404040404040404040404040404040404040404D
:20BFC0004040404040780C2C9C9C7C78587C9C580C04000000000008305478585858080158
:20BFE00021210024BADFDF78101410101010101010101818181818080000000000000000C7
:02000004003BBF
:20A0000000000000000000000001010101010101012121212121210108080808010121012D
:20A020000101010101089C7804082C2C302C303028040000000000085478787854305C5CB3
:20A040005C583430300C080121210101212121010100000000000004587C5454545454542A
:20A060005454787C787C9C9C9C9C7C78303030303030302C30BC78040408080808080804D0
:20A08000000000000000043054547C7C5834080000000000000430587C7C7C58343030303C
:20A0A0003054589C5400000000004040404040404040404040404040404040404040404054
:20A0C00040404040449C9C080428080808080C0800000000000004303458585858080121AA
:20A0E00021212101256E927818181810101010101010101010101808000000000000000047
:20A100000000000000000000000101010101010101012121210101010508080808010101A8
:20A120000101010105589CBC3000000000000000000000000000083054785858585C5C5C16
:20A140003434342C3030300801010101010121050100000000000004589C543454545454A2
:20A160005454787C7C7878787C9C9C78583030303030302C08789C780804000000000000EF
:20A180000000000000040C547C7C7C58540800000000006E490000083034585858302C2C80
:20A1A0003030307C7804000000004040404040404040404040404040404040404040404097
:20A1C000404040404054BC780C040000000000000000000000042C54585858582901212157
:20A1E0002201016E4A05000C14181C1810101010101010101010100400000000000000005E
:20A2000000000000000000000021010101010101010101212121010101010808080401018F
:20A2200001010108787C7CBD9C583008040000000000000004303454787854585C5C58341A
:20A240003434342C3034300408080101010101010100000000000004547C78545454545497
:20A260005454545878787878789C9C7878302C303030300800349C9C9C783008040000002A
:20A28000000000042C3054787C7C7C5808000000000024BAFFDA4900000004345878543032
:20A2A0005454543434040000000040404040404040404040404040404040404040404040B6
:20A2C00040404044012C9C9C9C58300400000000000000040C30547878585829012101016C
:20A2E0002201016E6E00000125081018141010101010101010101004000000000000000050
:20A30000000000000000000000212101010101010101010121212121010108080808080143
:20A320000101087C7C30549DDEBD9C58583028040000042C5454587878585C5C5C3834348B
:20A34000343434343430042C34300808080501010100000000000004547C787878545454DD
:20A360005454545454787C78789C9C78785430303030040000349CDEDEBD7C58342C080090
:20A380000004305458587C7C587C3004000000000024002449DFDFDF6D000008080C7C9CB6
:20A3A0005858585808000000000040404040404040404040404040404040404040404040B5
:20A3C0004020256E01089CDEDEBD5854300804040004083034547C7C5829052121210121B9
:20A3E000220101210100014A6E6E2605080C0808080C101010101004000000000000000039
:20A4000000000000000000000001212101010101010101010121212101010408080808085F
:20A4200001087C7C3400289CDEDEBE9C785454342C08305454545858345C5C5C383434348D
:20A4400034345C5C34040C3434303030300808050500000000000004547C7878785454541E
:20A4600054545454547C7C787C7C7C7C7C5834303008000000087CDEDFDEBD785854582CE4
:20A48000085458587C7C7C7C7C5000000000000024FF4900002449DFDF926E492424082C98
:20A4A0003054585808000000000040404040404040404040404040404040404040404040E0
:20A4C00020006E25000878DEDFDE9C585454542C08305434585C7C787121012221212121F1
:20A4E00022212201000021216E6E6E6E6E250024240808080C1010040000000000000000D9
:20A5000000000000000000000001212121010101010101010101212101010101040808086C
:20A520002C789C5C0800089CBEDADA9D7C58545434345454545454545C5C5C3834343434CC
:20A54000345C5C580808343434343434343030303008000000000004347C9C9C7C785454EB
:20A5600054545454545454587C7C785C585071DABA490000000478DEDFDF9D7878585854CC
:20A58000545454787C7C7C583000000000000024BADFDA6E25000024296E92DFDFDA6D24AB
:20A5A000000408300C000000000040404040404040404040404040404040404040404020F3
:20A5C000006E2500000458DEDFDF9D5C7C543454343454585C9D716E2101220121212121EA
:20A5E000222221010001010101216E6E6E6E6E6E6E6E250008040804000000000000000023
:20A60000000000000000000000212121212101010101010101010121010101010408040453
:20A62000587C9C5C0800087CBDDADE9D7C7854343434545458545C5C5C0C34303434343424
:20A64000585C580C043030345C5C5858343434343434040000000000589C9C9C9C9C7C5472
:20A6600054545454545454343458585479DADFDF92000000000034BDDFDF9C7C7C58545838
:20A68000545454787C7C7808000000000000006DDFDFDFDFDA6E24000000244992DFFFDFBD
:20A6A0009224000404000000000040404040404040404040404040404040404040400005D7
:20A6C0006E250000000458BDDADF9D5C7C5434343434585C78926E260101010101212121C2
:20A6E000222201000021012101016E6E6E6E6E6E6E6E6E6E6E2408040000000000000000E6
:20A700000000000000000000002121212121210101010101010101010101010104040C341E
:20A720007C9C5C5C0800287C9CDADABD5878785434547858585C7C5C0C1008043034345CF4
:20A740005C5C30040C30345C5C5C5C5C38585C7C5C5C040000000000549C9C9C9C9C7C7C55
:20A760007C585454543430303075DEFFFFDF6D24000000000000089CDFDFBD7C7C7854544D
:20A7800054787878783004000000000000006DDFDADADADFDFDABABABA6D2400002949921C
:20A7A000DFDF29002400000000004040404040404040404040404040404040200000016EBF
:20A7C0002601010100045C9CDFDFBD7C7C7C543454587854716E260101050C2C01012121DD
:20A7E00022210000012121012101216E6E6E6E6E6E6E6E6E6E6E6E24000000000000000043
:20A80000000000000000000000012121212121210101010101010101010105083430105C8A
:20A820009C5C5C58340408789CDEDABD78787878785854345C5C5C51BE541010080C585C0C
:20A840005C5C0C0C30345C5C5C5C5C5C585C5C5C5C5C04000000000034587C789C9C9C7CA4
:20A860007C545834102C0871BA92924929240024496E000000000475DEDF9C7C787C787846
:20A880007C7C7C540800000000000000246DDADFDADADADADADFDFDFDFDFDF6E2400000090
:20A8A000496D6EBA9200000000004040404040404040404040404040404040010101216E56
:20A8C000250101010104589CDEDF9C7C7C7C78787C7829056E260122051414302901012118
:20A8E00021000000212121010101016E262121212121216E6E6E2600000000000000000006
:20A900000000000000000000000101012121212121010101010101010129787C5C38587C02
:20A920005C3008080C30080C9CBDBDBE9D7C787878545C5C5C5C08B6DFDE791814100834A6
:20A94000580C0430345C5C5C5C5C5C34345C5C5C5C5C040000000000305858547C9C9C7C67
:20A96000785858302CDABA6E2400000024246DDFDA6E00000000000498BDBD9C7C7C7C7CAF
:20A980007C543004000000000000006DDADFDADADADADADADADADADADADADFDFDA6E24002B
:20A9A0000024DAFF920000000000404040404040404040404040404401216E2101216E6ED5
:20A9C0000100000101010878BDBD9C9C9C7C7C7C540801012521016E9254181C10080001EB
:20A9E000010000212121212101012121010101010101012121210100000000000000000002
:20AA0000000000000000000000010101012121212121010101010108587C9C9C38347C5C30
:20AA20000C0000300C083010509C9CDEBD9C7834385858585C0801256EDADFDE5818100CC0
:20AA4000000010345C5C5C5C5C5C34345C5C5C5C5C58040000000000307C58787C7C7C7C8E
:20AA6000589D796E6E9229000024496EDADFDADFDF920000000000002C9CDEBDBC7C7C7C80
:20AA8000300400000000000000246EDADFDFDADADADADADADADADADADADADADFDFDFDF6E5C
:20AAA0006EBADFDF920000000000404040404040404040404001056E6E6E6E2601016E25E5
:20AAC000000000012101012C5C9CDEDEBC9C9D2C000000000001016EDADF751418100C0863
:20AAE00000002122212121212121010101212122222222010101220000000000000000005B
:20AB000000000000000000000001010101010101010101010530547C9C7C5C5C385C5C0C59
:20AB20000000002C5830343430549C9C9D50303010040404040000010125BAFFDF79181070
:20AB40000008345C5C5C5C5C5C3430345C5C5C5C5C34040000000004589C54080808080881
:20AB600008926E250000004DDADFDADADFDFDADADFDA6E00000000000071BDBCBC9C3004DF
:20AB800000000000000000006DDADFDADADADADADADADADADADADADFDFDFDFDFDFDF926E3E
:20ABA000DADFDFDF92000000000040404040404040404000016E6E6E6E6E6E6E21016E2495
:20ABC00000000001220122012C9CDFDFBD79260101210100000004296EDBFF5114180C002A
:20ABE0000021222121212121212101210101012121212121212222000000000000000000FC
:20AC00000000000000000000000101010100000000003034549C7C5C5C5C5C5C385C3400CC
:20AC20000004080434585C34300C547834300C0C303430000000000001012192DFDFDE0877
:20AC400008345C5C5C5C5C5C583434345C5C5C5C58300400000000000C2C04000000000064
:20AC600049240000246DBADADFDFDADFDADADADADFDF92000000000000012C9D79080000C8
:20AC800000000000000024B6DFDFDFDADADADADADADADFDFDFDFDFFFB6929292492524B639
:20ACA000DFDADADF9200000000000020204040404001056E6E6E6E6E6E6E6E2601016E2420
:20ACC000000001002101220101549CBE922101212122010001000004206DFFDF300C0800B2
:20ACE00021222121212121212122210000212121212121212122220000000000000000009B
:20AD000000000000000000000001010000000000000C5C7C7C7C5C5C5C5C5C385C5C040095
:20AD20000430340C08585C5C343034545C5C585C5C5C080C0C2C08000000012126924908F8
:20AD4000305C5C5C5C5C5C343434345C5C5C5C3434300400000000000000000000246E6EBF
:20AD60002400246DDFDFDFDFDADADADADADADADADADFDA6D000000000000000501000000CC
:20AD800000000000246DDADFDFDADADADADFDFDFDFDFDFDFDF929249000000000000BADF24
:20ADA000DADADFDF920000000000000000002000216E6E6E6E6E6E6E6E6E6E2101016E244D
:20ADC00000012201000122210101302921010000010100012222010004446D922C000121B1
:20ADE0002221212121212121210100002121212121212121212222000000000000000000BB
:20AE000000000000000000000000000000000004585C5C5C5C5C5C5C5C5C5C3458080004A6
:20AE200030343434340C345C5C345C5C5C5C5C5C5C300C5C5C5834342C040001010100106B
:20AE4000385C5C5C5C5C34343434345C5C5C3434343004000000000000000000246E926E74
:20AE600024BADADADFDFDADADADADADADADADADADADADFDF4900000025000000000000001E
:20AE80000000006DDFDFDFDADADFDFDFDFDFDFDAB6DF6D292900000000040404006DFFDA3A
:20AEA000DADADFDF9200000000000000000000016E92262125216E6E6E6E250101016E01B1
:20AEC000012222210001212221010101012101002101012222222221000000000001222171
:20AEE0002121212121212122010000212221212121212122212222000000000000000000B8
:20AF00000000000000000000000000000000085C5C5C585C5C585C5C5C5C5C340C00083069
:20AF2000343434345C580C585C5C5C5C5C5C5C5830305C5C5C5C5C5C5C302C0000043038A1
:20AF40005C5C5C5C5C3434343434345C5C3434343430040000000000000000006E926E6E55
:20AF60006EDFDFDADADADADADADADADADADADADADADADADFDA6D0000256E0000000000004C
:20AF80002449BADFDFDFDFDFDFDFDFDFDF92494900240000000410101018141008DADFDA81
:20AFA000DADADFDF9200000000000000000001216E2501010101216E6E250101010121216C
:20AFC0002221212222212121212221222121212122212121212121212101000001222221CB
:20AFE0002121212121212221000021222121212121212221012122000000000000000000B8
:20B000000000000000000000000000000004585C5C58345C5C585C585C5C5C381008303404
:20B020003430345C5C5C3430585C5C5C58343434585C5C5C5C5C5C5C5C5C5C3030345C5C64
:20B040005C5C5C5C5834343434345C5C343434343430040000000000000000256E92DABA7B
:20B06000BADFDFDFDFDFDADADADADADADADADADADADADADADFDFBA29002401000000246D78
:20B08000DADFDFDFDFDFDFDFDF926E292924000404081010101414141418140C6DDADFDAA0
:20B0A000DADADFDF9200000000000000002101010101012121220121210121212121012118
:20B0C00022212121212221012121212121212122212121212121212121212121212121216D
:20B0E0002121212121222101000121212121212121212200002122000000000000000000F9
:20B100000000000000000000000000000430345C5C305C5C583458345C5C5C5C34343030D7
:20B120003034345C5C5C5C5C34583838345C5C5C5C5C5C5C5C5C5C5C5C5C5C5C5C5C5C5CA7
:20B140005C5C5C5C34343434345C5C343434343434340400000000000000006E6E92DFDF27
:20B160009292DFDFDFDFDFDFDFDADADADADADADADADFDADADADADFDF49000024246DDADF06
:20B18000DFDFDFDA926E492929000404040C1418181818181818185C7C381408BADFDADA38
:20B1A000DADADFDF9200000000000000012201010121210101012201012121212121212115
:20B1C00021222121212121210101212121212121212121222121212121212121212121218D
:20B1E000212121212221010000012121212121212121010001222200000000000000000038
:20B2000000000000000000000000000030345C5C30345C5C343434345C5C5C5C585C585852
:20B22000585C5C5C5C5C5C5C5C345C5C5C5C5C5C5C5C5C5C5C5C5C5C5C5C5C5C5C5C5C5CBA
:20B240005C5C5C34343434343434343434343434585C0400000000000000256E92DFDFDFBC
:20B26000BA2529496E92DFDFDFDFDFDFDFDFDFDFDFDFDFDFDFDFDFFFFF926EDADFDFDFDF5A
:20B28000926E6E2500000408080C1818181C1C1C1818385C7C9C9CBC9C9C344DDFDFDFDFF6
:20B2A000DFDFDFDF92000000000000212222220121222222222222222222222222222222D9
:20B2C000222221212121212121212121212121212221212121212121222222222222222243
:20B2E00022222222220100002122222222220121212100002122220000000000000000000F
:20B3000000000000000000000000000030585C3408345C5C58303030345C5C5C5C5C585889
:20B32000585C5C54345C5C585C5C5C5C5C5C5434585858587C5C5C5C5C5C5C5C5C5C5C5CE5
:20B340005C5830303434343434303030343430347C5804000000000000006E6E6EB6DFFFC3
:20B36000DF290000000029292992DF9292DFDFDFB6496EB6BABADFBABADABADADA6D29242C
:20B380000000000000081010101414141414101458589C9C7C9C9C9C9C9C0C6DDF9292DF22
:20B3A000DF92DFFF9200000000000021222101000121212122212122222221212121212153
:20B3C00021210101010101010101010101010101012121010101212122222121212121218B
:20B3E0002121222121000000012121212101010101000000212222000000000000000000B9
:20B4000000000000000000000000000004080804000408080804040404080C080C28080888
:20B420000428280824080829082808080808082929292908282808080808080808080808AF
:20B440000804040404040404040404040404040428080000000000000000242400002929DE
:20B4600029000000000000000000290000294949002429494949294949494949492900008F
:20B4800024242529240004040404040404040404040808080808080808080000290000292C
:20B4A0002900294924000000000000000000000000000000000000000000000000000000CD
:20B4C0000000252925252529002429292929492900000024292400000000000000000000DB
:20B4E00000000000000000000000000000000000000000000000000000000000000000004C
:20B50000000000000000000000000000000000000000000000000000000000000024FFFF09
:20B52000490000DBFF296DFFB60000000000DBFFFFFFFFD7000000000000000000000000EF
:20B540000000000000000000000000000000000000000000000000000000000000000000EB
:20B560000000000000000000000000000000000024FFFFFFFFFF29DBFFFFFFFFFFFF49DB8A
:20B58000FFFFFFFFFF49000000000000000000000000000000000000000000000000000067
:20B5A00000000000000000000000000000000000000000000000000000000000000000008B
:20B5C0000000FFFFFFFFFFFF29D7FFFFFFFFFFFF490024FFFFFF49000000000000000000C4
:20B5E00000000000000000000000000000000000000000000000000000000000000000004B
:20B60000000000000000000000000000000000000000000000000000000000000029FFFF03
:20B62000FF4900FFFF4992FFD70000000024FFFF9229D7FFDB000000000000000000000085
:20B640000000000000000000000000000000000000000000000000000000000000000000EA
:20B6600000000000000000000000000000000024FFFF4929492929FFFF6D2929492924FF49
:20B68000FF6D4949FFFF290000000000000000000000000000000000000000000000000085
:20B6A00000000000000000000000000000000000000000000000000000000000000000008A
:20B6C00000002949FFFF6D29002949FFFF6D49490024FFFF6DFFFF4900000000000000001F
:20B6E00000000000000000000000000000000000000000000000000000000000000000004A
:20B70000000000000000000000000000000000000000000000000000000000000049FFFFE2
:20B72000FFFF6DFFFF4992FFB60000000024FFFF6D0000D7FF920000000000000000000019
:20B740000000000000000000000000000000000000000000000000000000000000000000E9
:20B76000000000000000000000000000000000DBFF490049290024FFFF492949290024FF0B
:20B78000FF240024FFFF49000000000000000000000000000000000000000000000000001B
:20B7A000000000000000000000000000000000000000000000000000000000000000000089
:20B7C00000000000FFFF2900000000FFFF29000000DBFF490024FFFF49000000000000008D
:20B7E000000000000000000000000000000000000000000000000000000000000000000049
:20B80000000000000000000000000000000000000000000000000000000000000049FFFFE1
:20B82000FFFFFFFFFF4992FFD70000000000FFFF6D000092FFB600000000000000000000AA
:20B840000000000000000000000000000000000000000000000000000000000000000000E8
:20B86000000000000000000000000000000024FFFF0024FFFFFF49FFFFFFFFFFFF4900FFFA
:20B88000FF4929FFFFFF4900000000000000000000000000000000000000000000000000F1
:20B8A000000000000000000000000000000000000000000000000000000000000000000088
:20B8C00000000024FFFF4900240024FFFF49002424FFFF492449FFFF49000000000000002B
:20B8E000000000000000000000000000000000000000000000000000000000000000000048
:20B90000000000000000000000000000000000000000000000000000000000000029FFFF00
:20B9200049D7FFFFFF4992FFB60000000000FFFF6D0000B6FFB60000000000000000000084
:20B940000000000000000000000000000000000000000000000000000000000000000000E7
:20B96000000000000000000000000000000024FFFF490049FFFF49FFFF4949496D0024FF63
:20B98000FFFFFFFF6D242400000000000000000000000000000000000000000000000000F6
:20B9A000000000000000000000000000000000000000000000000000000000000000000087
:20B9C00000000000FFFF4900000000FFFF49000024FFFFFFFFFFFFFF490000000000000073
:20B9E000000000000000000000000000000000000000000000000000000000000000000047
:20BA0000000000000000000000000000000000000000000000000000000000000049FFFFDF
:20BA20002424FFFFFF4992FFD72424242424FFFF6D2492FFFF240000000000000000000019
:20BA40000000000000000000000000000000000000000000000000000000000000000000E6
:20BA600000000000000000000000000000000049FFFF4924FFFF49FFFF492424242429FFCC
:20BA8000FF92FFFFDB24000000000000000000000000000000000000000000000000000018
:20BAA000000000000000000000000000000000000000000000000000000000000000000086
:20BAC00000002429FFFF6D24000024FFFF49000024FFFF6D2949FFFF4900000000000000D7
:20BAE000000000000000000000000000000000000000000000000000000000000000000046
:20BB0000000000000000000000000000000000000000000000000000000000000029FFFFFE
:20BB2000240024FFFF496DFFFFFFFFFFFF49FFFFFFFFFFFF240000000000000000000000A8
:20BB40000000000000000000000000000000000000000000000000000000000000000000E5
:20BB60000000000000000000000000000000000029FFFFFFFFFF49DBFFFFFFFFFFFF49FF3B
:20BB8000FF2429FFFFFF290000000000000000000000000000000000000000000000000033
:20BBA000000000000000000000000000000000000000000000000000000000000000000085
:20BBC0000000FFFFFFFFFFFF290024FFFF49000024FFFF490000FFFF490000000000000025
:20BBE000000000000000000000000000000000000000000000000000000000000000000045
:20BC0000000000000000000000000000000000000000000000000000000000000000494992
:20BC2000000000294900004949494949490029494949492900000000000000000000000066
:20BC40000000000000000000000000000000000000000000000000000000000000000000E4
:20BC60000000000000000000000000000000000000294929292900244949494949290024F9
:20BC80004900002949490000000000000000000000000000000000000000000000000000A0
:20BCA000000000000000000000000000000000000000000000000000000000000000000084
:20BCC0000000294929292949000000294900000000294900000029290000000000000000F8
:20BCE000000000000000000000000000000000000000000000000000000000000000000044
:20BD0000000000000000000000000000000000000000000000000000000000000000000023
:20BD2000000000000000000000000000000000000000000000000000000000000000000003
:20BD40000000000000000000000000000000000000000000000000000000000000000000E3
:20BD60000000000000000000000000000000000000000000000000000000000000000000C3
:20BD80000000000000000000000000000000000000000000000000000000000000000000A3
:20BDA000000000000000000000000000000000000000000000000000000000000000000083
:20BDC000000000000000000000000000000000000000000000000000000000000000000063
:20BDE000000000000000000000000000000000000000000000000000000000000000000043
:20BE0000000000000000000000000000000000000000000000000000000000000000000022
:20BE2000000000000000000000000000000000000000000000000000000000000000000002
:20BE40000000000000000000000000000000000000000000000000000000000000000000E2
:20BE60000000000000000000000000000000000000000000000000000000000000000000C2
:20BE80000000000000000000000000000000000000000000000000000000000000000000A2
:20BEA000000000000000000000000000000000000000000000000000000000000000000082
:20BEC000000000000000000000000000000000000000000000000000000000000000000062
:20BEE000000000000000000000000000000000000000000000000000000000000000000042
:20BF0000000000000000000000000000000000000000000000000000000000000000000021
:20BF2000000000000000000000000000000000000000000000000000000000000000000001
:20BF40000000000000000000000000000000000000000000000000000000000000000000E1
:20BF60000000000000000000000000000000000000000000000000000000000000000000C1
:20BF80000000000000000000000000000000000000000000000000000000000000000000A1
:20BFA000000000000000000000000000000000000000000000000000000000000000000081
:20BFC000000000000000000000000000000000000000000000000000000000000000000061
:20BFE000000000000000000000000000000000000000000000000000000000000000000041
:02000004003CBE
:20A00000000000000000000000000000000000000000000000000000000000000000000040
:20A02000000000000000000000000000000000000000000000000000000000000000000020
:20A04000000000000000000000000000000000000000000000000000000000000000000000
:20A060000000000000000000000000000000000000000000000000000000000000000000E0
:20A080000000000000000000000000000000000000000000000000000000000000000000C0
:20A0A0000000000000000000000000000000000000000000000000000000000000000000A0
:20A0C000000000000000000000000000000000000000000000000000000000000000000080
:20A0E000000000000000000000000000000000000000000000000000000000000000000060
:20A1000000000000000000000000000000000000000000000000000000000000000000003F
:20A1200000000000000000000000000000000000000000000000000000000000000000001F
:20A140000000000000000000000000000000000000000000000000000000000000000000FF
:20A160000000000000000000000000000000000000000000000000000000000000000000DF
:20A180000000000000000000000000000000000000000000000000000000000000000000BF
:20A1A00000000000000000000000000000000000000000000000000000000000000000009F
:20A1C00000000000000000000000000000000000000000000000000000000000000000007F
:20A1E00000000000000000000000000000000000000000000000000000000000000000005F
:20A2000000000000000000000000000000000000000000000000000000000000000000003E
:20A2200000000000000000000000000000000000000000000000000000000000000000001E
:20A240000000000000000000000000000000000000000000000000000000000000000000FE
:20A260000000000000000000000000000000000000000000000000000000000000000000DE
:20A280000000000000000000000000000000000000000000000000000000000000000000BE
:20A2A00000000000000000000000000000000000000000000000000000000000000000009E
:20A2C00000000000000000000000000000000000000000000000000000000000000000007E
:20A2E00000000000000000000000000000000000000000000000000000000000000000005E
:20A3000000000000000000000000000000000000000000000000000000000000000000003D
:20A3200000000000000000000000000000000000000000000000000000000000000000001D
:20A340000000000000000000000000000000000000000000000000000000000000000000FD
:20A360000000000000000000000000000000000000000000000000000000000000000000DD
:20A380000000000000000000000000000000000000000000000000000000000000000000BD
:20A3A00000000000000000000000000000000000000000000000000000000000000000009D
:20A3C00000000000000000000000000000000000000000000000000000000000000000007D
:20A3E00000000000000000000000000000000000000000000000000000000000000000005D
:20A4000000000000000000000000000000000000000000000000000000000000000000003C
:20A4200000000000000000000000000000000000000000000000000000000000000000001C
:20A440000000000000000000000000000000000000000000000000000000000000000000FC
:20A460000000000000000000000000000000000000000000000000000000000000000000DC
:20A480000000000000000000000000000000000000000000000000000000000000000000BC
:20A4A00000000000000000000000000000000000000000000000000000000000000000009C
:20A4C00000000000000000000000000000000000000000000000000000000000000000007C
:20A4E00000000000000000000000000000000000000000000000000000000000000000005C
:20A5000000000000000000000000000000000000000000000000000000000000000000003B
:20A5200000000000000000000000000000000000000000000000000000000000000000001B
:20A540000000000000000000000000000000000000000000000000000000000000000000FB
:20A560000000000000000000000000000000000000000000000000000000000000000000DB
:20A580000000000000000000000000000000000000000000000000000000000000000000BB
:20A5A00000000000000000000000000000000000000000000000000000000000000000009B
:20A5C00000000000000000000000000000000000000000000000000000000000000000007B
:20A5E00000000000000000000000000000000000000000000000000000000000000000005B
:20A6000000000000000000000000000000000000000000000000000000000000000000003A
:20A6200000000000000000000000000000000000000000000000000000000000000000001A
:20A640000000000000000000000000000000000000000000000000000000000000000000FA
:20A660000000000000000000000000000000000000000000000000000000000000000000DA
:20A680000000000000000000000000000000000000000000000000000000000000000000BA
:20A6A00000000000000000000000000000000000000000000000000000000000000000009A
:20A6C00000000000000000000000000000000000000000000000000000000000000000007A
:20A6E00000000000000000000000000000000000000000000000000000000000000000005A
:20A70000000000000000000000000000000000000000000000000000000000000000000039
:20A72000000000000000000000000000000000000000000000000000000000000000000019
:20A740000000000000000000000000000000000000000000000000000000000000000000F9
:20A760000000000000000000000000000000000000000000000000000000000000000000D9
:20A780000000000000000000000000000000000000000000000000000000000000000000B9
:20A7A000000000000000000000000000000000000000000000000000000000000000000099
:20A7C000000000000000000000000000000000000000000000000000000000000000000079
:20A7E000000000000000000000000000000000000000000000000000000000000000000059
:20A80000000000000000000000000000000000000000000000000000000000000000000038
:20A82000000000000000000000000000000000000000000000000000000000000000000018
:20A840000000000000000000000000000000000000000000000000000000000000000000F8
:20A860000000000000000000000000000000000000000000000000000000000000000000D8
:20A880000000000000000000000000000000000000000000000000000000000000000000B8
:20A8A000000000000000000000000000000000000000000000000000000000000000000098
:20A8C000000000000000000000000000000000000000000000000000000000000000000078
:20A8E000000000000000000000000000000000000000000000000000000000000000000058
:20A90000000000000000000000000000000000000000000000000000000000000000000037
:20A92000000000000000000000000000000000000000000000000000000000000000000017
:20A940000000000000000000000000000000000000000000000000000000000000000000F7
:20A960000000000000000000000000000000000000000000000000000000000000000000D7
:20A980000000000000000000000000000000000000000000000000000000000000000000B7
:20A9A000000000000000000000000000000000000000000000000000000000000000000097
:20A9C000000000000000000000000400000000000000000000000000000000000000000073
:20A9E000000000000000000000000000000000000000000000000000000000000000000057
:20AA0000000000000000000000404040404040404040404040404040404040404040404076
:20AA2000404040404040404040404040404040400000000000404040404040404040404056
:20AA4000404040404040404040404040404040404040000000000000000000000000010075
:20AA60000000000000000000006E6E6E6E6E6E6E6E6E6E6E6E6E926D6E6D0808080400004A
:20AA800000000000006E6E6E6E6E6E6E6E6D0804080808080808080808080808080808084D
:20AAA0000804080C0800000000000C1010101010101010100804080808080810100C0C0C5A
:20AAC0000C0C0C0C10101010083054300804040808080800000C10100C08080808080808AA
:20AAE000080808080808080C100C0C0C0C0C0C0C101010101010100400000000000000003A
:20AB0000000000000000000000404040404040404040404040404040404040404040404075
:20AB2000404040404040404040404040400100010101000000004040404040404040404051
:20AB4000404040404040404040404040404040404040000000000000000000000001210152
:20AB600021212121212101210125DFDABABABADADADADABA9DDE79542C2C040008302C04B2
:20AB80000000000000242425DABABADADFDF9D0C0C0C0C14180C0C0C0C0C0C10100C0C0CDD
:20ABA0000C1410181000000000001018181414181814181814140C0C0C101010181814148D
:20ABC000141818181818181454787C7C78540C282830543008080814141414141414100C5D
:20ABE0000C0C0C0C0C0C0C10181814141414141414141818181818040000000000000000A5
:20AC0000000000000000000000404040404040404040404040404040404040404040404074
:20AC2000404040404040404040402000000000000000000000000020000000404040404014
:20AC4000404040404040404040404040404040404040000000000000002101000000010150
:20AC6000010101010101012101016EDFDFDFDFDFDFDFDA795478300C0404000000040808AC
:20AC80000804000000000000242CBDDFDFDFDF710C1010101818141010101010101010109E
:20ACA0001018181810000000000010181818181818181818181814100C10100C1018181860
:20ACC00018181838589C7C340C080C789C7C540804043054580800040830141414141814A0
:20ACE0000C0C0C0C0C0C0C0C1018181818181818181818181818180800000000000000008C
:20AD0000000000000000000000404040404040404040404040404040404040404040404073
:20AD2000404040404040000000000000000000000000000000000000000001014040404091
:20AD400040404040404040404040404040404040404000000000000001222101000000002E
:20AD60000101010101012101210121DFDADADADADF79543008082C2C2C2C08080000000075
:20AD8000000000000000000000042C2C516EDBDB6D0C10101018181818181410101010105D
:20ADA00010181818100000000000101818181818181818181818181818100C0C0C1014185B
:20ADC00018389C9C543454780C0400047C9C302C0800002C5434040000080C0830141418C3
:20ADE00014100C0C0C0C0C0C0C10141818181818181818181818180800000000000000008F
:20AE0000000000000000000000404040404040404040404040404040404040404040404072
:20AE2000404040402000000000000000000000000000000000000000000000002020404032
:20AE400040404040404040404040404040404040404000000000000001220121010101002A
:20AE6000000001010121212121010192DFDFDFBD75080804000004040408080804080400A0
:20AE8000000408040000000000000000000892DB92080C1010101018181818141010101093
:20AEA0001010181810000000000014181818181818181818181818181818100C0C0C10145E
:20AEC000389C7C50040000082C3428042830300808000000080C040000002C082C341418CA
:20AEE0001814100C0C0C10100C0C1014181818181818181818181808000000000000000086
:20AF0000000000000000000000404040404040404040404040404040404040404040404071
:20AF200040406E6E00000000000000000000000000000000000000000000000000006E4403
:20AF4000404040404040404040404040404040404040000000000000012201010101010148
:20AF6000000000012121212121220125DFDFBD540C040004080804000000040000080800D8
:20AF80000404000404000000000450500400086E92080C10101010101818181818181810D5
:20AFA000100C10181000000000001418181818181818181818181818181818100C0C0C581D
:20AFC0009C782C08040804000008543404043004000000000000000408082C302808341465
:20AFE00018181814100C0C10100C0C10101418181818181818181808000000000000000081
:20B00000000000000000000000404040404040404040404040404040404040404040404070
:20B0200040446E2500000000000000000000000000000000000000000000000000246E6EF9
:20B0400040404040404040404040404040404040404000000000000001222201216E250175
:20B06000000000000121212121220125BABD7830303034302C305008040000000000080858
:20B08000000400000804000000042C54300000086E3010101010101010181818181818182E
:20B0A000181010181000000000001418181818181818181818181818181818140C0C349CA0
:20B0C0009C78785830547C30000008080804040000000000040408345454080404001034FC
:20B0E0001414181818100C0C0C10100C0C1010141818181818181808000000000000000090
:20B1000000000000000000000040404040404040404040404040404040404040404040406F
:20B12000446E24000000000000000000000000000000000000000000000000000000256EA6
:20B140006E40404040404040404040404040404040400000000000000122220121926E6E6C
:20B160006E0100010001212121210122517878785430300800040404040804000000000422
:20B1800000000000000000000000040C08000000243030101010101010101018181818181B
:20B1A0001818181810000000000010181818181818181818181818181818181814349C7C17
:20B1C00078300808040430542C04000004000000000000042C0C2C0C0878300000000008CB
:20B1E00030101018181814100C0C1010100C0C10101818181818180800000000000000007B
:20B2000000000000000000000040404040404040404040404040404040404040404040406E
:20B2200001000000000000000000000000000000000000000000000000000000000000000D
:20B240006E6E404040404040404040404040404040400000000000000122222201256E6EA9
:20B260006E6E210101000121212101225458302C0404000400000000000404040000000028
:20B2800000000000000000000004303004000000006DBA510C1814101010101010181818EE
:20B2A000181818181000000000000C1418181818181818181818181818181818387C58086A
:20B2C00004000004000000040408000000000000000000000404040000083004000000000E
:20B2E00050300C141818181414100C0C0C1010100C1010141818180800000000000000004A
:20B300000000000000000000004040404040404040404040404040404040404040404000AD
:20B320000000000004000004000000000000000404040404040000000000000000000000ED
:20B34000256E444040404040404040404040404040400000000000000121222201016E6E12
:20B360006E6E6E2101010001012101087C0C000400040000000000000000000000000000A4
:20B3800000000000000000000004305430000000006DDB7110181818101010101010181854
:20B3A000181818181000000000000810101818181818181818181818181818185C5C0804C9
:20B3C00004000000000000000000000000000000000000000000000000000804000000005D
:20B3E0000830100C101818181814100C0C0C1010100C0C10101418080000000000000000A5
:20B400000000000000000000004040404040404040404040404040404040404444440000E0
:20B420000000042830080C54342C0404040830545454543454280450080000000000000048
:20B44000006E24404040404040404040404040404040000000000000012121222201256E7F
:20B460006E6E6E6E21010100000105345804040804000000040400042C04000004040808F7
:20B4800004083050080404000000083008000000000049DA54181818181810101010101081
:20B4A0001018181830040000000008100C1014181818181818181818181818185C300430C0
:20B4C0000C000004040830300804040404082C303030303028040808000000000000000078
:20B4E0000008100C0C1418181818181414100C0C0C10100C0C1010040000000000000000D8
:20B50000000000000000000000404040404040404040404040404040404044789C9C2C00CB
:20B52000000454787C9C7C787C787878787878787878585434342C30542C0000000000008B
:20B5400000000020404040404040404040404040404000000000000021210121212201257E
:20B560006E6E6E6E6E210101010108340800040400000408080C082C54340C0C3454787CC4
:20B5800078785434343054080000000400000000000000DFDA1818181818181810101010CE
:20B5A000101010181400000000000C100C0C101818181818181818181818185C580C302CAF
:20B5C0000004083434347878785454349C78787878785454543034540800000000000000CF
:20B5E000000008100C0C101818181818181414100C0C101010100C040000000000000000DB
:20B6000000000000000000000040404040404040404040404040404048789C9C9C9C30000A
:20B62000003478787C9C9C9CBC9C9C9C9C7878787878785834342C30340C0000000000003E
:20B64000000000002040404040404040404040404040000000000000012221010101220120
:20B66000256E6E6E6E6E21010105543000000400002C2C0830342C345C9C9C9C9C9C9C9C0B
:20B680007C78783434345454080000080400000000000092DF781818181818181810101025
:20B6A000101010141004000000001018100C0C1018181818181818181818185C58300C00DA
:20B6C00004787C5834789C9C9C9C9C9C9C9C9C9C7C78785434343454300000000000000076
:20B6E0000000000C100C0C14181818181818181414100C0C0C100C040000000000000000DE
:20B700000000000000000000004040404040404040404040404444549C9CBCBCBC9C08003D
:20B720000C7C7C78789CBCDEDEBC9C9C9C9C787878787C58343430303030040000000000F5
:20B740000000000140404040404040404040404040400000000000002122010101212121BF
:20B7600001216E6E6E6E6E210125580C0408000054BD1034782C309C9C9CBCBC9C9C9C9CE5
:20B780009C7878785834545430000004040000000000006EDFDE58181818181818181010EE
:20B7A000101010100C0000000000141818100C0C10101818181818181818185C0C08040461
:20B7C000589C9C58589CBDDEBD9CBCBC9C9C9C9C9C9C7878785434345828000000000000D5
:20B7E0000000000C100C0C101818181818181818181414100C100C040000000000000000C9
:20B80000000000000000000000404040404040404040404048789C9CBCBC9C9CBC78040484
:20B82000587C7C787C9C9CDADBDE9C9C9C9C78787C9C78345478542C2C30300000000000FD
:20B840000000000040404040404040404040404040400000000000002122210101010101FF
:20B860002201216E6E6E6E25010108300804002CBD54349C9D349CDEDE9C9C9C9C9C9C9CE7
:20B880009C78787C78545454542C00000000000000000025DADFDF541818181818181810E3
:20B8A0001010101008000000000414181818100C0C0C141818181818181818381008000C7C
:20B8C0009CBC7C589CBCBEDFDE9C9C9C9C9C9C9CBCBC78787C7854345834040000000000B1
:20B8E000000000080C10100C141818181818181818181814141010040000000000000000B8
:20B9000000000000000000000040404040404040404048789C9CBC9C9C9C9CBC9C5804040B
:20B92000587C9C9C9C9C9CDEDADEBD9C9C7C789C9C58785454785430303008000000000094
:20B9400000000000404040404040404040404040404000000000000001226E6E2101000145
:20B96000212101256E6E6E6E210105540C00049CBD1054BD7878DEDABE9C9C9C9C9C9C9CF8
:20B980009C787878785454545858040000000000000000006DDADFDA1818181818181818BB
:20B9A000101010100800000000041418181810303434345C7C7C7C5C181818185808000C0B
:20B9C0009CBC9C789C9CDEDADE9C9C9C9C9C9C9C9C7C587878543454543404040400000019
:20B9E000000000040C100C0C0C1018181818181818181818181814040000000000000000BB
:20BA000000000000000000000040404040404044444C787C9CBC9C9C9CBC9C9C7125000424
:20BA2000347C9C9C9C9C9CBCBEBD9C7C78587C9C7C587C583434343030300000000000003F
:20BA4000000000004C444040404040404040404040400000000000000122256E6E01000130
:20BA6000010101016E6E6E6E05012108080004BDBC9C9C9C9C9CDFDE9C9C9C9C9C9C9C7CCD
:20BA80007878787878543454580C0000000000000000000049DADFDA181818181818181872
:20BAA00018181810080000000004187C7C7C9C7854545454BCBCBCBC9C3838383408000CB6
:20BAC0009C9C9C9C9C9CDEDE9C9C9C9C9C9C9C9C7C7878787C785434540C04040400000056
:20BAE0000000000430100C0C0C101418181818181818181818181808000000000000000092
:20BB000000000000000000000040404040444C3434545854789CBCBC9C542925210100043D
:20BB2000589CBC9C9C9C9C9CBC9C7C7858789C9C9C9C7C78545858302C3004000000000035
:20BB40000000000878784C44404040404040404040400000000000000122016E6E210100BB
:20BB6000000101012125266E25012104080004BD9C9C9C9C9C9CBCBC9C9C9C9C9C9C9C9CD4
:20BB80009C9C9C7878785454580800000000000000000025BADFDFDA9C18181818181818A6
:20BBA000181818180C000000000478BCBCBCBCBC7854545454789CBCBC9C9C9C9C040030F9
:20BBC0009C9CBC9C9C9CBC9C9C9C9C9C9C9C9C9C9C9C9C78787C5434580800080000000035
:20BBE0000000002C54545454545454787C78787878787878787C9C280000000000000000D9
:20BC000000000000000000002040444428789C9C9C543434587CBC9D2905010101010104A8
:20BC200034BDDEBD9CBCBCBC9C9C787C9C9CBCBCBCBC9C78787C78543030300000000000F0
:20BC400000000008587C78584C4040404040404040400000000000000122216E6E6E01011C
:20BC6000000101010101216E250121080400049CBCDEDE9C9C9C9C9C9C9C9C9C9CDEDEBC35
:20BC80009CBC9C78787C585854300000000000000000006DDADFDADFDE581818181818186B
:20BCA000181818181000000000009CBCBCBCBCBCBC785454545454BCBCBCBCBCBC04003058
:20BCC0009CDEDEBC9CBC9C9C9C9C9C9C9CDEDFBD9CBCBC7C7C7C585458300000000000007E
:20BCE000000000547854549C785454789CBCBCBCBCBCBCBCBCBCBC28000000000000000080
:20BD0000000000000000000000489C9C5858789CBC9C7834345429210122212101010100A1
:20BD200034BCBDBDBDBDBC9CBC9C787C9CBC9C9C9C583008080808081034583000000000D3
:20BD400000000004347C9C9C9C784C40404040404040000000000000012122216E6E6E0127
:20BD60000000000001012221010101050400089CDEDFDEBC9C9CBC9C9C9C9C9C9CDFBD9CA3
:20BD8000BC7C58787C785434545404000000000000000024BADFDADFDA581818181818183B
:20BDA000181818181000000000009CBCBCBCBCBCBC9C545454545478BCBCBCBCBC04003077
:20BDC000BEDFDEBD9C9C9C9CBCBC9C9C9CBDBD9CBD9C7C7C7878343458540C0000000000F8
:20BDE0000000005454545478BC78545478BCBCBCBCBCBCBCBCBCBC280000000000000000A7
:20BE000000000000000000000478BDBD9C78587C9CBC9C782C04010121210101012201043A
:20BE200058540C28282C302C307C78789C7C30280804000000000000040C58580800000092
:20BE40000000000034789CBC9C9C9C78444040404040000000000000000101016E6E6E05BC
:20BE60000100000001010101010101010000089CDE75787C7C9C9C9CBC7C7C9CBC9C9C9C9E
:20BE8000300804080C08080C34585404000000000000000092DADFDFDA5818181818181866
:20BEA000181818181000000000009CBCBCBCBCBCBCBC7854545454549C9C789C4C00045446
:20BEC0009D545458587C5878BC9C7C9C9C9C9C78300808080808080C345854040000000015
:20BEE0000000005478545454789C78545478BCBCBCBCBCBCBCBCBC2800000000000000000A
:20BF00000000000000000000049C9C9CBC9C7C787C9C9C7805000000010101212122010460
:20BF2000582C0408040404000458587C7C340400000000042C2C2C2C2C303458540400008D
:20BF40000000042C5458789C9C9CBC9C78744844404000000000000000012101216E6E6EDB
:20BF60002501000001000121010101010100089C2C040804042804509C7C787C580C080497
:20BF80000000042C2C2C0C08305858280000000000040871BADFDADFDF5818181818181867
:20BFA000181818181000000000009CBCBCBCBCBCBCBCBC9C545878507574BCBC7404045454
:20BFC0002C04080404080408789C787C580C08040000042C2C0C30303054583404000000B9
:20BFE0000004285454545454549CBC785454789CBCBCBCBCBCBCBC28000000000000000045
:02000004003DBD
:20A00000000000000000000008BD9C9C9CBC7C58789C9C25010000012101010122220508CB
:20A0200034585008000000000030BD9C7C3404000808250004040408305858585404000026
:20A04000000C58787834547C9C9C9C9C9C9C9C7844400000000000000001010101256E6E63
:20A060006E21010001000001010101010100083408502C0000000000549C9C7C2C00000055
:20A08000000000082C30543034545854040000000478BDBD92BADFDFDA75101018181818D1
:20A0A000181818181004000000009CBCBCBCBCBCBCBCBCBC78755134549C5C589C7004309E
:20A0C0002C502C0004000000309C9C9C5404000404000408080834543434545404000000B8
:20A0E000289D9C54545454545478BCBC78545478BCBCBCBCBCBCBC28000000000000000033
:20A10000000000000000000008BDBC9C9C9C9C7C7C9C29010101010001010101012130082F
:20A12000549C0C046D2400000051DE9C5C5808000858DA6D000000043458787834040000A8
:20A140000C7C30082C545454789CBC9C9C9C9C9C9C300400000000000001000101016E6E8B
:20A160006E25010000010000010101010404089C780C04290000000034BEDE9C340800043D
:20A180000C6E240000040830583458580800000C9C785478716EDADFDFDE301010181818C8
:20A1A000181818181004000000009CBCBCBCBCBCBCBCBCBCBC9830101054141458340854EB
:20A1C00078080424000000002CBDDEBC58080008106E0000000004303458585804000034C6
:20A1E0009C9C787830545454545454789C78545478BCBCBCBCBCBC280000000000000000D3
:20A20000000000000000000028BDBC9C9C9CBCBC9C300121010101000000256E6D6E3010B2
:20A220009DBD585CBD9C10042C9DDE9C5834302C0C54BDBD54100C347C78787834040008D6
:20A240007C2C04080834543434789C7C9C9C9CBCBC78040000000000000101002101256E43
:20A260006E6E25010000000000000105580C089C7C0851DF2C04040C9CDEBD7C34300804B7
:20A2800034DE9228080004789C7C78340400047C7808000C786D6EDFDF75101010101818A4
:20A2A000181818181004000000009CBCBCBCBCBCBCBCBCBCBC9C3410101010147834109DB9
:20A2C000BC2C51DF5104083078DEBD7C3430303478DF92282C0808789C7C78540400089C31
:20A2E00098080C5830547854545454547878785454789CBCBCBCBC2800000000000000007E
:20A30000000000000000000028BDBC9C9C9C9CBC9C2C010105256E6E6D6DBADFDADE303015
:20A32000DFDEBDBD7C585458589DDE9C34345878789C9C9C9C7C789C9C78787834040054B7
:20A34000340430343034305434345458789CBC9C9C780400000000000001010001010121BB
:20A360002525210101000000000000087C0C2CDEBD7C9CBD7854587C9CDE9C583434545822
:20A380007CBDBD7C543078BCBC9C7C340400307808042C0C78926E92927110101010101826
:20A3A000181818181000000000009CBCBCBCBCBCBCBC78BCBCBC9C1010301054743010BEFF
:20A3C000DEBD9C9C7834545C9CDFBD5C3454787C9CBD9C9C9C589CBCBC9C7C540400347889
:20A3E0000C0C0C543054785454545454545454545454547878BCBC28000000000000000069
:20A400000000000000000000047C9C9C9C9C9C9C7C294A4AB6BABADADFBA92DFDFBD3030D1
:20A42000DFDFDADE9C9C9C9C5858BD78303054787C9C9C9C9C9C9C9C9C9C78340C00003441
:20A440000404783010542C343434345454789C9C9C78040000000000000000000021220138
:20A460000101010101010001000101059C0C2CDFDFBD9C7878789C9C9CDE9C34345C789C55
:20A480009C9C9C9C9C9C9C9CBC9C7C340400502804545830786D6E6E6E2C0C1010101010C1
:20A4A000101818181000000000009CBCBCBCBCBCBC5830349CBCBC9C2C2C3074703010BA5E
:20A4C000DBDEBD9C7C5C9C9C9CBD9C5434787C9CBC9C9C9C9C9C9C9CBC9C7C340400580CDD
:20A4E000087C54543454789C9C789C9C785454545454545454789C280000000000000000F4
:20A50000000000000000000004589C9C9C9C9C9C9CBADABADADFDFDFDA6E6E926E6D303053
:20A52000BDDEDEBD9C9C9C9C7C9C9C58342C2C547C7C7C9C9C9C9C78787C78100C0404306D
:20A540000400305410345434343434345434589C7C7804000000000001010000010001213E
:20A560002222212101210000000101059C3030DEDBDE9C9C9C9C9C9C9CBD783434549CBC0C
:20A580009C9C9C9CBCBC9C9C9C7C58340404300400547C58796E6E6E6E08080C1010101006
:20A5A0001018181810000000000054BCBCBCBCBCBC580C0C9CBCBCBC78302C282C5414DEC9
:20A5C000DFDFBD9C9C9C9C9C9C9C7C5454789CBC9C9C9C9C9CBC9C9C9C7C583004045808C0
:20A5E00000785854305458BCBCBCBCBC9C9C5854545454545454540400000000000000007B
:20A60000000000000000000004547C9C9C9C9C9CBDDFDFDFDA6D252625212100000530349E
:20A620009CBD9C9C9C9C9C9C7CDEBC5C58302C547878787C9C7C7878787854302C3030545F
:20A640000804307C1010787C783434345454545458580400000000002101010000000121D1
:20A66000010121212121010001010105585858BDDADEBC9C9C9C9CBCBE9C5C583430789C60
:20A680009C9C9C9C9C9CBC9C7C5858540C30580800305C786E6E6E6E6E2C040810101010FC
:20A6A0001010101810000000000034BCBCBCBCBCBC9C5478BCBC5838381410103034109DB9
:20A6C000BDDEBD9C9CBC9C7CBEBD7C545454589CBC9C9C9C9C9CBC9C7C7854540C105C0CEF
:20A6E00004545834305478BCBCBCBCBCBCBC7C9C9C78545454545404000000000000000082
:20A70000000000000000000004585858789C9C9CBDDFDF6E260101010101010000002C5848
:20A72000347C9C9C9C9C9C5C9CBD9C7C78545430587C7C78787878785858303030303008F0
:20A7400004082C54302C78BC9C78785858343434543000000000000022210101000000013B
:20A760002121220121212101000001010878589CBC9CBC9C9C9C9CBCDEBD7C585454587C6F
:20A78000BC9C9C9C9C9C9C7C7854345458585408083058586E6E6E6E6E2C080808081010FF
:20A7A000101010100C00000000005478BCBCBCBCBC785454BCBC38141434141414103478B1
:20A7C000BCBC9C9C9C9C9C9CDEBD7854347858789C9C9C9C9CBC9C7C785854545858340832
:20A7E0002C547C34305458BCBCBCBCBCBCBCBCBCBC9C5454545454040000000000000000B1
:20A80000000000000000000004585834789C9C9CBD6E260101010121210101010100089CC5
:20A8200054349C9C9C9C9C5C30347C581008302C30787C78787878343434303030302C08E8
:20A840000C342C0C0C547C9CBC9C9C9C783434345834040000000000056E6E0101000000F1
:20A86000010121210121222100000100049C30349C9C9C9C9C9C7C5CBDBD7C345478543030
:20A880009CBC9C9C9C9C7C785434545458340C08345458306E6E6E6E6E08040804080810BE
:20A8A000101010100800000000005478BCBCBCBCBC9C9A71BCBC3814345454141414785885
:20A8C0009C9C9C9C9C9C5C7CBDBD7C34347854349CBC9C9C9C9C7C785434545454581008EA
:20A8E00034545808547858BCBCBCBCBCBCBCBCBCBCBC9C5454545404000000000000000048
:20A9000000000000000000000454585454587CBC9C050121220101010121010121010450CD
:20A920005478789C9CBCBEBD300408080000080830787C7C78785434343030303030547C04
:20A940007C9C7808307C9C9C9CBCBCBC78789C7858340400000000000192922101010100CE
:20A96000000000012121012101000101013434347CBCBC9C9C9C7C100C545830080C103042
:20A980009CBD9C9C9C9C787858345454545834587C5C306DBADA6E6E6E1010100C080808EB
:20A9A00010101010080000000000547878BCBCBCBC9CDEB6BCBC3814785478141454785897
:20A9C000789C9C9C9CBC9C300834582C04080C34BCBC9C9CBC7C787C543454545458587873
:20A9E0007C780C4C54549CBCBCBCBCBCBCBCBCBCBCBCBC9C58585404000000000000000053
:20AA0000000000000000000004545854343478BC9C54212201010101216E2501010129007F
:20AA200004787C9C9C9CDFDA9C7C0C0404101034787C7C9C787C7834343030303030589C4D
:20AA40009C782C04547C9CBC9C9C9C9C9C9C9C9C7C080000000000000126250101010105D1
:20AA600001010000010121212101000001043058789CBC9C9CDEBD540C0C080404080C7836
:20AA80009C9C9CBC9C7C787854345454587C9C9C7C546DD7DFDFDADAD76E101818100808B7
:20AAA00008101010080000000000547854BCBCBCBC5830303458181450745414187171347C
:20AAC000587C9C9C9CDEDE782C0C0404040C34789CBC9CBC9C7C787C54345454587CBD9C85
:20AAE000BD3430545454BCBCBCBCBCBCBCBCBCBCBCBCBCBCBC9C9C280000000000000000D5
:20AB00000000000000000000045458543454547CBCBD25012201010121926E0101222101AE
:20AB200005547C9C9C9CDEDF9C9CBD342C7854787C7C7C9C7C78583430303030303008540A
:20AB40005408002C54789CBCBC9C9CBCBC9C78304844000000000000012221210101216E17
:20AB600021010101000101012101000000000030787C9C9CDEDFDE9C9C5404040C2C587CF5
:20AB80007C7CBC9CBC7C7C58143458543458BD9C54086EDADADADFDFDFDA30141818100825
:20ABA0000810101008000000000054785478BCBC5810101014141414547074141030922C23
:20ABC000789C9C9C9CDFDFBD9C782C2C3454787C7C7C9CBC9C7C7C58345454543454BD9CDD
:20ABE00030047078545478BCBCBCBCBCBCBCBCBCBCBCBCBCBCBCBC28000000000000000031
:20AC0000000000000000000028785834545434547C9C2622220101010125252101216E2532
:20AC200025585C7C9CBC9C9C9C789C7C78783454543458787C5834543030303030300404AF
:20AC400004000C3030347C9CBC9CBC9C74282820404000000000000001216E6E21012121C2
:20AC600021212101010100000100000000010108787C9C9CBDDEBDBCBC9C7854787878781F
:20AC800078789C7C9C7C7854145854585808283404006EBADFDADADADFDF301418181814FD
:20ACA000100C101008000000000054785454789C1414B6719C9C141858295418052C549211
:20ACC000549CBC9C9CBEBD9C9C9CBD9C785878787C787C7C7C787C543454545434040828E0
:20ACE000043078545454549CBCBCBCBCBCBCBCBCBCBCBCBCBCBCBC28000000000000000090
:20AD0000000000000000000028BD583454545434345C7925012201010101216E2121926E6C
:20AD20002530587C9C9C783030343458583430300C0808347C7C543430303030300C0C2C2A
:20AD400004085430543434587CBD9C4C4440404040400000000000000001256E6E21010185
:20AD6000216E2501010001000000010100000104787C7CBC9C9C9C7858789C9C585858305D
:20AD80001010547C7C7C54305858585854040004006E6EBADFDADADADFDF581418181818FE
:20ADA000181010181000000000005454545454787878BA7134BC5C181814142C71513051E9
:20ADC000109CBC9C9C9C987834587C7C343454340C0C34787C7C7C583454545430040404B7
:20ADE000507854545454549CBCBCBCBCBCBCBCBCBCBCBCBCBCBCBC2800000000000000001F
:20AE0000000000000000000028BDBD583454545434587C2901210101010125922101212196
:20AE200001085858789C783458BD9C7C789CBD78787878787C7C58343030303008002C309B
:20AE4000083458543454543454542840404040404040000000000000000001056E250101CF
:20AE600021922501210100010101010100000105347C7CBCBC342C3034585878787C7830A0
:20AE80002C1034787C7C7858585854540C082C046E926E92DADFDADADFDF5814181818186F
:20AEA000181010100C0000000000545454545454BC78301058BC9C185C3854049D253034F8
:20AEC000309CBC9C9C5C302C54787858789CBD54103034787C7C78585454543008503008C9
:20AEE000547854545454549CBCBCBCBCBCBCBCBCBCBCBCBCBCBCBC2800000000000000001A
:20AF00000000000000000000049CBD9C5434545434587C540101210101012101016E6E0186
:20AF20000101545854589C9C9C7C78787C9C7858587C5434543454302C3030300404303003
:20AF40000C34787858787C542C0420404040404040400000000000000001010105212101C6
:20AF6000216E6E21012101000101010100000101087C7C9C9C9C589C9C9C9C9CBDBC7C78E5
:20AF8000787878787878583458543430042C30086E6E6E6EBADFDFDADADE1814181818188F
:20AFA00018181810040000000000545454545454301010309CBCBC387C387C2C252518783B
:20AFC0002C789C7C9C9C9C9C9CBCBDBDBDBD9C78787878787C7C58545858340404543004ED
:20AFE00054785454545454549CBCBCBCBCBCBCBCBCBCBCBCBCBCBC28000000000000000081
:20B000000000000000000000047C9CBD7834545434547C7808012101010101010192DE25C2
:20B020000121083434549CBC9C7834101010103058783434342C303030300400000C34542A
:20B040000C3458789C9C782844404040404040404040000000000000000101010101212539
:20B060006E6E6E25012201010001010000000100085C7C789CBC9CBC7C787C785454547CD1
:20B080007C7C7C787878585854302804045834086E6E6E6E6EBADFDADFDF541418181818BD
:20B0A000181818180C00000000003054545454540C30B6929CBC9C387C389C3818187C5418
:20B0C00008347C7C9CBCBCBC9C545858585458787C787C78787C5458583008002C7C50043C
:20B0E00054545454545454549CBCBCBCBCBCBCBCBCBCBCBCBCBCBC280000000000000000A4
:20B100000000000000000000049C9C9C9C7834345434587C7825012101010101012526016F
:20B120000101010834789CBC9C9C7C3434343054787C78785430303030040000041458546C
:20B140000C34589C9C48404040404040404040404040000000000000000101000101216E44
:20B160006E6E6E6E21012221010000010000000101307C7C9C9C9C9C7C5834303030307CD2
:20B180007C787C7854345858300400000C5858086E926E6E6E6E92BADADFDE581010181854
:20B1A000181818181000000000007878545454543478BA929CBC9C387C389C387C385878AF
:20B1C000542C547C9CBC9C9C9C5814343434347878787C7C585458580C040008549C3004BF
:20B1E000545454545454545478BCBCBCBCBCBCBCBCBCBCBCBCBCBC280000000000000000C7
:20B200000000000000000000049C9C9CBDBD5434343434347C9C29012222010101010101F8
:20B22000010101012C589C9C9C9C9C9C9C9C9C7858787C78343030300400000430585858CA
:20B240000800082C4440404040404040404040404040000000000000000101010000052105
:20B26000266E6E6E250121212100000000000001010054787CBCBC9C9C9C9C9C9C7C7878FF
:20B280007C787C78345858300400000830585808006E926E6E6E6E6E6E6EDA581810141836
:20B2A000181818181000000000009CBC9C54545454545151BCBC9C387C389C389C383858AC
:20B2C000780808347CBCBC9C9C9C9C9C9C9C78787C787C785458540C000004545858540C2E
:20B2E0005478545454545454549CBCBCBCBCBCBCBCBCBCBCBCBCBC280000000000000000E6
:20B300000000000000000000289C9CBCBC9C9C785834343478BC9C08010101010122210190
:20B320000101010105305C9C9CBCBE9C9C9CBC9C78785834302C280000000430345458582E
:20B34000080020004040404040404040404040404040000000000000000100000100000142
:20B36000016E6E6E6E21012121210100000101000001000C789CBC9C9CDEDEBC9CBC9C7893
:20B38000787C7C5858583004000008305458583000256E6E6E6E6E6E6E6E6E101418101036
:20B3A000181818181000000000009CBCBC7854545478545478BC9C187C389C389C385C34A1
:20B3C0005834540C307CBC9C9CDEDE9C9CBC9C9C7C7C7C58583004000000305454545830ED
:20B3E0000808305454545454547878BCBCBCBCBCBCBCBCBCBCBCBC2800000000000000002D
:20B4000000000000000000002878789C7C789C9C543458585878BC9C30292101010101214D
:20B420002121210122250C58BC9C9C9C787C9C9C7C7C343008000000000008305858585845
:20B440000800000000404040404040404040404040400000000000000001010100000001A0
:20B4600001216E6E6E2501010101210100010100000000002C78BC9C9CDEBD9C9CBC9C9CB4
:20B48000787858580C04000000042C54585858300001016E6E6E6E6E6E6E6E2C0810181062
:20B4A000101018181000000000009CBCBCBC78547850290850BCBC387C389C5C9CBD583802
:20B4C0007C38389C0C309C9C9CDEBD9C9C9CBC9C7C7C581008000000000854585454580CE5
:20B4E00000040C3054545454545454789CBCBCBCBCBCBCBCBCBCBC2800000000000000002C
:20B500000000000000000000004848484844282C2830585858587CBCBC9C514D2501010165
:20B520000101010122050C10547CBCBC78787C7C7C540C08000000000008303058585858E8
:20B540000800404000404040404040404040404040400000000000000001212101000101DD
:20B560000101056E6E6E210121212121010001000000010100087CBCBCBD9C9CBCBC9C7853
:20B580007858540C00000000002C305458585830002101016E6E6E6E6E6E6E6E08101010C8
:20B5A000101010101004000000009CBCBCBC9C58540101010554BCBC9C389CBD50719A18AB
:20B5C00014147CBC9C0C309CBDBD9C9CBCBCBC9C7C580C00000000000034587C5854580C1D
:20B5E0000810101054545454545454547878BCBCBCBCBCBCBCBCBC280000000000000000BF
:20B60000000000000000000000404040404040404040040C5858587C9C9C9C9C7851050513
:20B620000505250101295810042C5454303034582C04000000000000043030545858583064
:20B64000404040404004404040404040404040404040000000000000000101212121010040
:20B660000001010525250101212121222100000000000001080C0C50BDBD9C9C9C7C9C54A6
:20B680003008040000000000083054585858582C056E24006E6E6E6E6E6E6E6E2C101010F3
:20B6A000101010100800000000009CBCBCBCBC9C542C4D4D505478BCBC9C799A5050929DEE
:20B6C0007C78BCBCBC78082C9C9C9C787C9C7C582C080000000000040C54787858543010EA
:20B6E000181C140C0C5454545454545454547878BCBCBCBCBCBCBC280000000000000000BA
:20B700000000000000000000004040404040404040400000083458587C78787C7C78587851
:20B720007878782C0808347828000004000004040000000000000004083054585858304479
:20B7400040402000287844404040404040404040404000000000000000010121222101003E
:20B76000000000010101212121212121210100000000010008782C042C50303030303408B5
:20B7800000000000000000083034585858582C056E6E00006E92496E6E6E6E6E2C10101005
:20B7A000101010100800000000009CBCBCBCBCBC9C78545454545478BCBC9C9CBC9C9C9C89
:20B7C000BCBCBCBCBC7C58040408080808080804000000000000002C54787878542C10181D
:20B7E0001C1C101008285454545454545454545478BCBCBCBCBCBC28000000000000000071
:20B800000000000000000000004040404040404040404020000404307C7C7878787C7C7C7C
:20B820007C9C7C9C782C349C9C2C0404000000000000000000040C10305458583430444058
:20B8400040200008789C442040404040404040404040000000000000000101012121212101
:20B860000100000001212121212121212121010000010100089C9C540800000000040000FA
:20B88000000000000000045458583458583405016E25006E6E92000521266E9230101010D5
:20B8A000101010100800000000009CBCBCBCBCBC3838101054545454789CBCBCBCBCBCBC9C
:20B8C000BCBCBCBC3038BC7828040000000000000000000000042C7C7C7878783010181CAC
:20B8E0001C14100C08041030547854545454545454787878BCBCBC280000000000000000D4
:20B9000000000000000000000040404040404040404040402000000028547C7C7C7C7C7CE3
:20B920007C7C7C7C4C2030BCBC9C54300800000000000000040C1034787C5834084440403B
:20B940004020049C9C440030542C44204040404040400000000000000001010121212121EC
:20B9600021210100000121212121212121222101000101010478BC9C7810040000000000F5
:20B980000000000004080C587C58585830050101050000256E250101256E266E3008081046
:20B9A00010101010080000000000785C5C5C583818181814103030300C30345C5C5C7C5CCB
:20B9C0005C5C583414189C9C9C542C080400000000000004082C789C7C78541010181C1C93
:20B9E000141010080008100C085478547878787878545454789C9C28000000000000000093
:20BA00000000000000000000004040404040404040404040400000000004347C7C7C7C7C82
:20BA20007C58540840002C9C9C9C9C54342C08080000042C302C547C9C9C5044404040400E
:20BA40004020549C4840087C9C9C7874284440404040000000000000000101012121212173
:20BA6000212121010000000121212221012121010000010105549CBC9C5C542C2C08000039
:20BA80000000082C2C3054787C5858300501210100000101210001226E254A6E6E6E240431
:20BAA000080810100800000000002C141818181818181818100C0C0C0C0C0C101818181886
:20BAC0001814101C10109CBEBD9C5838343008000000082C34547C7C7C5810141C1C141037
:20BAE0001010100C080C100804303030303030303030303030303004000000000000000036
:20BB00000000000000000000004040404040404040404040404000000000002C587C7C7CED
:20BB2000583430204000087C9CBC9C58343430302C082C2C3054587C78484040404040402D
:20BB4000402C9C584004349C7C7C9C9C9C782C2844400000000000000001010001212121EF
:20BB6000212121210100000000012121010001010004210100349C9CBEBD7C7C5834303009
:20BB800004082C3034547C7C5C340501222101000000210100012201210121256E6E6E6E7D
:20BBA0006E2504080400000000000810141018181818181818100C0C0C0C0C0C101818184E
:20BBC0001414181C04047CBDBEDEBC7C58585430080C3054787C9C7814181C1C1C1410106C
:20BBE00010101014101008081010100C0C0C0C0C0C0C0C0C0C100C0000000000000000000D
:20BC000000000000000000000040404040404040404040404040200000000000042C5478C8
:20BC200030307844400004549CBC9C783434543054302C0C549C7C74484040404040404054
:20BC40004C9C7C280030787C78787C7C9CBCBD9C54500400000000000001010000010121CE
:20BC600021212121210100010000010101000000084D250100549CBDDFDE9C5C5834585801
:20BC800034302C547C587C7C30050101010101000121220000012222012101012121216E3C
:20BCA0006E6E6E6E0100000000000C10100C10181818181818140C0C0C0C10100C1014144B
:20BCC00010381C10000458BEDFDFBD7C7C585858545454787C7C7814181C1C1810101010BB
:20BCE00010101C1C14080410101010100C0C101010100C0C0C100C000000000000000000E4
:20BD0000000000000000000000404040404040404040404040404000000000000000042877
:20BD200010784C40400004547C9CBC9C34343430302C2C547C785044404040404040404CAB
:20BD40009C9C482004787C7C7C7878787C789C9C9C780400000000000001010101000000A3
:20BD600001212121212101000000000001010008546D210100347CBEDFDA9C5C785454549C
:20BD800030303478787C7C2C0101010404010101212221000021222121212121010101217D
:20BDA000056E926E010000000000081010100C10181818181418140C0C1010100C080C0CA7
:20BDC000345C1C0C002858BDDFDFBD7C7C5834545454547C7C58181814101814101010100F
:20BDE00010181C1C0804101010101018101010101010100C0C0C0C000000000000000000CF
:20BE00000000000000000000004040404040404040404040404040402000000004042858BA
:20BE200030284040400004349C9CBC9C543458543030547C54044040404040404040447CA6
:20BE40009C4C2004547C7C7C78787C7C7878789CBD9C0400000000000001010101010000C0
:20BE6000000000012121210100000000000008BD9A250100002C5C9CDADFBD7C7C78343466
:20BE80003454785C9C7C2C0101010010140C0101222200000021212121212121212121013E
:20BEA00001216E6E0000000000000C101010100C10181818141818140C0C100C08080C34F8
:20BEC0007C381C0800089C9CDEDFBD5C7C7854345478785414181C1410100808101010188C
:20BEE0001C1C1C0C000C10101C1C181C1C1810101010181818141004000000000000000066
:20BF00000000000000000000004040404040404040404040404040400004042878787C586D
:20BF200078444040402000087C9C9C9C78343458585858502040404040404040404078BCE9
:20BF4000302000347C787C9C9C9C78787C9C9C9C9C780400000000000001010101000000BD
:20BF6000000000000001212100000000000454BD9201010000089C9CDEDABC7C7C7C543425
:20BF8000345C5C5871250101010008141C1C100521010001212221212121212121212101CB
:20BFA000210121210100000000000C10101010100C10141818181818100C10100C08385C34
:20BFC0005C1C1C0C00085C9CDEDFBD7C787C7C7878785410181C10789C38140C08141C1C8B
:20BFE0001C1C10000410101C1C1C1C1C1C1C1410181C1C1C1C1C1808000000000000000029
:02000004003EBC
:20A0000000000000000000000040404040404040404040404040404430549C9C9C9C787898
:20A02000744400002000000430789C9C9C785458583044404040404040404040404CBC9CB4
:20A0400044000C787C9C9C9C9C9C78789C9C7C789C98040000000000010101010000000058
:20A06000000100000100000100000021220108340521210100045C9CDFBD9C9C7C7C78785D
:20A080005C7C3005212201016EDA54181C1C1C1C08002121212121212121212121010101D4
:20A0A000212201010100000000000C10101010100C0C101818181414181C1C140C345C382E
:20A0C00010080C080804109CBDBDBD9C7C787C7C5814181C1C1074BCBC9C7C1814141018A5
:20A0E0001C1404040C10181C1C1C1C1C1C1C14101C1C1C1C1C1C1C08000000000000000040
:20A100000000000000000000004040404040404040404040404428589C9C9CBC9C7C284467
:20A12000404004000020000000347C9C9CBD78584C4020202000004040404040489C784836
:20A140002008789C9C9C9C9C9C78787C9C9C9C9CBC780400000000000000000100000000A2
:20A1600000000100000000246E6E6E210105519D2500000000000C7CBDBDDEBD9C7C7C7C89
:20A18000782901010122016EDADFBE9C1818180C00012221212121212121212121010001B4
:20A1A000222122210100000000000C101010100C0C0C0C14141418181C1C1C14141C38045C
:20A1C00000000004040808589C9CDEDE9C7C5834181C1C1C1814387CBCBCBC9C5C181010C7
:20A1E00010040410181C1C1C1C1C1C1C181414181C1C1C1C1C1C1C08000000000000000037
:20A2000000000000000000000040404040404040404040442C749C9CBCBC9C9C9C54404082
:20A220004028541004404040400878BDBD9C54284040204000082C0440404044789C484084
:20A240002C78BCBC9C9C9C9C7C78789CBC9CBCBCBC78040000000000000000000000000161
:20A260000100000000246E6E6E6E6E2205787C4D01000000000000305CBDDFDE9C785808B0
:20A280000100000000006EDFDFDFDADFDEBD0C0001222121212121212121212121000121A2
:20A2A000212122220100000000000C1010101010101010181C1C1C1C1C1C1C141C18040063
:20A2C00000000C100410100C78BCBDBD7C54100C08080C100810181C389CBCBCBC9C5C1808
:20A2E000000010141C1C1C1C1C1C1C141010181C1C1C1C1C1414140400000000000000005E
:20A300000000000000000000004040200020404040042C789C9CBC9C9C9C9C9C7C484020F1
:20A320000854585804404040404050BD9C0C20404040404000349C5408204074BC54200484
:20A340007CBCBC9CBC9C7C7878787C9CBC9C9C9C9C7C04000000000000000000000101016A
:20A36000000000246E6E6E6E6E6E250105385801000000010001010130BDBDBD7C2C040052
:20A38000000000000000246EDFDFDADFDF9200012221012122212121212121210101212190
:20A3A00021212122010000000000081010101010181C1C1C1C1C1C1C1C1C1C181C0C00004F
:20A3C000000008141018140C0C785C180C040808080800000004081018385C9CBCBC9C0871
:20A3E000000C181C1C1C1C1C1C14101010101C1C1C1C1C1410101004000000000000000069
:20A400000000000000000000000000000000202028789C9C9C9C9C9C9C9C9C9C7444043058
:20A42000545858780C0040404040445028204040404040000C78787C7808047C9844002CF8
:20A440009C9C9C9C9C9C787878789C9C9C9C9C9C7C580400000000000000000000000000F4
:20A4600000246E6E6E6E6E6E2501220126DA6E00000000002121210100787C9C0801000070
:20A480000100000000000000256EDFDF4900210121010001212121212121220100012221AF
:20A4A000212121210100000000000C0C080C181C1C1C1C1C1C1C1C1C1C1C141C100000005F
:20A4C000080C0408141C140C0810181C100C0C0C1C14040000000000081818385C9C2C00C4
:20A4E00004181C1C1C1C1C1C1410101010101C1C1C18101010101004000000000000000074
:20A500000000000000000000000000000000002C9CBC9C78789C9C9C9C9C9C9C2800105857
:20A520007C78789C9C2C00404040404040404040404028347878789C7C7834100420047853
:20A54000BD9C9C9C7C7C7C78789CBCBC9C7C7C7C7834040000000000000000000000000032
:20A560006E6E6E6E2101252101010125FF9200000000000000210121010808050101012284
:20A58000210000000121010000002929000121012100000121212121212222000021212194
:20A5A0002121220100000000000008040C181C1C1C1C1C1C1C1C1C1C1C1C14100400000886
:20A5C00010100C040C1C1C1810141C1C1C1C1C18180C081010080808040404141C1000086F
:20A5E000101C1C1C1C1C1C181010101010181C1C1410101010101004000000000000000073
:20A600000000000000000000000000000004349C9C9C9C58789C9C9C9C9C9C9C3034787C26
:20A620007C78789CBD9C2C0440404040404040200854787C787C9C9C9C9C9C780C04789CBD
:20A640009C9C7C7C7C78787C9CBC9C9C7C78787C7C54040000000000000000000000012174
:20A660006E9225010101010101210125FF2900000001210100002122010121012121222230
:20A680000100000121222221010000000122212121212121212121212121010021212121FD
:20A6A000212121010000000000000408181C1C1C141C1C141C1C1C1C1C1C14040008101076
:20A6C000101010180C101C1C181C1C1C1C1C1C141010181C1C1C1C1C1408040408040810FE
:20A6E000181C1C1C1C1C1C1410101010181C1C14101010101010100400000000000000006E
:20A70000000000000000000000000000002C9C9C9C9C9C78789C9C7C7C9CBC9C9C9C7878C5
:20A720007C78789C9CBD9C5804404040404428309C7878787C9C9C9C9C9C9C9C7C789C9C34
:20A740009C58789C7854787C9CBC9C7C7878787C7C78040000000000000000000121222180
:20A7600025210101212121212101012129000101010121210100000101222222212121018D
:20A780000000000121212122210101212221212121222221212121212201000021222122B7
:20A7A000212101000000000000000810141C1C10101C1C141C14101C1C1C140C081010109A
:20A7C0001010141C1C10101C1C1C1C100C101010181C1C1C1C1C1C1C1C1C18100C10181CA5
:20A7E0001C1C1C1C1C141010101010101C1C141010101010141C1004000000000000000079
:20A80000000000000000000000000000049C78549C9C9C9C787878589C9C9C9C9C9C785824
:20A8200078789C9C9C9C9C9C5404404028789C9C7C7878789C9C9C9C9C9C9C9C9C9C9C9C9C
:20A84000789C787854589C9C9C9C7C78787878787C540400000000000000000021220100EC
:20A8600001012121012121212121212100002101000021212201000121212121010101009D
:20A8800000000101212121212121212121212121212121212121212221000000212222217A
:20A8A000010100000000000000000C10101C1008181C18101010101C1C1C1C1010101010EA
:20A8C00010101C1C1C1810101814100C0C18181C1C1C1C1C1C1C1C1C1C1C1C1C1C1C1C1C6C
:20A8E0001C1C1C1C141010101010101C1C141010101010101C1C1404000000000000000078
:20A90000000000000000000000000000089C5834789C9C9C785858587C9C9C9C9C9C7858E3
:20A92000789C9C9C9C9C9C9CBD543074BDBD9C78585878789C9C9C9C9C9C9C9C9C9C9C784C
:20A9400058785834587C9CBC9C7C78787878787C7C5404000000000000000021222100004B
:20A9600021212121212121212121212121010100000101010101010101010101000000001D
:20A9800000000121212121212121212121212121212121212121212101000000212222217A
:20A9A000000001000000000000000C10181C0C0C1C1C14101010101C1C1C1C1418101010D6
:20A9C000181C1C1C1C1C1C101010181C1C1C1C1C1C1C1C1C1C1C1C1C181C1C1C1C1C1C1C27
:20A9E0001C1C1410101010101010181C14101010101010141C1C1C08000000000000000083
:20AA0000000000000000000000000004789C7834549CBC9C7C78787C9C9C9C9CBC9C78788A
:20AA20009CBCBCBC9C9CBC9C9CBD9CBDBDBD7C7C787C9C9C9CBC9C9C9C9C9C9C9C9C9C7C16
:20AA4000787878587C9CBC9C7C787C7C7C7C7C7C7C7C040000000000000121212100002169
:20AA600022212121222222222222222122210121212121212122212121212101000101016D
:20AA8000010121222222222222222222222222222222222222222101000000012222210184
:20AAA000010101010000000000000C10140C08101C1C18101010101C1C1C1C1C1C1C1C1CB2
:20AAC0001C1C1C1C1C1C1C1C181C1C1C1C1C1C1C1C1C1C1C1C1C1C1C1C1C1C1C1C1C1C1CFA
:20AAE0001C1C10101010101010101414101010101010141C1C1C1C0800000000000000008A
:20AB00000000000000000000000000049CBD9C3454BD9C7C7C9C9C7C7C7C9C9CBC9C585877
:20AB20009C9C9C9C9C9C9C58789C78789C7C7C7C78789C9C9C9C9C9CBCBC9C9C7C9C7C9CED
:20AB40007C7C7C7C7C9C9C7C787C9C9C9C7C58589C9C04000000000001212221010000211E
:20AB60002221212122222222222222222121210101010101010101010101010001010101CD
:20AB80000001012122222222222222222222222222222222222101000000010122210101E7
:20ABA000010101210100000000000C1010040814141C1410101010141C1C1C1C1C1C1C1CAC
:20ABC0001C1C1C18181818181C1C1C18181818181C1C18181818181C1C1C1C1C1C1C1C1C31
:20ABE0001C1410101010101010101010101010101010181C1C1C1C08000000000000000095
:20AC00000000000000000000000000002828280404282828282828282828282828282C4D33
:20AC20002C2C2C0804282C2C2C2C2C0804082804082C080428282828282828080828082880
:20AC4000282828282828282828282828282808082828000000000000000000000000000064
:20AC6000000000000000000000000000000000242425252925002425242525240000000019
:20AC8000242524000000000000000000000000000000000000000000000000000000000047
:20ACA000000000000000000000000404040000040408040404040404080808080808080820
:20ACC0000808082C08082C2C2C0C0C08080808080808082C2C2C2C0808080808080808084C
:20ACE0000804040404040404040404040404040404040808080808000000000000000000E0
:20AD0000000000000000000000000000000000000000000000000000000000000000FFFF35
:20AD2000FFFFFFDB2400FFFFFFFFFFFF24000024FFFFFF29000000000000000000000000AF
:20AD40000000000000000000000000000000000000000000000000000000000000000000F3
:20AD6000000000000000000000000000000000DBFFFFFFFFFF49D7FFFFFFFFFF2900002990
:20AD8000FFFFFF29000000000000000000000000000000000000000000000000000000008D
:20ADA000000000000000000000000000000000000000000000000000000000000000000093
:20ADC0000000B6FFFFDBFFFFFF0024DBFFFFFFDB2400D7FFFFFFFFFF4900000000000000D1
:20ADE000000000000000000000000000000000000000000000000000000000000000000053
:20AE0000000000000000000000000000000000000000000000000000000000000024FFFF10
:20AE20006D2949FFFF49FFFF6D2949FFFF2424FFFF6DFFFF29000000000000000000000037
:20AE40000000000000000000000000000000000000000000000000000000000000000000F2
:20AE6000000000000000000000000000000024FFFF4929492924FFFF6D2949FFFF2424FF86
:20AE8000FF6DFFFF290000000000000000000000000000000000000000000000000000001F
:20AEA000000000000000000000000000000000000000000000000000000000000000000092
:20AEC0000000DBFF922929494924FFFF6D296DFFDB24FFFF92296DFFFF24000000000000B7
:20AEE000000000000000000000000000000000000000000000000000000000000000000052
:20AF0000000000000000000000000000000000000000000000000000000000000024FFFF0F
:20AF2000490049FFDB49FFFF000024FFFF29DBFF290024FFFF2400000000000000000000CA
:20AF40000000000000000000000000000000000000000000000000000000000000000000F1
:20AF6000000000000000000000000000000024FFFF4924242424FFFF000024FFFF49D7FF97
:20AF8000290024FFFF00000000000000000000000000000000000000000000000000000066
:20AFA000000000000000000000000000000000000000000000000000000000000000000091
:20AFC0000000DBFF490000240024FFFF240000494924FFFF240000FFFF24000000000000EA
:20AFE000000000000000000000000000000000000000000000000000000000000000000051
:20B00000000000000000000000000000000000000000000000000000000000000024FFFF0E
:20B02000FFFFFFFF4924FFFF4924FFFFDB29FFFF492929FFFF29000000000000000000007A
:20B040000000000000000000000000000000000000000000000000000000000000000000F0
:20B06000000000000000000000000000000024FFFFFFFFFFFF29FFFF4929FFFFDB29FFFF19
:20B08000492429FFFF240000000000000000000000000000000000000000000000000000F8
:20B0A000000000000000000000000000000000000000000000000000000000000000000090
:20B0C0000000DBFFFFDBFFFF29006DFFFFDBFFD70000FFFF49006DFFFF24000000000000A3
:20B0E000000000000000000000000000000000000000000000000000000000000000000050
:20B10000000000000000000000000000000000000000000000000000000000000029FFFF08
:20B12000492429FFFF49FFFFFFFFFF6D0029FFFFFFFFFFFFFF240000000000000000000084
:20B140000000000000000000000000000000000000000000000000000000000000000000EF
:20B16000000000000000000000000000000024FFFF6D29492924FFFFFFFFFF6D0024FFFFF7
:20B18000FFFFFFFFFF24000000000000000000000000000000000000000000000000000090
:20B1A00000000000000000000000000000000000000000000000000000000000000000008F
:20B1C0000000FFFF6D2449490000004949496DFFDB24FFFFFFFFFFFF6D00000000000000A1
:20B1E00000000000000000000000000000000000000000000000000000000000000000004F
:20B20000000000000000000000000000000000000000000000000000000000000029FFFF07
:20B22000490029FFFF49FFFF6DFFFFDB2424FFFF6D296DFFFF2400000000000000000000A6
:20B240000000000000000000000000000000000000000000000000000000000000000000EE
:20B26000000000000000000000000000000024FFFF2900000024FFFF49FFFFFF2924FFFFD0
:20B28000492949FFFF240000000000000000000000000000000000000000000000000000D1
:20B2A00000000000000000000000000000000000000000000000000000000000000000008E
:20B2C0000000FFFF920000000024FFDB240029FFFF49FFFF6D29292400000000000000006B
:20B2E00000000000000000000000000000000000000000000000000000000000000000004E
:20B30000000000000000000000000000000000000000000000000000000000000024FFFF0B
:20B32000FFFFFFFF4924FFFF2429FFFFD729FFFF240024FFFF2400000000000000000000F3
:20B340000000000000000000000000000000000000000000000000000000000000000000ED
:20B36000000000000000000000000000000024FFFF2900240024FFFF2429FFFFFF29DBFFEF
:20B38000240000FFFF24000000000000000000000000000000000000000000000000000067
:20B3A00000000000000000000000000000000000000000000000000000000000000000008D
:20B3C0000000FFFFFFFFFFFFFF2449FFFFDBFFFF6D00FFFF4900000000000000000000007C
:20B3E00000000000000000000000000000000000000000000000000000000000000000004D
:20B400000000000000000000000000000000000000000000000000000000000000002929DA
:20B420002929292400002929240024292400242900000029240000000000000000000000EC
:20B440000000000000000000000000000000000000000000000000000000000000000000EC
:20B46000000000000000000000000000000000242900000000002429000024292400242974
:20B4800000000029240000000000000000000000000000000000000000000000000000005F
:20B4A00000000000000000000000000000000000000000000000000000000000000000008C
:20B4C000000000294949494949000029494949490000294900000000000000000000000017
:20B4E00000000000000000000000000000000000000000000000000000000000000000004C
:20B5000000000000000000000000000000000000000000000000000000000000000000002B
:20B5200000000000000000000000000000000000000000000000000000000000000000000B
:20B540000000000000000000000000000000000000000000000000000000000000000000EB
:20B560000000000000000000000000000000000000000000000000000000000000000000CB
:20B580000000000000000000000000000000000000000000000000000000000000000000AB
:20B5A00000000000000000000000000000000000000000000000000000000000000000008B
:20B5C00000000000000000000000000000000000000000000000000000000000000000006B
:20B5E00000000000000000000000000000000000000000000000000000000000000000004B
:20B6000000000000000000000000000000000000000000000000000000000000000000002A
:20B6200000000000000000000000000000000000000000000000000000000000000000000A
:20B640000000000000000000000000000000000000000000000000000000000000000000EA
:20B660000000000000000000000000000000000000000000000000000000000000000000CA
:20B680000000000000000000000000000000000000000000000000000000000000000000AA
:20B6A00000000000000000000000000000000000000000000000000000000000000000008A
:20B6C00000000000000000000000000000000000000000000000000000000000000000006A
:20B6E00000000000000000000000000000000000000000000000000000000000000000004A
:20B70000000000000000000000000000000000000000000000000000000000000000000029
:20B72000000000000000000000000000000000000000000000000000000000000000000009
:20B740000000000000000000000000000000000000000000000000000000000000000000E9
:20B760000000000000000000000000000000000000000000000000000000000000000000C9
:20B780000000000000000000000000000000000000000000000000000000000000000000A9
:20B7A000000000000000000000000000000000000000000000000000000000000000000089
:20B7C000000000000000000000000000000000000000000000000000000000000000000069
:20B7E000000000000000000000000000000000000000000000000000000000000000000049
:20B80000000000000000000000000000000000000000000000000000000000000000000028
:20B82000000000000000000000000000000000000000000000000000000000000000000008
:20B840000000000000000000000000000000000000000000000000000000000000000000E8
:20B860000000000000000000000000000000000000000000000000000000000000000000C8
:20B880000000000000000000000000000000000000000000000000000000000000000000A8
:20B8A000000000000000000000000000000000000000000000000000000000000000000088
:20B8C000000000000000000000000000000000000000000000000000000000000000000068
:20B8E000000000000000000000000000000000000000000000000000000000000000000048
:20B90000000000000000000000000000000000000000000000000000000000000000000027
:20B92000000000000000000000000000000000000000000000000000000000000000000007
:20B940000000000000000000000000000000000000000000000000000000000000000000E7
:20B960000000000000000000000000000000000000000000000000000000000000000000C7
:20B980000000000000000000000000000000000000000000000000000000000000000000A7
:20B9A000000000000000000000000000000000000000000000000000000000000000000087
:20B9C000000000000000000000000000000000000000000000000000000000000000000067
:20B9E000000000000000000000000000000000000000000000000000000000000000000047
:20BA0000000000000000000000000000000000000000000000000000000000000000000026
:20BA2000000000000000000000000000000000000000000000000000000000000000000006
:20BA40000000000000000000000000000000000000000000000000000000000000000000E6
:20BA60000000000000000000000000000000000000000000000000000000000000000000C6
:20BA80000000000000000000000000000000000000000000000000000000000000000000A6
:20BAA000000000000000000000000000000000000000000000000000000000000000000086
:20BAC000000000000000000000000000000000000000000000000000000000000000000066
:20BAE000000000000000000000000000000000000000000000000000000000000000000046
:20BB0000000000000000000000000000000000000000000000000000000000000000000025
:20BB2000000000000000000000000000000000000000000000000000000000000000000005
:20BB40000000000000000000000000000000000000000000000000000000000000000000E5
:20BB60000000000000000000000000000000000000000000000000000000000000000000C5
:20BB80000000000000000000000000000000000000000000000000000000000000000000A5
:20BBA000000000000000000000000000000000000000000000000000000000000000000085
:20BBC000000000000000000000000000000000000000000000000000000000000000000065
:20BBE000000000000000000000000000000000000000000000000000000000000000000045
:20BC0000000000000000000000000000000000000000000000000000000000000000000024
:20BC2000000000000000000000000000000000000000000000000000000000000000000004
:20BC40000000000000000000000000000000000000000000000000000000000000000000E4
:20BC60000000000000000000000000000000000000000000000000000000000000000000C4
:20BC80000000000000000000000000000000000000000000000000000000000000000000A4
:20BCA000000000000000000000000000000000000000000000000000000000000000000084
:20BCC000000000000000000000000000000000000000000000000000000000000000000064
:20BCE000000000000000000000000000000000000000000000000000000000000000000044
:20BD0000000000000000000000000000000000000000000000000000000000000000000023
:20BD2000000000000000000000000000000000000000000000000000000000000000000003
:20BD40000000000000000000000000000000000000000000000000000000000000000000E3
:20BD60000000000000000000000000000000000000000000000000000000000000000000C3
:20BD80000000000000000000000000000000000000000000000000000000000000000000A3
:20BDA000000000000000000000000000000000000000000000000000000000000000000083
:20BDC000000000000000000000000000000000000000000000000000000000000000000063
:20BDE000000000000000000000000000000000000000000000000000000000000000000043
:20BE0000000000000000000000000000000000000000000000000000000000000000000022
:20BE2000000000000000000000000000000000000000000000000000000000000000000002
:20BE40000000000000000000000000000000000000000000000000000000000000000000E2
:20BE60000000000000000000000000000000000000000000000000000000000000000000C2
:20BE80000000000000000000000000000000000000000000000000000000000000000000A2
:20BEA000000000000000000000000000000000000000000000000000000000000000000082
:20BEC000000000000000000000000000000000000000000000000000000000000000000062
:20BEE000000000000000000000000000000000000000000000000000000000000000000042
:20BF0000000000000000000000000000000000000000000000000000000000000000000021
:20BF2000000000000000000000000000000000000000000000000000000000000000000001
:20BF40000000000000000000000000000000000000000000000000000000000000000000E1
:20BF60000000000000000000000000000000000000000000000000000000000000000000C1
:20BF80000000000000000000000000000000000000000000000000000000000000000000A1
:20BFA000000000000000000000000000000000000000000000000000000000000000000081
:20BFC000000000000000000000000000000000000000000000000000000000000000000061
:20BFE000000000000000000000000000000000000000000000000000000000000000000041
:02000004003FBB
:20A00000000000000000000000000000000000000000000000000000000000000000000040
:20A02000000000000000000000000000000000000000000000000000000000000000000020
:20A04000000000000000000000000000000000000000000000000000000000000000000000
:20A060000000000000000000000000000000000000000000000000000000000000000000E0
:20A080000000000000000000000000000000000000000000000000000000000000000000C0
:20A0A0000000000000000000000000000000000000000000000000000000000000000000A0
:20A0C000000000000000000000000000000000000000000000000000000000000000000080
:20A0E000000000000000000000000000000000000000000000000000000000000000000060
:20A1000000000000000000000000000000000000000000000000000000000000000000003F
:20A1200000000000000000000000000000000000000000000000000000000000000000001F
:20A140000000000000000000000000000000000000000000000000000000000000000000FF
:20A160000000000000000000000000000000000000000000000000000000000000000000DF
:20A180000000000000000000000000000000000000000000000000000000000000000000BF
:20A1A00000000000000000000000000000000000000000000000000000000000000000009F
:20A1C00000000000000000000000000000000000000000000000000000000000000000007F
:20A1E00000000000000000000000000000000000000000000000000000000000000000005F
:20A2000000000000000000000000000000000000000000000000000000000000000000003E
:20A2200000000000000000000000000000000000000000000000000000000000000000001E
:20A240000000000000000000000000000000000000000000000000000000000000000000FE
:20A260000000000000000000000000000000000000000000000000000000000000000000DE
:20A280000000000000000000000000000000000000000000000000000000000000000000BE
:20A2A00000000000000000000000000000000000000000000000000000000000000000009E
:20A2C00000000000000000000000000000000000000000000000000000000000000000007E
:20A2E00000000000000000000000000000000000000000000000000000000000000000005E
:20A3000000000000000000000000000000000000000000000000000000000000000000003D
:20A3200000000000000000000000000000000000000000000000000000000000000000001D
:20A340000000000000000000000000000000000000000000000000000000000000000000FD
:20A360000000000000000000000000000000000000000000000000000000000000000000DD
:20A380000000000000000000000000000000000000000000000000000000000000000000BD
:20A3A00000000000000000000000000000000000000000000000000000000000000000009D
:20A3C00000000000000000000000000000000000000000000000000000000000000000007D
:20A3E00000000000000000000000000000000000000000000000000000000000000000005D
:20A4000000000000000000000000000000000000000000000000000000000000000000003C
:20A4200000000000000000000000000000000000000000000000000000000000000000001C
:20A440000000000000000000000000000000000000000000000000000000000000000000FC
:20A460000000000000000000000000000000000000000000000000000000000000000000DC
:20A480000000000000000000000000000000000000000000000000000000000000000000BC
:20A4A00000000000000000000000000000000000000000000000000000000000000000009C
:20A4C00000000000000000000000000000000000000000000000000000000000000000007C
:20A4E00000000000000000000000000000000000000000000000000000000000000000005C
:20A5000000000000000000000000000000000000000000000000000000000000000000003B
:20A5200000000000000000000000000000000000000000000000000000000000000000001B
:20A540000000000000000000000000000000000000000000000000000000000000000000FB
:20A560000000000000000000000000000000000000000000000000000000000000000000DB
:20A580000000000000000000000000000000000000000000000000000000000000000000BB
:20A5A00000000000000000000000000000000000000000000000000000000000000000009B
:20A5C00000000000000000000000000000000000000000000000000000000000000000007B
:20A5E00000000000000000000000000000000000000000000000000000000000000000005B
:20A6000000000000000000000000000000000000000000000000000000000000000000003A
:20A6200000000000000000000000000000000000000000000000000000000000000000001A
:20A640000000000000000000000000000000000000000000000000000000000000000000FA
:20A660000000000000000000000000000000000000000000000000000000000000000000DA
:20A680000000000000000000000000000000000000000000000000000000000000000000BA
:20A6A00000000000000000000000000000000000000000000000000000000000000000009A
:20A6C00000000000000000000000000000000000000000000000000000000000000000007A
:20A6E00000000000000000000000000000000000000000000000000000000000000000005A
:20A70000000000000000000000000000000000000000000000000000000000000000000039
:20A72000000000000000000000000000000000000000000000000000000000000000000019
:20A740000000000000000000000000000000000000000000000000000000000000000000F9
:20A760000000000000000000000000000000000000000000000000000000000000000000D9
:20A780000000000000000000000000000000000000000000000000000000000000000000B9
:20A7A000000000000000000000000000000000000000000000000000000000000000000099
:20A7C000000000000000000000000000000000000000000000000000000000000000000079
:20A7E000000000000000000000000000000000000000000000000000000000000000000059
:20A80000000000000000000000000000000000000000000000000000000000000000000038
:20A82000000000000000000000000000000000000000000000000000000000000000000018
:20A840000000000000000000000000000000000000000000000000000000000000000000F8
:20A860000000000000000000000000000000000000000000000000000000000000000000D8
:20A880000000000000000000000000000000000000000000000000000000000000000000B8
:20A8A000000000000000000000000000000000000000000000000000000000000000000098
:20A8C000000000000000000000000000000000000000000000000000000000000000000078
:20A8E000000000000000000000000000000000000000000000000000000000000000000058
:20A90000000000000000000000000000000000000000000000000000000000000000000037
:20A92000000000000000000000000000000000000000000000000000000000000000000017
:20A940000000000000000000000000000000000000000000000000000000000000000000F7
:20A960000000000000000000000000000000000000000000000000000000000000000000D7
:20A980000000000000000000000000000000000000000000000000000000000000000000B7
:20A9A000000000000000000000000000000000000000000000000000000000000000000097
:20A9C000000000000000000000000000000000000000000000000000000000000000000077
:20A9E000000000000000000000000000000000000000000000000000000000000000000057
:20AA0000000000000000000000000000000000000000000000000000000000000000000036
:20AA2000000000000000000000000000000000000000000000000000000000000000000016
:20AA40000000000000000000000000000000000000000000000000000000000000000000F6
:20AA60000000000000000000000000000000000000000000000000000000000000000000D6
:20AA80000000000000000000000000000000000000000000000000000000000000000000B6
:20AAA000000000000000000000000000000000000000000000000000000000000000000096
:20AAC000000000000000000000000000000000000000000000000000000000000000000076
:20AAE000000000000000000000000000000000000000000000000000000000000000000056
:20AB0000000000000000000000000000000000000000000000000000000000000000000035
:20AB2000000000000000000000000000000000000000000000000000000000000000000015
:20AB40000000000000000000000000000000000000000000000000000000000000000000F5
:20AB60000000000000000000000000000000000000000000000000000000000000000000D5
:20AB80000000000000000000000000000000000000000000000000000000000000000000B5
:20ABA000000000000000000000000000000000000000000000000000000000000000000095
:20ABC000000000000000000000000000000000000000000000000000000000000000000075
:20ABE000000000000000000000000000000000000000000000000000000000000000000055
:20AC0000000000000000000000000000000000000000000000000000000000000000000034
:20AC2000000000000000000000000000000000000000000000000000000000000000000014
:20AC40000000000000000000000000000000000000000000000000000000000000000000F4
:20AC60000000000000000000000000000000000000000000000000000000000000000000D4
:20AC80000000000000000000000000000000000000000000000000000000000000000000B4
:20ACA000000000000000000000000000000000000000000000000000000000000000000094
:20ACC000000000000000000000000000000000000000000000000000000000000000000074
:20ACE000000000000000000000000000000000000000000000000000000000000000000054
:20AD0000000000000000000000000000000000000000000000000000000000000000000033
:20AD2000000000000000000000000000000000000000000000000000000000000000000013
:20AD40000000000000000000000000000000000000000000000000000000000000000000F3
:20AD60000000000000000000000000000000000000000000000000000000000000000000D3
:20AD80000000000000000000000000000000000000000000000000000000000000000000B3
:20ADA000000000000000000000000000000000000000000000000000000000000000000093
:20ADC000000000000000000000000000000000000000000000000000000000000000000073
:20ADE000000000000000000000000000000000000000000000000000000000000000000053
:20AE0000000000000000000000000000000000000000000000000000000000000000000032
:20AE2000000000000000000000000000000000000000000000000000000000000000000012
:20AE40000000000000000000000000000000000000000000000000000000000000000000F2
:20AE60000000000000000000000000000000000000000000000000000000000000000000D2
:20AE80000000000000000000000000000000000000000000000000000000000000000000B2
:20AEA000000000000000000000000000000000000000000000000000000000000000000092
:20AEC000000000000000000000000000000000000000000000000000000000000000000072
:20AEE000000000000000000000000000000000000000000000000000000000000000000052
:20AF0000000000000000000000000000000000000000000000000000000000000000000031
:20AF2000000000000000000000000000000000000000000000000000000000000000000011
:20AF40000000000000000000000000000000000000000000000000000000000000000000F1
:20AF60000000000000000000000000000000000000000000000000000000000000000000D1
:20AF80000000000000000000000000000000000000000000000000000000000000000000B1
:20AFA000000000000000000000000000000000000000000000000000000000000000000091
:20AFC000000000000000000000000000000000000000000000000000000000000000000071
:20AFE000000000000000000000000000000000000000000000000000000000000000000051
:20B00000000000000000000000000000000000000000000000000000000000000000000030
:20B02000000000000000000000000000000000000000000000000000000000000000000010
:20B040000000000000000000000000000000000000000000000000000000000000000000F0
:20B060000000000000000000000000000000000000000000000000000000000000000000D0
:20B080000000000000000000000000000000000000000000000000000000000000000000B0
:20B0A000000000000000000000000000000000000000000000000000000000000000000090
:20B0C000000000000000000000000000000000000000000000000000000000000000000070
:20B0E000000000000000000000000000000000000000000000000000000000000000000050
:20B1000000000000000000000000000000000000000000000000000000000000000000002F
:20B1200000000000000000000000000000000000000000000000000000000000000000000F
:20B140000000000000000000000000000000000000000000000000000000000000000000EF
:20B160000000000000000000000000000000000000000000000000000000000000000000CF
:20B180000000000000000000000000000000000000000000000000000000000000000000AF
:20B1A00000000000000000000000000000000000000000000000000000000000000000008F
:20B1C00000000000000000000000000000000000000000000000000000000000000000006F
:20B1E00000000000000000000000000000000000000000000000000000000000000000004F
:20B2000000000000000000000000000000000000000000000000000000000000000000002E
:20B2200000000000000000000000000000000000000000000000000000000000000000000E
:20B240000000000000000000000000000000000000000000000000000000000000000000EE
:20B260000000000000000000000000000000000000000000000000000000000000000000CE
:20B280000000000000000000000000000000000000000000000000000000000000000000AE
:20B2A00000000000000000000000000000000000000000000000000000000000000000008E
:20B2C00000000000000000000000000000000000000000000000000000000000000000006E
:20B2E00000000000000000000000000000000000000000000000000000000000000000004E
:20B3000000000000000000000000000000000000000000000000000000000000000000002D
:20B3200000000000000000000000000000000000000000000000000000000000000000000D
:20B340000000000000000000000000000000000000000000000000000000000000000000ED
:20B360000000000000000000000000000000000000000000000000000000000000000000CD
:20B380000000000000000000000000000000000000000000000000000000000000000000AD
:20B3A00000000000000000000000000000000000000000000000000000000000000000008D
:20B3C00000000000000000000000000000000000000000000000000000000000000000006D
:20B3E00000000000000000000000000000000000000000000000000000000000000000004D
:020000040040BA
:20A00000000000000000000000000000000000000000000000000000000000000000000040
:20A02000000000000000000000000000000000000000000000000000000000000000000020
:20A04000000000000000000000000000000000000000000000000000000000000000000000
:20A060000000000000000000000000000000000000000000000000000000000000000000E0
:20A080000000000000000000000000000000000000000000000000000000000000000000C0
:20A0A0000000000000000000000000000000000000000000000000000000000000000000A0
:20A0C000000000000000000000000000000000000000000000000000000000000000000080
:20A0E000000000000000000000000000000000000000000000000000000000000000000060
:20A1000000000000000000000000000000000000000000000000000000000000000000003F
:20A1200000000000000000000000000000000000000000000000000000000000000000001F
:20A140000000000000000000000000000000000000000000000000000000000000000000FF
:20A160000000000000000000000000000000000000000000000000000000000000000000DF
:20A180000000000000000000000000000000000000000000000000000000000000000000BF
:20A1A00000000000000000000000000000000000000000000000000000000000000000009F
:20A1C00000000000000000000000000000000000000000000000000000000000000000007F
:20A1E00000000000000000000000000000000000000000000000000000000000000000005F
:20A2000000000000000000000000000000000000000000000000000000000000000000003E
:20A2200000000000000000000000000000000000000000000000000000000000000000001E
:20A240000000000000000000000000000000000000000000000000000000000000000000FE
:20A260000000000000000000000000000000000000000000000000000000000000000000DE
:20A280000000000000000000000000000000000000000000000000000000000000000000BE
:20A2A00000000000000000000000000000000000000000000000000000000000000000009E
:20A2C00000000000000000000000000000000000000000000000000000000000000000007E
:20A2E00000000000000000000000000000000000000000000000000000000000000000005E
:20A3000000000000000000000000000000000000000000000000000000000000000000003D
:20A3200000000000000000000000000000000000000000000000000000000000000000001D
:20A340000000000000000000000000000000000000000000000000000000000000000000FD
:20A360000000000000000000000000000000000000000000000000000000000000000000DD
:20A380000000000000000000000000000000000000000000000000000000000000000000BD
:20A3A00000000000000000000000000000000000000000000000000000000000000000009D
:20A3C00000000000000000000000000000000000000000000000000000000000000000007D
:20A3E00000000000000000000000000000000000000000000000000000000000000000005D
:20A4000000000000000000000000000000000000000000000000000000000000000000003C
:20A4200000000000000000000000000000000000000000000000000000000000000000001C
:20A440000000000000000000000000000000000000000000000000000000000000000000FC
:20A460000000000000000000000000000000000000000000000000000000000000000000DC
:20A480000000000000000000000000000000000000000000000000000000000000000000BC
:20A4A00000000000000000000000000000000000000000000000000000000000000000009C
:20A4C00000000000000000000000000000000000000000000000000000000000000000007C
:20A4E00000000000000000000000000000000000000000000000000000000000000000005C
:20A5000000000000000000000000000000000000000000000000000000000000000000003B
:20A5200000000000000000000000000000000000000000000000000000000000000000001B
:20A540000000000000000000000000000000000000000000000000000000000000000000FB
:20A560000000000000000000000000000000000000000000000000000000000000000000DB
:20A580000000000000000000000000000000000000000000000000000000000000000000BB
:20A5A00000000000000000000000000000000000000000000000000000000000000000009B
:20A5C00000000000000000000000000000000000000000000000000000000000000000007B
:20A5E00000000000000000000000000000000000000000000000000000000000000000005B
:20A6000000000000000000000000000000000000000000000000000000000000000000003A
:20A6200000000000000000000000000000000000000000000000000000000000000000001A
:20A640000000000000000000000000000000000000000000000000000000000000000000FA
:20A660000000000000000000000000000000000000000000000000000000000000000000DA
:20A680000000000000000000000000000000000000000000000000000000000000000000BA
:20A6A00000000000000000000000000000000000000000000000000000000000000000009A
:20A6C00000000000000000000000000000000000000000000000000000000000000000007A
:20A6E00000000000000000000000000000000000000000000000000000000000000000005A
:20A70000000000000000000000000000000000000000000000000000000000000000000039
:20A72000000000000000000000000000000000000000000000000000000000000000000019
:20A740000000000000000000000000000000000000000000000000000000000000000000F9
:20A760000000000000000000000000000000000000000000000000000000000000000000D9
:20A780000000000000000000000000000000000000000000000000000000000000000000B9
:20A7A000000000000000000000000000000000000000000000000000000000000000000099
:20A7C000000000000000000000000000000000000000000000000000000000000000000079
:20A7E000000000000000000000000000000000000000000000000000000000000000000059
:20A80000000000000000000000000000000000000000000000000000000000000000000038
:20A82000000000000000000000000000000000000000000000000000000000000000000018
:20A840000000000000000000000000000000000000000000000000000000000000000000F8
:20A860000000000000000000000000000000000000000000000000000000000000000000D8
:20A880000000000000000000000000000000000000000000000000000000000000000000B8
:20A8A000000000000000000000000000000000000000000000000000000000000000000098
:20A8C000000000000000000000000000000000000000000000000000000000000000000078
:20A8E000000000000000000000000000000000000000000000000000000000000000000058
:20A90000000000000000000000000000000000000000000000000000000000000000000037
:20A92000000000000000000000000000000000000000000000000000000000000000000017
:20A940000000000000000000000000000000000000000000000000000000000000000000F7
:20A960000000000000000000000000000000000000000000000000000000000000000000D7
:20A980000000000000000000000000000000000000000000000000000000000000000000B7
:20A9A000000000000000000000000000000000000000000000000000000000000000000097
:20A9C000000000000000000000000000000000000000000000000000000000000000000077
:20A9E000000000000000000000000000000000000000000000000000000000000000000057
:20AA0000000000000000000000000000000000000000000000000000000000000000000036
:20AA2000000000000000000000000000000000000000000000000000000000000000000016
:20AA40000000000000000000000000000000000000000000000000000000000000000000F6
:20AA60000000000000000000000000000000000000000000000000000000000000000000D6
:20AA80000000000000000000000000000000000000000000000000000000000000000000B6
:20AAA000000000000000000000000000000000000000000000000000000000000000000096
:20AAC000000000000000000000000000000000000000000000000000000000000000000076
:20AAE000000000000000000000000000000000000000000000000000000000000000000056
:20AB0000000000000000000000000000000000000000000000000000000000000000000035
:20AB2000000000000000000000000000000000000000000000000000000000000000000015
:20AB40000000000000000000000000000000000000000000000000000000000000000000F5
:20AB60000000000000000000000000000000000000000000000000000000000000000000D5
:20AB80000000000000000000000000000000000000000000000000000000000000000000B5
:20ABA000000000000000000000000000000000000000000000000000000000000000000095
:20ABC000000000000000000000000000000000000000000000000000000000000000000075
:20ABE000000000000000000000000000000000000000000000000000000000000000000055
:20AC0000000000000000000000000000000000000000000000000000000000000000000034
:20AC2000000000000000000000000000000000000000000000000000000000000000000014
:20AC40000000000000000000000000000000000000000000000000000000000000000000F4
:20AC60000000000000000000000000000000000000000000000000000000000000000000D4
:20AC80000000000000000000000000000000000000000000000000000000000000000000B4
:20ACA000000000000000000000000000000000000000000000000000000000000000000094
:20ACC000000000000000000000000000000000000000000000000000000000000000000074
:20ACE000000000000000000000000000000000000000000000000000000000000000000054
:20AD0000000000000000000000000000000000000000000000000000000000000000000033
:20AD2000000000000000000000000000000000000000000000000000000000000000000013
:20AD40000000000000000000000000000000000000000000000000000000000000000000F3
:20AD60000000000000000000000000000000000000000000000000000000000000000000D3
:20AD80000000000000000000000000000000000000000000000000000000000000000000B3
:20ADA000000000000000000000000000000000000000000000000000000000000000000093
:20ADC000000000000000000000000000000000000000000000000000000000000000000073
:20ADE000000000000000000000000000000000000000000000000000000000000000000053
:20AE0000000000000000000000000000000000000000000000000000000000000000000032
:20AE2000000000000000000000000000000000000000000000000000000000000000000012
:20AE40000000000000000000000000000000000000000000000000000000000000000000F2
:20AE60000000000000000000000000000000000000000000000000000000000000000000D2
:20AE80000000000000000000000000000000000000000000000000000000000000000000B2
:20AEA000000000000000000000000000000000000000000000000000000000000000000092
:20AEC000000000000000000000000000000000000000000000000000000000000000000072
:20AEE000000000000000000000000000000000000000000000000000000000000000000052
:20AF0000000000000000000000000000000000000000000000000000000000000000000031
:20AF2000000000000000000000000000000000000000000000000000000000000000000011
:20AF40000000000000000000000000000000000000000000000000000000000000000000F1
:20AF60000000000000000000000000000000000000000000000000000000000000000000D1
:20AF80000000000000000000000000000000000000000000000000000000000000000000B1
:20AFA000000000000000000000000000000000000000000000000000000000000000000091
:20AFC000000000000000000000000000000000000000000000000000000000000000000071
:20AFE000000000000000000000000000000000000000000000000000000000000000000051
:20B00000000000000000000000000000000000000000000000000000000000000000000030
:20B02000000000000000000000000000000000000000000000000000000000000000000010
:20B040000000000000000000000000000000000000000000000000000000000000000000F0
:20B060000000000000000000000000000000000000000000000000000000000000000000D0
:20B080000000000000000000000000000000000000000000000000000000000000000000B0
:20B0A000000000000000000000000000000000000000000000000000000000000000000090
:20B0C000000000000000000000000000000000000000000000000000000000000000000070
:20B0E000000000000000000000000000000000000000000000000000000000000000000050
:20B1000000000000000000000000000000000000000000000000000000000000000000002F
:20B1200000000000000000000000000000000000000000000000000000000000000000000F
:20B140000000000000000000000000000000000000000000000000000000000000000000EF
:20B160000000000000000000000000000000000000000000000000000000000000000000CF
:20B180000000000000000000000000000000000000000000000000000000000000000000AF
:20B1A00000000000000000000000000000000000000000000000000000000000000000008F
:20B1C00000000000000000000000000000000000000000000000000000000000000000006F
:20B1E00000000000000000000000000000000000000000000000000000000000000000004F
:20B2000000000000000000000000000000000000000000000000000000000000000000002E
:20B2200000000000000000000000000000000000000000000000000000000000000000000E
:20B240000000000000000000000000000000000000000000000000000000000000000000EE
:20B260000000000000000000000000000000000000000000000000000000000000000000CE
:20B280000000000000000000000000000000000000000000000000000000000000000000AE
:20B2A000000000000000000000000000000000000000000000000000000000000024242422
:20B2C000242424242424000000000000000000000000000000000024242424242424242452
:20B2E000242400000000000000000000000000000000000000000000000000000000000006
:20B300000000000000000000004924242449494949494949494949494949242424242424EB
:20B32000244924242424242449492424240000002424000024002449492449242424242487
:20B34000242424242424242424242424242424242400000000000000000000000000000089
:20B360000000000000000000000000000000000000000000000000000000000000000000CD
:20B380000000000000000000000000000000000000000000000000000000000000000000AD
:20B3A000000000000000000000002424242424242424242424242424242424006DDBDBB650
:20B3C000B6DBDBDBDBB692926D2400000000002400000000006D92B6DBDBDBDBDBDBB6DB54
:20B3E000DBB6494949494949494949494949494949494949494949000000000000000000BF
:20B400000000000000000000004949242424494949494949494949494949494924242424A0
:20B42000244949242449496D49242424240000000000002449000049242424494924242416
:20B440002424242424242424242424242424242424240000000000000024242424240000B0
:20B46000000000000024242424242424242424240000496D49494924000000000000002467
:20B48000000000002400000000242400002424242424000000242400000000000000000044
:20B4A000000000000000000000002424242424242424242424242424242424246DDBDBDB06
:20B4C000DBDBDB926D6D6D242424000000000000000000000024246DDBDBDBDBDBDBDBDB09
:20B4E000DBB6494949494949494949494949494949494949494949000000000000000000BE
:20B5000000000000000000000049494924242449494949494949494949494949492424247A
:20B52000242424496D49494924240000000000000000000024000000000024244949242480
:20B5400024242424242424242424242424242424242400000000000000242424242424008B
:20B5600000000000000000242424242424242424246D926D494949492400000000000000AF
:20B58000240000000000000000242424242424002424240000000000000000000000000043
:20B5A0000000000000000000000024242424242424242424242424242424242424B6DBDB73
:20B5C000DBDB6D242424240000000000240000000000000000000000246DDBDBDBDBDBDBE1
:20B5E000DBDB6D494949494949494949494949494949494949494900000000000000000074
:20B60000000000000000000000244949492424244949494949494949494949494949242479
:20B62000242449494924242424242400000000000000000000000000000000004949492410
:20B64000242424242424242424242424242424242424000000000000002424242424242466
:20B66000000000000000000000242424242400246D6D49000000000024242424240000001B
:20B68000002424000000000000240024492400242400240000000000000000000000000041
:20B6A0000000000000000000000024242424242424242424242424242424242449DBDBDB28
:20B6C000DB6D49492449492400000000000000000000000024000000000049B6DBDBDBDB27
:20B6E000DBDB9249494949494949494949494949494949494949490000000000000000004E
:20B70000000000000000000000244949494924242449494949494949494949494949242478
:20B72000246D6D4949242400000000002400000000000000000000000024490024244949C6
:20B74000242449242424242424242424242424242424000000000000002400242424242464
:20B7600024000000000000000000242424000049492400000000000000240000000000005F
:20B780000000242400000000000024240000000024242400000000000000000000000000AD
:20B7A00000000000000000000000242424242424242424242424242424242424246DDBB6DF
:20B7C0006D4949240000000000000000000000240000000000000000000000006DDBDBDB24
:20B7E000DBDB6D494949494949494949494949494949494949494900000000000000000072
:20B80000000000000000000000244949494949242424494949494949494949494949492452
:20B820006D6D490000000000000000000000240000000000000000000024240000006D49C3
:20B8400024244949242424242424242424242424242400000000000000002424242424243E
:20B8600024240000000000000000000000246D6D2400244924002424000000000000000085
:20B88000240000000000000000246D490000242424242400000000000000000000000000F6
:20B8A00000000000000000000000242424242424242424242424242424242424006DDB6D4B
:20B8C00000000000000000000000000000000000000000000000000000492400006DDBDBD8
:20B8E000DBB6494949494949494949494949494949494949494949000000000000000000BA
:20B90000000000000000000000242449494949492424244949494949494949494949496D2D
:20B920006D492400000024242424000000000000000000000000000024240000000024240D
:20B9400024242449494949242424242424242424242400000000000000000000002424245F
:20B9600024240000000000000000000000496D6D92926D6D2400000000000000000000003A
:20B98000000000000000000000244924000092922400242400000000000000000000000086
:20B9A0000000000000000000000024242424242424242424242424242424242424496D49DC
:20B9C00024000000000000240000000000000000000000000000000000492400006D92B6FD
:20B9E000DBDB9249494949494949494949494949494949494949490000000000000000004B
:20BA0000000000000000000000242424494949494924242449494949494949494949494975
:20BA20004949494949492400002400000000000000000000002424242449240000000024E7
:20BA40004924242449494949494949242424242424240000000000000000000000002424EE
:20BA6000242424240000000000000000496D4924492424240000000000000000000000005E
:20BA80000000000000000000000024000000246D2400002424000000000000000000000085
:20BAA00000000000000000000000242424242424242424242424242424242424242424246E
:20BAC000494949490000240000000000000000000000000000000000000000000092496DD6
:20BAE000B6DBDB6D4949494949494949494949494949494949494900000000000000000002
:20BB0000000000000000000000492424244949494949242424244949494949494949494999
:20BB20004924242424240000000000000000000000000000244924000049490000000000E5
:20BB40004924242424494949494949494924242424240000000000000000000000002424C8
:20BB60002424242400000000000000006D490000000000000000000000000000000000007F
:20BB80000000000000000000002449240000000024000000002424000000000000000000A8
:20BBA000000000000000000000002424242424242424242424242424242424242449490047
:20BBC000000024242400000000000000000000000000000000000000000000000000006D8C
:20BBE00092DBDB924949494949494949494949494949494949494900000000000000000000
:20BC00000000000000000000004924242449494949494924242424494949494949496D2499
:20BC2000000000000000000000000000000000000000000024000000000024240000000098
:20BC40000024242424244949494949494949494949240000000000000000000000000024C5
:20BC6000242424242424000000000024922400000000000000000000000000000000000012
:20BC80000000240000000000000049490000000000000000000000240000000000000000CA
:20BCA00000000000000000000000242424242424242424242424242424242424496D240022
:20BCC0000000000000000000000000000000000000000000000000000024240000000024F8
:20BCE0006DDBDBDB6D24494949494949494949494949494924244900000000000000000026
:20BD0000000000000000000000494924242424494949494924242424494949494949490005
:20BD20000000000000000024240000000000000000000000000000000000000000000000BB
:20BD40000024492424242449494949494949494949490000000000000000000000000000C3
:20BD60002424242424000000000000494900000000000000000000000000000000244949C7
:20BD80002449494900002400000000242400000000000000000000002424000000000000F0
:20BDA000000000000000000000002424242424242424242424242424242424244949000069
:20BDC000000000000000000049240000000000000000494900000000000000000000000064
:20BDE00000B6DBDB6D242449494949494949494949494949494924000000000000000000B7
:20BE0000000000000000000000494949242424494949494924242424242449494924000097
:20BE2000000000000024496D6D4949242424496D4949492400002449240000000000000077
:20BE4000000049242424242424494949494949494949000000000000000000000000000030
:20BE60000024242424242400000000490000000000000000000000000000496D6D929292C8
:20BE80006D6D6D4949494924000000000000000000240000000000000024240000000000A7
:20BEA0000000000000000000000024242424242424242424242424242424242449000000B1
:20BEC000000000242400496D926D492449496D6D494949494949490000000000000000008D
:20BEE000006DDBDB6D242449494949494949494949494949494949000000000000000000DA
:20BF00000000000000000000004949492424242449494949492424242424242449490000BB
:20BF20002400004949496D92929292929292929292926D6D49494949490000000000000008
:20BF400000004924242424242424244949494949492400000000000000000000000000009E
:20BF6000002424242424242400000049240000000049490000244900006D92929292929280
:20BF8000926D6D6D49496D49240000000000000000240000000000000000242400000000F0
:20BFA0000000000000000000000024242424242424242424242424242424242449000000B0
:20BFC0000000246D496D929292929292929292926D6D6D6D4949494900000000000000008E
:20BFE0000024DBDB6D24242449494949494949494949494949494900000000000000000047
:020000040041B9
:20A0000000000000000000000049494949242424496D6D6D6D6D24242424242424492424B9
:20A020000000246D494992DBDBB6B6929292929292926D6D6D494949240000000000000005
:20A04000000000242424242424242424494949242400000000000000000000000000000099
:20A0600000002424242424240000006D490000004992240049926D006D92929292929292A0
:20A08000926D6D6D49494949490000000000000000240000000000000000242424240000C6
:20A0A000000000000000000000002424242424242424242424242424242424244924240087
:20A0C000006D926D6D92DBDBB692929292929292926D6D6D4949494924000000000000008A
:20A0E0000049B6DB6D2424242449494949494949494949494949490000000000000000008B
:20A100000000000000000000006D9292926D49496DB6DBDBDBDB924924242424244949006D
:20A1200000006D926D9292DBDBDBDB929292929292926D6D6D494949492400000000000096
:20A140000000000024242424242424242424242424240000000000000000000000240000E3
:20A160000000242424242400000000242400002492490024929200249292929292929292E8
:20A18000926D6D6D6D4949494900000000000000002400000000000000000000000024000D
:20A1A0000000000000000000000024242424242424242424242424242424242424490000AA
:20A1C0000092926D4992DBDBDB9292929292929292926D6D6D4949492424000000000000F6
:20A1E00000246D6D24242424242449494949494949494949494949000000000000000000D4
:20A20000000000000000000024DBDBDBDBDBB6926D92DBDBDBDBDBB66D4924242424490000
:20A2200000499292929292DBDBDB92929292929292926D6D6D6D49494949240000000000DE
:20A2400000000000496D49492424242424242424242400000000000000000000494949244F
:20A2600024242424494949242424000024000049926D2492922424B6DB929292929292927C
:20A280006D6D6D6D6D49494949000000000000000000000000000000000000000000242431
:20A2A0000000000000000000000024242424242424242424242424242424242424490000A9
:20A2C0006D92926D6D92DBDBDB92929292929292926D6D6D6D494949492400000000000064
:20A2E00000006D492424242424242449494949494949494949494900000000000000000040
:20A30000000000000000000024DBDBDBDBDBDBDB6D6DDBDBDBDBDBDBB66D6D49496D490048
:20A3200000929292929292B6DB92929292929292926D6D6D6D6D4949494924000000000027
:20A3400000000049B6DBDBB6926D49242424242424240000000000000000244949494949BD
:20A360004924242449494949492400244900004992924992924992DBB6926D6D9292926D55
:20A380006D6D6D6D6D6D494949000000000000000000000000000000000000000000002430
:20A3A000242400000000000000002424242424242424242424242424242424242449000060
:20A3C00092929292929292DB92929292929292926D6D6D6D6D6D49494900000000000000AB
:20A3E00000006D49244924242424242449494949494949494949490000000000000000003F
:20A40000000000000000000024DBDBDBDBDBDBDBB6926D92DBDBDBDBDBB66D6D926D2400DA
:20A420002492929292929292929292929292929292926D926D6D4949494900000000000049
:20A440000000006DDBDBDBDBDBDBB66D6D6D494924240000000000002424242449494949E2
:20A46000492424242449494949494924240000499292929292929292926D6D9292929292E6
:20A480009292926D6D6D494949240000000000000000000000000000000000000000244953
:20A4A0004949492400000000000024242424242424242424242424242424242424000000F1
:20A4C00092929292929292929292929292929292926D92926D6D4949490000000000000084
:20A4E00000006D92242424242424242424494949494949494949490000000000000000003F
:20A50000000000000000000024DBDBDBDBDBDBDBDBB66D6D92DBDBDBDBDB926D92490000FC
:20A52000499292DBB6929292929292929292DBDB92929292926D6D6D49492400000000006E
:20A540000000006DDBDBDBDBDBDBDBDBDBB6DBDB926D240000000000242424244949494998
:20A5600049492424242449494949494924000049B6DBDB9292929292926D6D9292B69292E6
:20A580009292926D6D6D6D4949490000000000000000002400000000000000002424494978
:20A5A000494949492400000000002424242424242424242424242424242424242400002483
:20A5C00092DBDB92929292929292929292929292929292926D6D6D49492400000000000084
:20A5E00000006D924924242449242424242424244949494949494900000000000000000063
:20A60000000000000000000024DBDBDBDBDBDBDBDBDB926D6DDBDBDBDBDBDB926D92000044
:20A620004992DBDBDBDBDB9292929292929292929292926D24242424496D49000000000024
:20A640000000006D9292DBDBDBDBDBDBDBDBDBDBDBDB240000000000242424242449494972
:20A660004949492424242449494949492400006DDBDB9292DB929292929292929292929276
:20A68000926D492424242449496D24000000000000000024242424242424242424242424EB
:20A6A000494949494900000000002424242424242424242424242424242424242400004938
:20A6C00092DBDB9292929292929292DB929292929292926D6D6D49496D490000000000003A
:20A6E00000006D924924242449494924242424242424494949494900000000000000000062
:20A70000000000000000000024DBDBDBDBDBDBDBDBDBDB6D6D92DBDBDBDBDB6D6D92240044
:20A720004992492449496D6D6D92929292926D49492424000000000024496D2400000000D9
:20A740000000246D6D92DBDBDBDBDBDBDBDBDBDBDB92000000000000242424242424494904
:20A760004949494924242424494949492400009292492449496D6D6D926D6D92926D4949E4
:20A780002400000000000000246D6D000000000000000024242424242424242424242424C3
:20A7A000242449494900000000002424242424242424242424242424242424242424006D39
:20A7C000926D2449496D6D92929292929292926D4924000000000024496D4900000000005D
:20A7E000002492926D49244949494949492424242424244949494900000000000000000085
:20A80000000000000000000024DBDBDBDBDBDBDBDBDBDBB66D6D92DBDBDBB6926D926D001F
:20A82000492400000000000024926D6D926D0000000000006D6D6D240049496D240000008E
:20A8400000246D92926D92DBDBDBDBDBDBDBDBDBDB6D000000000000242424242424244904
:20A860004949494949242424244949494900246D240000000000002449496D9249240000E0
:20A88000000000244949490024496D24000000249292492424242424242424242424242456
:20A8A0002424244924000000000024242424242424242424242424242424242424240049A6
:20A8C00049000000000000246D926D926D2400000000002424242424496D490000000000C9
:20A8E000246D6D6D9292242449494949494949242424242424494900000000000000000018
:20A90000000000000000000024DBDBDBDBDBDBDBDBDBDBDB6D6D6D92DBDBDBB66D926D24FA
:20A9200049496D4900000000002492929249000000000000242424244949494924000000D4
:20A940006D92B66D6D6D6DDBDBDBDBDBDBDBDBDBDB9200000000000024242424242424244E
:20A960004949494949492424242449492424246D6D6D000000000000249292924900000029
:20A9800000240000002449494949494900002492926D6D492424242424242424242424249E
:20A9A0002424242424000000000024242424242424242424242424242424242424240049CA
:20A9C0002449240000000000246D9292490000000000002424496D49494949240000006D35
:20A9E00092B6926D929249242449494949494949492424242424240000000000000000003B
:20AA000000000000000000000092DBDBDBDBDBDBDBDBDBDBDBB6926D92DBDB926D929224F7
:20AA200049924900240000000049DBDB924900000024920000000000494949492400006D89
:20AA40009249246D926D6D92DBDBDBDBDBDBDBDBDB92000000000000242424242424242427
:20AA6000494949494949242424242449496D249292242492240000006DDBDB926D240000E1
:20AA800049DB4900000024496D6D6D2400006D6D0000496D2424242424244924242424240C
:20AAA000242424242400000000002424242424242424242424242424242424242449244980
:20AAC000924900240000000024DBDBB6492400002492240000002449496D6D2400009292C8
:20AAE0004949B6926D924924242449494949494949242424242424000000000000000000F1
:20AB000000000000000000000092DBDBDBDBDBDBDBDBDBDBDBDB926D6D6D92B66D926D24AE
:20AB20006D922449B6492400246DDBB66D4924242492DB49002400246D6D926D2400249291
:20AB4000490000496D6D6D6D92DBDBDBDBDBDBDBDB9200000000000024492424242424246E
:20AB60002449494949494924242424246D6D24B6924992DB4900002492DBB66D494924494F
:20AB80006DB66D492424496D926D6D4900244924002424492424242424242449492424240D
:20ABA00024242424240000000000242424242424242424242424242424242424246D24495B
:20ABC000924949B66D2400006DDBB66D6D2400246DDB49002400246D6D6D922400246D245F
:20ABE00000006DDB926D4924242424244949494949492424242424000000000000000000A7
:20AC000000000000000000000092DB92DBDBDBDBDBDBDBDBDBDBDBB66D6D6D9292DB6D491A
:20AC2000DBDB9292926D49496DB6DB926D6D49496D9292926D4949929292926D2400496DFC
:20AC4000002424496D6D6D6D6D9292DBDBDBDBDBDB6D000000000000244949242424242425
:20AC6000242449494949494924242424496D49DBDB9292924924499292DB924949496D6DDF
:20AC8000926D6D6D6D6D9292926D6D24004924244949494924242424242449494949242454
:20ACA000242424242400000000002424242424242424242424242424242424242492244935
:20ACC000DBB692926D49496D92DBB66D6D4949496D92926D4949929292926D2400492400A5
:20ACE00024246DDBDB9224242424242424494949494924242424240000000000000000003A
:20AD000000000000000000000092926D92DBDBDBDBDBDBDBDBDBDBDB926D6D6D6D926D4919
:20AD2000B6DBDB92926D6D929292DB9249496D6D92929292929292929292926D24004924D6
:20AD4000496D496D6D6D6D92926D6DDBDBDBDBDBDB6D000000000000244949492424242424
:20AD6000242424494949494949242424496D6DDBDBDB92926D92929292926D49496D929296
:20AD80009292929292929292926D6D24002400002449242424242424242424494949494951
:20ADA00024242424240000000000242424242424242424242424242424242424246D49B6C7
:20ADC000DBDBB6926D6D929292DBB66D496D6D92929292929292929292926D24002424495C
:20ADE0006D246DDBDBDB9249242424242424494949494949242424000000000000000000EF
:20AE000000000000000000002492926D92DBDBDBDBDBDBDBDBDBDBDBB6926D926D6D6D24D0
:20AE20006DDBDBDB929292929292926D4949496D929292929292929292926D492424490066
:20AE40000049496D9292926D6D92929292DBDBDBDB92000000000000244949494924242469
:20AE6000242424244949494949242424496D6DDBDBDB92929292929292926D4949496D92DE
:20AE80009292929292929292926D492400492400006D240024242424242424244949494974
:20AEA00049242424240000000000242424242424242424242424242424242424246D49DB7C
:20AEC000DBDBDB929292929292929249496D6D929292929292929292926D6D2400490024C6
:20AEE0006D496DDBDBDBDB6D49242424242424494949494949492400000000000000000012
:20AF00000000000000000000246D926D92DBDBDBDBDBDBDBDBDBDBDBDBB6926D6D926D2486
:20AF200049B6DBB69292929292DB926D494949499292929292929292926D494949494900AD
:20AF400000496D246DDBDB926D926D6D6D9292DBDB6D0000000000002449494949492424FC
:20AF6000242424244949494949492424242449929292929292929292DB926D494949499200
:20AF8000926D9292929292926D49494949492424246D490024244949242424242424494906
:20AFA000494949492400000000002424242424242424242424242424242424242449246DC3
:20AFC000B6DBB69292929292DB926D4949496D9292929292929292926D4949494949000032
:20AFE000496D6DB6DBDBDB6D49492424242424242449494949494900000000000000000036
:20B000000000000000000000009292926D92DBDBDBDBDBDBDBDBDBDBDBDBDB6D6D6D6D6D3B
:20B020006D9292929292929292DB926D49496D496D929292929292926D6D49494949240064
:20B0400024496D246DDBDBDB926D6D6D6D6D6D92926D000000000000244949494949492445
:20B060002424242424494949494924242449496D92929292929292B6DB926D6D6D6D4949DD
:20B08000929292929292926D494949496D2400496D92490024244949492424242424494996
:20B0A000494949492400000000002424242424242424242424242424242424240024496DE6
:20B0C0009292929292929292DBB66D6D6D49496D929292929292926D6D49494949240024C5
:20B0E00049496DB6DBDBDBB6494949492424242424244949494949000000000000000000EB
:20B10000000000000000000024DB926D926D92DBDBDBDBDBDBDBDBDBDBDBDB926D6D6D6D16
:20B12000496D92929292926D6D92926D6D496D49499292929292926D6D4949494949242464
:20B14000496D496DDBDBDBDBB66D6D6D6D6D926D6D9200000000000024494949494949491F
:20B1600024242424242449494949242424496D496D92929292926D496D926D4924494924DC
:20B180009292929292926D6D494949494949496D9292000024242449494924242424244995
:20B1A000494949492400000000002424242424242424242424242424242424242424926D78
:20B1C0006D9292929292929292926D49496D49499292929292926D494949496D4900246D9E
:20B1E0004949B6DBDBDBDBB6494949494924242424242424244949000000000000000000C6
:20B20000000000000000000049DB926D926D6DDBDBDBDBDBDBDBDBDBDBDBDBB6926D926DA7
:20B22000496D92929292929224246D4924002424499292929292926D6D4949494949496DD0
:20B240006D494992DBDBDBDBDBB66D6D6D6D6D6D929200000000000024494949494949498B
:20B26000492424242424242449492424242449496D929292929292240049490000242449B5
:20B280006D929292926D6D6D494949496D6D6D926D240024242424494949492424242424BC
:20B2A000244949492400000000002424242424242424242424242424242424242424494909
:20B2C0006D92929292929249246D6D24002400496D92929292926D494949494949496D6D30
:20B2E000496DDBDBDBDBDBB649494949494949242424242424244900000000000000000057
:20B3000000000000000000000092DBB66D6D6D92DBDBDBDBDBDBDBDBDBDBDBDBB66D6D6DF0
:20B320006D6D92929292DBDB6D242400000000246D92929292926D6D49494949496D92923D
:20B340006D246D6D92DBDBDBDBDBB6926D6D6D6D9292000000000000244949494949494966
:20B36000492424242424242424242424242424246D92929292DBDB92242400002424496D25
:20B380006D929292926D6D49494949496D92926D2400242424242424494949492424242403
:20B3A000242449492400000000002424242424242424242424242424242424242424242477
:20B3C0009292929292DBDB6D242424000000246D6D929292926D4949494949496D92926D9D
:20B3E000244992DBDBDBDBDB92494949494949494924242424242400000000000000000055
:20B4000000000000000000000092DBDBB66D6D6D92DBDBDBDBDBDBDBDBDBDBDBDB926D6DA5
:20B420006D6D92929292DBDB92926D000024496D6D92929292926D494949494949496D9217
:20B440002424926D92DBDBDBDBDBDBDBDB926D6D926D0000000000002449494949494949AD
:20B46000494924242424242424242424242424249292929292DBDB92926D2424496D6D6D49
:20B480006D6D92926D6D6D49494949494924240000002424242424244924494949492424B8
:20B4A00024242449240000000000242424242424242424242424242424242424242424249B
:20B4C0009292929292DBDBB6926D242449496D6D6D6D92926D6D49494949494949496D24C2
:20B4E000246D6DB6DBDBDBDBB649494949494949494949242424240000000000000000000C
:20B500000000000000000000006D92DBDBDB926D6D92DBDBDBDBDBDBDBDBDBDBDBB66D6DA4
:20B520006D496D929292DBDB9292926D6D6D6D6D6D6D926D6D6D6D49494949494924240087
:20B54000246D9292926D92DBDBDBDBDBDBDB926D6D6D0000000000002424494949494949D1
:20B56000494949242424242424242424242424246D92929292DBB69292929292926D6D6D23
:20B580006D6D6D6D6D6D6D494949496D4900000024242424242424242424244949494949DD
:20B5A00024242449240000000000242424242424242424242424242424242424242424249A
:20B5C0004992929292DBB69292926D6D6D6D6D6D6D6D92926D6D6D494949496D24002400E7
:20B5E0006D926D92B6DBDBDB924949494949494949494949242424000000000000000000E5
:20B60000000000000000000024929292DBDBB6926D6D92DBDBDBDBDBDBDBDBDBDBDB926D7E
:20B620006D496D6D929292926D496D6D6D494924242424496D6D6D49494949492400492485
:20B640006D9292B6926D6D9292DBDBDBDBDBDBB6926D000000000000242424494949494963
:20B660006D6D4949242424242424242424242424499292929292926D4949926D49494924FC
:20B680002424246D6D6D6D4949496D492424000024492424242424242424242424494949DD
:20B6A000494924242400000000002424242424242424242424242424242424242424242474
:20B6C000249292929292926D494992924924494924246D6D6D6D6D4949496D490024246D09
:20B6E000926D6D6D6DB6DBDB6D494949494949494949494949242400000000000000000077
:20B70000000000000000000024926D496D6D6D6D24496D92DBDBDBDBDBDBDBDBDBDBB66DEC
:20B720006D6D926D6D926D492424494949494949242424496D6D6D494949494900004924A7
:20B740009292B6DBB692926D92DBDBDBDBDBDBDBB66D00000000000024242449496D6D6DF6
:20B76000929292926D49242424242424242424244992929292494949496D49496D6D6D491F
:20B780004949496D6D6D6D4949494924004924244949492424242424242424242449494923
:20B7A000494949492400000000002424242424242424242424242424242424242424242429
:20B7C00024926D6D926D494949494949494949242424496D6D6D49496D6D6D000024246DBF
:20B7E000926D6D6D6D92929249494949494949494949494949494900000000000000000006
:20B8000000000000000000000049492424242424242424244992DBDBDBDBDBDBDBB6926DC5
:20B820006D92926D6D929292929292929292926D6D6D6D6D6D6D6D496D496D49002449243B
:20B840006D929292DBDBDB9292929292926D6D926D24000000000000496D4949496D9292A9
:20B8600092929292929249242449494924242424244992929292929292DB929292926D6DF8
:20B880006D6D6D6D6D6D6D4949492400246D242449494949240000242424242449244949DA
:20B8A000494949492400000000002424242424242424242424242424242424242424242428
:20B8C00024499292929292929292929292926D6D6D6D6D6D6D6D4949494924002449246D75
:20B8E000926D6D92926D6D4924494949494949494949494949494900000000000000000073
:20B90000000000000000000000242424242424242424242424246DDBDBB66D926D6D6D6DC7
:20B92000926D6D926D6D9292926D496D6D4949496D6D6D6D6D6D494949494900004949245D
:20B9400092926D6DDBDBDB926D6D2424242424242424000000000000496D49496D6D6D92AB
:20B960009292929292926D494949496D494949242424926D6D9292926D6D49494949496D40
:20B980006D6D6D6D6D6D6D4949240000494924244949494949242424002424242449496DB4
:20B9A0006D6D6D926D00000000002424242424242424242424242424242424242424242429
:20B9C0002424926D6D9292926D4949494949496D6D6D6D6D6D496D49242400004949246DE2
:20B9E000926D6D6D6D6D9249242449494949494949494949494949000000000000000000BC
:20BA000000000000000000000024242424242424242424242424246D6D49242424244949E9
:20BA20004924246D6D6D9292926D4949242424496D6D6D6D49496D6D49240000246D492439
:20BA40006D6D6D92B6926D494924242424242424242400000000000049494949496D6D92A9
:20BA6000929292929292926D494949496D6D6D494924496D6D9292926D49494949494949F5
:20BA80006D6D6D6D496D6D49000000246D4900246D6D6D6D6D6D492400242424246D6D6DB6
:20BAA000929292926D000000000024242424242424242424242424242424242424242424B9
:20BAC0002424496D6D9292926D4924492424496D6D6D6D6D496D6D24000000494949246DBD
:20BAE0006DB6DB926D92926D24242424494949494949494949494900000000000000000005
:20BB00000000000000000000002424242424242424242424242424242424242424242424E9
:20BB200024242424496D92929292926D6D6D6D6D6D6D6D6D49496D4900000024496D492481
:20BB400024242449492424242424242424242424242400000000000049494949496D6D6D5F
:20BB60006D9292929292926D49494949496D6D6D49242449929292929292929292926D6D63
:20BB80006D6D6D49496D6D00000024496D6D240024496D6D6D6D6D494949494949496D6D20
:20BBA0006D9292926D000000000024242424242424242424242424242424242424242424DD
:20BBC000242424496D929292929292926D6D6D6D6D6D6D6D496D4900000024496D6D240073
:20BBE0006D92DBDBDBDB9224242424242424494949494949494949000000000000000000BB
:20BC00000000000000000000002424242424242424242424242424242424242424242424E8
:20BC200024242424244992929292DBDB92929292926D6D6D49494900000024496D6D49007D
:20BC4000002424242424242424242424242424242424000000000000496D4949496D4949F0
:20BC60006D6D9292929292926D4949494949494949492424496D929292DB92929292929285
:20BC80006D6D6D6D49242400000024496D6D490000246D6D6D6D92926D4924494924496D8D
:20BCA0006D6D92926D00000000002424242424242424242424242424242424242424242401
:20BCC0002424240049929292DBDBDB929292926D6D6D6D4949240000002449496D6D4900DD
:20BCE000006DB6DBDBDB924924242424242424494949494949494900000000000000000071
:20BD00000000000000000000002424242424242424242424242424242424242424242424E7
:20BD200024242424240049929292DBB692929292926D6D6D49240000000049496D6D49007C
:20BD4000244949242424242424242424242424242424000000000000496D494949494949A5
:20BD60006D6D6D92929292926D6D4949494949496D49494924246D92DBDB92929292929261
:20BD80006D6D494924000000004949496D6D6D240000246D6D6D92926D6D492449494949D3
:20BDA000496D6D926D00000000002424242424242424242424242424242424242424242449
:20BDC0002424240000499292DBDBB6929292926D6D6D6D49000000000049494949494924FF
:20BDE0002449DBDBDBDB92492424242424242449494949494949490000000000000000004B
:20BE00000000000000000000002424242424242424242424242424242424242424242424E6
:20BE2000242424242400006D929292926D9292926D6D4924000000000024496D6D6D49240E
:20BE40006D6D49242424242424242424242424242424000000000000496D49494949494937
:20BE60006D6D6D6D9292929292926D494949494949494949240049929292926D6D92926D84
:20BE80006D4924000000000049496D6D6D6D6D2424000024496D9292926D6D49494949241B
:20BEA000246D6D6D49000000000024242424242424242424242424242424242424242424B6
:20BEC00024242424242449929292926D6D92926D6D4924000000000024496D6D4949242493
:20BEE000242449DBDBDB924924242424242424244949494949494900000000000000000026
:20BF00000000000000000000002424242424242424242424242424242424242424242424E5
:20BF200024242424242449004992926D6D6D6D6D6D492400000000002449496D4949496D0D
:20BF40006D6D49492400242424242424242424242400000000000000496D6D494949494935
:20BF6000496D6D6D6D929292926D6D494949494949494924496D24246D6D6D6D6D6D6D49F4
:20BF8000240000000000002449496D6D6D6D492400000000496D9292926D6D6D24494949F4
:20BFA000496D6D6D4900000000002424242424242424242424242424242424242424242490
:20BFC00024242424246D242492926D6D496D926D240000000000002449496D6D496D242493
:20BFE00024240024B6DBDB6D24492424242424242424494949494900000000000000000002
:020000040042B8
:20A00000000000000000000000242424242424242424242424242424242424242424242404
:20A02000242424242424926D00242424492449492400000000000024496D6D6D49496D6D9A
:20A040006D49494949242424242424242424242424240000000000006D6D4949494949490B
:20A0600049496D6D6D6D929292926D6D494949494949492449926D0000000024242424007D
:20A08000000000000000004949496D6D6D492400000000000000496D6D6D6D6D49244949C8
:20A0A00049496D9249000000000024242424242424242424242424242424242424242424AE
:20A0C00024242424249292240024240000242400000000000000002449496D496D242424AF
:20A0E000242424244992926D49494924242424242424242424244924000000000000000022
:20A10000000000000000000000242424242424242424242424242424242424242424242403
:20A1200024242424246D929249000000000000000000000000002449496D6D6D6D6D6D6DE0
:20A140004949492424494924242424242424242424240000000000006D9249494949494909
:20A1600049496D6D6D6D6D6D6D92926D6D49494949494924246D926D2400000000000000C6
:20A1800000000000000024496D6D6D6D492400000000006D4900000049496D6D4949242435
:20A1A0004949496D6D000000000024242424242424242424242424242424242424242424D2
:20A1C000242424242449926D240000000000000000000000000024496D49496D49242424D1
:20A1E0002424246D6D24002449494949242424242424242424242400000000000000000021
:20A20000000000000000000000242424242424242424242424242424242424242424242402
:20A22000242424246D6D6D92926D24240000000000000000004949496D6D496D6D6D494997
:20A24000494949242449240024242424242424242424000000000000496D6D494949494976
:20A260004949496D6D6D6D6D6D92926D6D4924494949492400499292926D2424000000000E
:20A28000000000002449496D6D6D6D6D24000000000024B6FFDB4900000000496D6D494911
:20A2A000494949494900000000002424242424242424242424242424242424242424242419
:20A2C00024242424244992929249490000000000000000002449496D6D6D6D4924242424F6
:20A2E0002424246D9200002449242449242424242424242424242400000000000000000069
:20A30000000000000000000000242424242424242424242424242424242424242424242401
:20A320002424246D6D494992DBB6926D6D4924000000002449496D6D6D6D6D6D6D494949BD
:20A34000494949494924002449492424242424242424000000000000496D6D6D6D494949BE
:20A3600049494949496D6D6D6D92926D6D49242449490000004992DBDB926D6D492424000D
:20A38000000049496D6D6D6D6D6D4900000000000024002449DBDBDB6D00002424246D925A
:20A3A0006D496D6D24000000000024242424242424242424242424242424242424242424D1
:20A3C0002400246D242492DBDB926D49492400000000242449496D6D6D4924242424242441
:20A3E000242424242400246D6D6D4924242424002424242424242400000000000000000069
:20A40000000000000000000000242424242424242424242424242424242424242424242400
:20A4200024246D6D49002492DBDBB6926D4949492424494949496D6D496D6D6D49494949BB
:20A4400049496D6D4900244949494949492424242424000000000000496D6D6D6D494949E1
:20A4600049494949496D6D6D6D6D6D6D6D6D49494924000000246DDBDBDB926D6D496D2433
:20A4800024496D6D6D6D6D6D6D4900000000000024FF4900002449DBDB929249242424247F
:20A4A00049496D6D24000000000024242424242424242424242424242424242424242424F4
:20A4C00000246D4900006DDBDBDB92494949492424244949496D6D6D6D24242424242424F7
:20A4E00024242424000024246D926D6D6D49002424240024242424000000000000000000F9
:20A500000000000000000000002424242424242424242424242424242424242424242424FF
:20A52000246D926D24002492B6DBDB926D6D494949496D49494949496D6D6D494949494927
:20A54000496D6D492424494949494949494949494924000000000000496D92926D6D4949BA
:20A56000494949494949496D6D6D6D6D6D496DDBB649000000246DDBDBDB926D6D6D6D490D
:20A580004949496D6D6D6D6D4924000000000024B6DBDB9224000024496D92DBDBDB6D247E
:20A5A000000024492400000000002424242424242424242424242424242424242424240016
:20A5C000246D4900000049DBDBDB926D6D4949494949496D6D926D6D24242424242424243F
:20A5E000242424240024242424246D926D6D6D6D6D6D240024000000000000000000000042
:20A60000000000000000000000242424242424242424242424242424242424242424000046
:20A62000496D926D0000246DB6DBDB926D6D4949494949496D496D6D6D244949494949496F
:20A64000496D4924004949496D6D49494949494949490000000000004992929292926D4901
:20A66000494949494949494949496D6D92DBDBDB92000000000049B6DBDB926D6D6D494951
:20A680004949496D6D6D6D24000000000000006DDBDBDBDBDB6D24000000244992DBFFDB0E
:20A6A0009224000000000000000024242424242424242424242424242424242424240024F0
:20A6C0009249000000004992DBDB926D6D4949494949496D6D926D492424242424242424AA
:20A6E000242424000024242424246D6D6D92929292926D6D6D24240000000000000000008A
:20A700000000000000000000002424242424242424242424242424242424242424002449FC
:20A720006D926D6D2400246D92DBDB926D6D6D4949496D6D496D6D6D242400002449496DBA
:20A740006D6D49002449496D6D6D6D6D49496D6D6D6D0000000000004992929292926D6DBC
:20A760006D6D494949492449496DDBFFFFDB6D240000000000002492DBDB926D6D6D49499C
:20A78000496D6D6D6D4924000000000000006DDBDBDBDBDBDBDBB6B6B66D2400004949920E
:20A7A000DBDB49002400000000002424242424242424242424242424242424000000246D81
:20A7C0004924242400006D92DBDB926D6D6D494949496D6D6D924924242424492424242487
:20A7E00024240000242424242424246D6D6D6D6D6D6D92929292922400000000000000001C
:20A80000000000000000000000242424242424242424242424242424242424244949246D69
:20A82000926D6D494900246D92DBDB926D6D6D6D6D6D49496D6D6D6DB66D24240024496D96
:20A840006D6D242449496D6D6D6D6D6D496D6D6D6D6D000000000000496D6D6D9292926D99
:20A860006D4949492424246DB692924949240024496D00000000246DDBDB926D6D6D6D6D53
:20A880006D6D6D6D2400000000000000246DDBDBDBDBDBDBDBDBDBDBDBDBDB92240000007A
:20A8A000496D6DB692000000000024242424242424242424242424242424242424242492A7
:20A8C0004924242424244992DBDB926D6D6D6D6D6D6D49246D492424244924244924242488
:20A8E00024000024242424242424246D492424242424246D929249000000000000000000AC
:20A9000000000000000000000024242424242424242424242424242424496D6D6D49496D68
:20A920006D242424242424249292B6B6926D6D6D6D496D6D6D6D24B6DBDB92494924244996
:20A940006D240024496D6D6D6D6D6D49496D6D6D6D6D000000000000496D6D496D92926D4E
:20A960006D49494949DBB66D2400000024246DDBDB6D0000000000249292B6926D6D6D6D08
:20A980006D494900000000000000006DDBDBDBDBDBDBDBDBDBDBDBDBDBDBDBDBDB6D24002F
:20A9A0000024DBFF920000000000242424242424242424242424242424246D2424246D6D14
:20A9C000240000242424246D92B69292926D6D6D492424244924246D926D4949242424243D
:20A9E000240000242424242424242424242424242424242424242400000000000000000063
:20AA00000000000000000000002424242424242424242424242424246D6D929249496D6DB0
:20AA20002400002424004924499292DBB6926D49494949496D2424496DDBDBDB6D492424D9
:20AA4000000024496D6D6D6D6D6D49496D6D6D6D6D6D000000000000496D6D6D6D6D6D6D97
:20AA60006D9292929292490000244992DBDBDBDBDB920000000000002492DBB6926D6D6D4E
:20AA80004924000000000000002492DBDBDBDBDBDBDBDBDBDBDBDBDBDBDBDBDBDBDBDB6D0A
:20AAA0006DB6DBDB920000000000242424242424242424242424246D9292924924246D2412
:20AAC00000000024242424496D92DBDB92929224000000000024246DDBDB6D24492424245D
:20AAE000000024242424242424242424242424242424242424242400000000000000000062
:20AB000000000000000000000024242424242424242424242449496D926D6D6D496D6D2466
:20AB20000000002449244949244992929249492424000000000000242449B6FFDB924924D5
:20AB40000024496D6D6D6D6D6D4949496D6D6D6D6D490000000000006D92492424242400DD
:20AB60002492924924000049DBDBDBDBDBDBDBDBDBDB6D0000000000006DB69292924900BA
:20AB800000000000000000006DDBDBDBDBDBDBDBDBDBDBDBDBDBDBDBDBDBDBDBDBDB92922D
:20ABA000DBDBDBDB92000000000024242424242424242424246D6D929292929224246D247E
:20ABC00000000024242424242492DBDBB692492424242400000000496DDBFF6D24492400A6
:20ABE00000242424242424242424242424242424242424242424240000000000000000003D
:20AC0000000000000000000000242424242400000024494949926D6D6D6D6D6D496D490062
:20AC20000000240049496D494924496D49242424244949000000000024242492DBDBDB2467
:20AC400000496D6D6D6D6D6D494949496D6D6D6D494900000000000024240000000000006B
:20AC600049240000246DB6DBDBDBDBDBDBDBDBDBDBDB920000000000002424929224000095
:20AC800000000000000024B6DBDBDBDBDBDBDBDBDBDBDBDBDBDBDBFFB6929292492424B653
:20ACA000DBDBDBDB9200000000000000002424242424246D9292926D6D92924924246D247B
:20ACC0000024242424242424244992B6922424242424240024240000006DFFDB4924240039
:20ACE000242424242424242424242424242424242424242424242400000000000000000018
:20AD00000000000000000000002424240000000000246D6D6D6D6D6D6D6D6D496D6D0000AB
:20AD20000049492424496D6D492449496D6D496D6D6D2424242400000000242449924900B1
:20AD4000246D6D6D6D6D6D494949496D6D6D6D494949000000000000000000000024929246
:20AD60002400246DDBDBDBDBDBDBDBDBDBDBDBDBDBDBDB6D00000000000000242400000094
:20AD800000000000246DDBDBDBDBDBDBDBDBDBDBDBDBDBDBDB929249000000000000B6DB4F
:20ADA000DBDBDBDB920000000000000000000000246D92929292926D6D929224242492240A
:20ADC00000242424002424242424494924240000242424242424242400246D9249002424A5
:20ADE00024242424242424242424000024242424242424242424240000000000000000005F
:20AE000000000000000000000000000000000000496D6D6D6D6D6D6D6D6D6D4949240000F1
:20AE2000494949494924496D6D496D6D6D6D6D6D6D24246D6D494949240000242424002469
:20AE4000496D6D6D6D6D49494949496D6D6D4949494900000000000000000000246D926D20
:20AE600024B6DBDBDBDBDBDBDBDBDBDBDBDBDBDBDBDBDBDB490000244924000000000000B8
:20AE80000000006DDBDBDBDBDBDBDBDBDBDBDBDBB6DB6D494900000000000000006DFFDB2A
:20AEA000DBDBDBDB9200000000000000000000246D92492449246D929292492424246D242E
:20AEC0002424242424242424242424242424240024242424242424242400000000242424A6
:20AEE00024242424242424242400002424242424242424242424240000000000000000005E
:20AF00000000000000000000000000000000006D6D6D496D6D496D6D6D6D6D4924000049A7
:20AF2000494949496D4924496D6D6D6D6D6D6D4924496D6D6D6D6D6D6D4924000024244920
:20AF40006D6D6D6D6D4949494949496D6D4949494924000000000000000000009292926DD5
:20AF600092DBDBDBDBDBDBDBDBDBDBDBDBDBDBDBDBDBDBDBDB6D00004992240000000000B7
:20AF80002449B6DBDBDBDBDBDBDBDBDBDB92494924240000000024242449242424DBDBDBE2
:20AFA000DBDBDBDB9200000000000000000024246D4924242424246D9249242424242424C1
:20AFC000242424242424242424242424242424242424242424242424242400002424242439
:20AFE000242424242424242424002424242424242424242424242400000000000000000039
:20B000000000000000000000000000000000496D6D49496D6D496D496D6D6D492424494938
:20B020004949496D6D6D4924496D6D6D494949496D6D6D6D6D6D6D6D6D6D6D4924496D6D8E
:20B040006D6D6D6D4949494949496D6D494949494924000000000000000000249292DBB642
:20B06000B6DBDBDBDBDBDBDBDBDBDBDBDBDBDBDBDBDBDBDBDBDBB649002424000000246D4B
:20B08000DBDBDBDBDBDBDBDBDB926D49492400000000242424494924494924246DDBDBDB4E
:20B0A000DBDBDBDB92000000000000000024242424242424242424242424242424242424E6
:20B0C0002424242424242424242424242424242424242424242424242424242424242424F0
:20B0E000242424242424242400242424242424242424240000242400000000000000000080
:20B100000000000000000000000000000024496D6D496D6D494949496D6D6D6D49494949C9
:20B120004949496D6D6D6D6D49494949496D6D6D6D6D6D6D6D6D6D6D6D6D6D6D6D6D6D6D8F
:20B140006D6D6D6D49494949496D6D49494949494949000000000000000000929292DBDB89
:20B160009292DBDBDBDBDBDBDBDBDBDBDBDBDBDBDBDBDBDBDBDBDBDB49000024246DDBDB25
:20B18000DBDBDBDB926D49494900000000242449494949494949496D6D494924B6DBDBDB02
:20B1A000DBDBDBDB92000000000000002424242424242424242424242424242424242424C1
:20B1C0002424242424242424242424242424242424242424242424242424242424242424EF
:20B1E000242424242424242424242424242424242424240024242400000000000000000037
:20B2000000000000000000000000000024496D6D49496D6D494949496D6D6D6D496D49495B
:20B22000496D6D6D6D6D6D6D6D496D6D6D6D6D6D6D6D6D6D6D6D6D6D6D6D6D6D6D6D6D6DB6
:20B240006D6D6D49494949494949494949494949496D0000000000000000249292DBDBDB63
:20B26000B64949499292DBDBDBDBDBDBDBDBDBDBDBDBDBDBDBDBDBFFFF926DDBDBDBDBDB4A
:20B2800092926D490000002400244949494949494949496D6D92929292924949DBDBDBDB49
:20B2A000DBDBDBDB920000000000002424242424242424242424242424242424242424249C
:20B2C0002424242424242424242424242424242424242424242424242424242424242424EE
:20B2E00024242424242424242424242424242424242400002424240000000000000000005A
:20B3000000000000000000000000000049496D4924496D6D49494949496D6D6D6D6D49497E
:20B320006D6D6D49496D6D496D6D6D6D6D6D49494949496D6D6D6D6D6D6D6D6D6D6D6D6D8D
:20B340006D4949494949494949494949494949496D6D00000000000000006D9292B6DBFF3E
:20B36000DB490000000049494992DB9292DBDBDBB6496DB6B6B6DBB6B6DBB6DBDB6D4924B6
:20B38000002400000024242424242424242424496D6D92926D9292929292246DDB9292DB28
:20B3A000DB92DBFF92000000000000242424240024242424242424242424242424242424E4
:20B3C0002424242424242424242424242424242424242424242424242424242424242424ED
:20B3E0002424242424000024242424242424242424000000242424000000000000000000C5
:20B400000000000000000000000000000000240000002424000000000024242424242424C4
:20B4200000242424242424492424240024242449494949242424242424242424242424241B
:20B440002400000000000000000000000000000024000000000000000000242400004949CA
:20B460004900000000000000000049000049494900244949494949494949494949490000CF
:20B48000242424492400000000000000000000000024242424242424240000004900004921
:20B4A00049004949240000000000000000000000000000000000000000000000000000008D
:20B4C0000000244924242449002449494949494900000024492400000000000000000000DF
:20B4E00000000000000000000000000000000000000000000000000000000000000000004C
:20B50000000000000000000000000000000000000000000000000000000000000024FFFF09
:20B52000490000DBFF496DFFB60000000000DBFFFFFFFFB6000000000000000000000000F0
:20B540000000000000000000000000000000000000000000000000000000000000000000EB
:20B560000000000000000000000000000000000024FFFFFFFFFF49DBFFFFFFFFFFFF49DB6A
:20B58000FFFFFFFFFF49000000000000000000000000000000000000000000000000000067
:20B5A00000000000000000000000000000000000000000000000000000000000000000008B
:20B5C0000000FFFFFFFFFFFF49B6FFFFFFFFFFFF490024FFFFFF49000000000000000000C5
:20B5E00000000000000000000000000000000000000000000000000000000000000000004B
:20B60000000000000000000000000000000000000000000000000000000000000049FFFFE3
:20B62000FF4900FFFF4992FFB60000000024FFFF9249B6FFDB0000000000000000000000A7
:20B640000000000000000000000000000000000000000000000000000000000000000000EA
:20B6600000000000000000000000000000000024FFFF4949494949FFFF6D4949494924FF89
:20B68000FF6D4949FFFF490000000000000000000000000000000000000000000000000065
:20B6A00000000000000000000000000000000000000000000000000000000000000000008A
:20B6C00000004949FFFF6D49004949FFFF6D49490024FFFF6DFFFF490000000000000000BF
:20B6E00000000000000000000000000000000000000000000000000000000000000000004A
:20B70000000000000000000000000000000000000000000000000000000000000049FFFFE2
:20B72000FFFF6DFFFF4992FFB60000000024FFFF6D0000B6FF92000000000000000000003A
:20B740000000000000000000000000000000000000000000000000000000000000000000E9
:20B76000000000000000000000000000000000DBFF490049490024FFFF494949490024FFAB
:20B78000FF240024FFFF49000000000000000000000000000000000000000000000000001B
:20B7A000000000000000000000000000000000000000000000000000000000000000000089
:20B7C00000000000FFFF4900000000FFFF49000000DBFF490024FFFF49000000000000004D
:20B7E000000000000000000000000000000000000000000000000000000000000000000049
:20B80000000000000000000000000000000000000000000000000000000000000049FFFFE1
:20B82000FFFFFFFFFF4992FFB60000000000FFFF6D000092FFB600000000000000000000CB
:20B840000000000000000000000000000000000000000000000000000000000000000000E8
:20B86000000000000000000000000000000024FFFF0024FFFFFF49FFFFFFFFFFFF4900FFFA
:20B88000FF4949FFFFFF4900000000000000000000000000000000000000000000000000D1
:20B8A000000000000000000000000000000000000000000000000000000000000000000088
:20B8C00000000024FFFF4900240024FFFF49002424FFFF492449FFFF49000000000000002B
:20B8E000000000000000000000000000000000000000000000000000000000000000000048
:20B90000000000000000000000000000000000000000000000000000000000000049FFFFE0
:20B9200049B6FFFFFF4992FFB60000000000FFFF6D0000B6FFB600000000000000000000A5
:20B940000000000000000000000000000000000000000000000000000000000000000000E7
:20B96000000000000000000000000000000024FFFF490049FFFF49FFFF4949496D0024FF63
:20B98000FFFFFFFF6D242400000000000000000000000000000000000000000000000000F6
:20B9A000000000000000000000000000000000000000000000000000000000000000000087
:20B9C00000000000FFFF4900000000FFFF49000024FFFFFFFFFFFFFF490000000000000073
:20B9E000000000000000000000000000000000000000000000000000000000000000000047
:20BA0000000000000000000000000000000000000000000000000000000000000049FFFFDF
:20BA20002424FFFFFF4992FFB62424242424FFFF6D2492FFFF24000000000000000000003A
:20BA40000000000000000000000000000000000000000000000000000000000000000000E6
:20BA600000000000000000000000000000000049FFFF4924FFFF49FFFF492424242449FFAC
:20BA8000FF92FFFFDB24000000000000000000000000000000000000000000000000000018
:20BAA000000000000000000000000000000000000000000000000000000000000000000086
:20BAC00000002449FFFF6D24000024FFFF49000024FFFF6D4949FFFF490000000000000097
:20BAE000000000000000000000000000000000000000000000000000000000000000000046
:20BB0000000000000000000000000000000000000000000000000000000000000049FFFFDE
:20BB2000240024FFFF496DFFFFFFFFFFFF49FFFFFFFFFFFF240000000000000000000000A8
:20BB40000000000000000000000000000000000000000000000000000000000000000000E5
:20BB60000000000000000000000000000000000049FFFFFFFFFF49DBFFFFFFFFFFFF49FF1B
:20BB8000FF2449FFFFFF4900000000000000000000000000000000000000000000000000F3
:20BBA000000000000000000000000000000000000000000000000000000000000000000085
:20BBC0000000FFFFFFFFFFFF490024FFFF49000024FFFF490000FFFF490000000000000005
:20BBE000000000000000000000000000000000000000000000000000000000000000000045
:20BC0000000000000000000000000000000000000000000000000000000000000000494992
:20BC2000000000494900004949494949490049494949494900000000000000000000000006
:20BC40000000000000000000000000000000000000000000000000000000000000000000E4
:20BC6000000000000000000000000000000000000049494949490024494949494949002459
:20BC8000490000494949000000000000000000000000000000000000000000000000000080
:20BCA000000000000000000000000000000000000000000000000000000000000000000084
:20BCC0000000494949494949000000494900000000494900000049490000000000000000F8
:20BCE000000000000000000000000000000000000000000000000000000000000000000044
:20BD0000000000000000000000000000000000000000000000000000000000000000000023
:20BD2000000000000000000000000000000000000000000000000000000000000000000003
:20BD40000000000000000000000000000000000000000000000000000000000000000000E3
:20BD60000000000000000000000000000000000000000000000000000000000000000000C3
:20BD80000000000000000000000000000000000000000000000000000000000000000000A3
:20BDA000000000000000000000000000000000000000000000000000000000000000000083
:20BDC000000000000000000000000000000000000000000000000000000000000000000063
:20BDE000000000000000000000000000000000000000000000000000000000000000000043
:20BE0000000000000000000000000000000000000000000000000000000000000000000022
:20BE2000000000000000000000000000000000000000000000000000000000000000000002
:20BE40000000000000000000000000000000000000000000000000000000000000000000E2
:20BE60000000000000000000000000000000000000000000000000000000000000000000C2
:20BE80000000000000000000000000000000000000000000000000000000000000000000A2
:20BEA000000000000000000000000000000000000000000000000000000000000000000082
:20BEC000000000000000000000000000000000000000000000000000000000000000000062
:20BEE000000000000000000000000000000000000000000000000000000000000000000042
:20BF0000000000000000000000000000000000000000000000000000000000000000000021
:20BF2000000000000000000000000000000000000000000000000000000000000000000001
:20BF40000000000000000000000000000000000000000000000000000000000000000000E1
:20BF60000000000000000000000000000000000000000000000000000000000000000000C1
:20BF80000000000000000000000000000000000000000000000000000000000000000000A1
:20BFA000000000000000000000000000000000000000000000000000000000000000000081
:20BFC000000000000000000000000000000000000000000000000000000000000000000061
:20BFE000000000000000000000000000000000000000000000000000000000000000000041
:020000040043B7
:20A00000000000000000000000000000000000000000000000000000000000000000000040
:20A02000000000000000000000000000000000000000000000000000000000000000000020
:20A04000000000000000000000000000000000000000000000000000000000000000000000
:20A060000000000000000000000000000000000000000000000000000000000000000000E0
:20A080000000000000000000000000000000000000000000000000000000000000000000C0
:20A0A0000000000000000000000000000000000000000000000000000000000000000000A0
:20A0C000000000000000000000000000000000000000000000000000000000000000000080
:20A0E000000000000000000000000000000000000000000000000000000000000000000060
:20A1000000000000000000000000000000000000000000000000000000000000000000003F
:20A1200000000000000000000000000000000000000000000000000000000000000000001F
:20A140000000000000000000000000000000000000000000000000000000000000000000FF
:20A160000000000000000000000000000000000000000000000000000000000000000000DF
:20A180000000000000000000000000000000000000000000000000000000000000000000BF
:20A1A00000000000000000000000000000000000000000000000000000000000000000009F
:20A1C00000000000000000000000000000000000000000000000000000000000000000007F
:20A1E00000000000000000000000000000000000000000000000000000000000000000005F
:20A2000000000000000000000000000000000000000000000000000000000000000000003E
:20A2200000000000000000000000000000000000000000000000000000000000000000001E
:20A240000000000000000000000000000000000000000000000000000000000000000000FE
:20A260000000000000000000000000000000000000000000000000000000000000000000DE
:20A280000000000000000000000000000000000000000000000000000000000000000000BE
:20A2A00000000000000000000000000000000000000000000000000000000000000000009E
:20A2C00000000000000000000000000000000000000000000000000000000000000000007E
:20A2E00000000000000000000000000000000000000000000000000000000000000000005E
:20A3000000000000000000000000000000000000000000000000000000000000000000003D
:20A3200000000000000000000000000000000000000000000000000000000000000000001D
:20A340000000000000000000000000000000000000000000000000000000000000000000FD
:20A360000000000000000000000000000000000000000000000000000000000000000000DD
:20A380000000000000000000000000000000000000000000000000000000000000000000BD
:20A3A00000000000000000000000000000000000000000000000000000000000000000009D
:20A3C00000000000000000000000000000000000000000000000000000000000000000007D
:20A3E00000000000000000000000000000000000000000000000000000000000000000005D
:20A4000000000000000000000000000000000000000000000000000000000000000000003C
:20A4200000000000000000000000000000000000000000000000000000000000000000001C
:20A440000000000000000000000000000000000000000000000000000000000000000000FC
:20A460000000000000000000000000000000000000000000000000000000000000000000DC
:20A480000000000000000000000000000000000000000000000000000000000000000000BC
:20A4A00000000000000000000000000000000000000000000000000000000000000000009C
:20A4C00000000000000000000000000000000000000000000000000000000000000000007C
:20A4E00000000000000000000000000000000000000000000000000000000000000000005C
:20A5000000000000000000000000000000000000000000000000000000000000000000003B
:20A5200000000000000000000000000000000000000000000000000000000000000000001B
:20A540000000000000000000000000000000000000000000000000000000000000000000FB
:20A560000000000000000000000000000000000000000000000000000000000000000000DB
:20A580000000000000000000000000000000000000000000000000000000000000000000BB
:20A5A00000000000000000000000000000000000000000000000000000000000000000009B
:20A5C00000000000000000000000000000000000000000000000000000000000000000007B
:20A5E00000000000000000000000000000000000000000000000000000000000000000005B
:20A6000000000000000000000000000000000000000000000000000000000000000000003A
:20A6200000000000000000000000000000000000000000000000000000000000000000001A
:20A640000000000000000000000000000000000000000000000000000000000000000000FA
:20A660000000000000000000000000000000000000000000000000000000000000000000DA
:20A680000000000000000000000000000000000000000000000000000000000000000000BA
:20A6A00000000000000000000000000000000000000000000000000000000000000000009A
:20A6C00000000000000000000000000000000000000000000000000000000000000000007A
:20A6E00000000000000000000000000000000000000000000000000000000000000000005A
:20A70000000000000000000000000000000000000000000000000000000000000000000039
:20A72000000000000000000000000000000000000000000000000000000000000000000019
:20A740000000000000000000000000000000000000000000000000000000000000000000F9
:20A760000000000000000000000000000000000000000000000000000000000000000000D9
:20A780000000000000000000000000000000000000000000000000000000000000000000B9
:20A7A000000000000000000000000000000000000000000000000000000000000000000099
:20A7C000000000000000000000000000000000000000000000000000000000000000000079
:20A7E000000000000000000000000000000000000000000000000000000000000000000059
:20A80000000000000000000000000000000000000000000000000000000000000000000038
:20A82000000000000000000000000000000000000000000000000000000000000000000018
:20A840000000000000000000000000000000000000000000000000000000000000000000F8
:20A860000000000000000000000000000000000000000000000000000000000000000000D8
:20A880000000000000000000000000000000000000000000000000000000000000000000B8
:20A8A000000000000000000000000000000000000000000000000000000000000000000098
:20A8C000000000000000000000000000000000000000000000000000000000000000000078
:20A8E000000000000000000000000000000000000000000000000000000000000000000058
:20A90000000000000000000000000000000000000000000000000000000000000000000037
:20A92000000000000000000000000000000000000000000000000000000000000000000017
:20A940000000000000000000000000000000000000000000000000000000000000000000F7
:20A960000000000000000000000000000000000000000000000000000000000000000000D7
:20A980000000000000000000000000000000000000000000000000000000000000000000B7
:20A9A000000000000000000000000000000000000000000000000000000000000000000097
:20A9C000000000000000000000000000000000000000000000000000000000000000000077
:20A9E000000000000000000000000000000000000000000000000000000000000000000057
:20AA00000000000000000000002424242424242424242424242424242424242424242424FA
:20AA200024242424242424242424242424242424000000000024242424242424242424244A
:20AA4000242424242424242424242424242424242424000000000000000000000024242402
:20AA60002424242424242400006D6D6D6D6D6D6D6D6D6D6D926D926D6D6D2400240000000B
:20AA800000000000006D6D6D926D6D6D6D6D2400000024240000002424242424242424240C
:20AAA00000002424240000000000242424242424242424242400000024242424242424247E
:20AAC0002424242424242424242449242400000000242400002424242424242424240000F1
:20AAE000000000000000002424242424242424242424242424242400000000000000000016
:20AB00000000000000000000002424242424242424242424242424242424242424242424F9
:20AB20002424242424242424242424242424242424240000242424242424242424242424DD
:20AB4000242424242424242424242424242424242424000000000000242424002424242471
:20AB600024242424242424242449DBDBB6B6B6DBDBDBDBB692DB926D4949000024492400BF
:20AB80000000000000242424DBB6B6DBDBDB92242424244949242424242424242424242431
:20ABA00024242449240000000000244949494949494949494924242424242424494949499E
:20ABC0004949494949494949496D6D6D6D49242424494949240024244924242424242424EF
:20ABE0002424242424242424494949494949494949494949494949000000000000000000EE
:20AC00000000000000000000002424242424242424242424242424242424242424242424F8
:20AC20002424242424242424242400000000000000000000000000000024242424242424B0
:20AC400024242424242424242424242424242424242400000000000024242424242424244C
:20AC60002424242424242424242492DBDBDBDBDBDBDBDB92496D4924000000000000002429
:20AC800024000000000000002449B6DBDBDBDB6D24242424494949242424242424242424E5
:20ACA000244949492400000000002449494949494949494949492424242424242449494953
:20ACC000494949496D926D492424246D926D4924000049496D2400002449242424494924A4
:20ACE000242424242424242424494949494949494949494949494900000000000000000012
:20AD00000000000000000000002424242424242424242424242424242424242424242424F7
:20AD200024242424242400002400000000000000000000000000000000002424242424243F
:20AD400024242424242424242424242424242424242400000000000024242424242424244B
:20AD60002424242424242424242424DBDBDBDBDBDB926D49242424242424240000000000E1
:20AD80000000000000000000000024496D6DDBDB6D2424242449494949494924242424244F
:20ADA000244949492400000000002449494949494949494949494949492424242424494908
:20ADC000494992924949496D240000006D922424000000244949000000242400244949490D
:20ADE000242424242424242424244949494949494949494949494900000000000000000036
:20AE00000000000000000000002424242424242424242424242424242424242424242424F6
:20AE2000242424240000000000000000000000000000000000000000000024000000242416
:20AE400024242424242424242424242424242424242400000000000024242424242424244A
:20AE6000242424242424242424242492DBDBDBB66D24000000000000000024240000000094
:20AE8000000000000000000000000000002492DB92242424242424494949494924242424BA
:20AEA00024244949240000000000244949494949494949494949494949492424242424492C
:20AEC00049926D49000000242449240024494924240000002424000000002424244949499F
:20AEE000494924242424242424242449494949494949494949494900000000000000000010
:20AF00000000000000000000002424242424242424242424242424242424242424242424F5
:20AF200024246D6D00000000000000000000000000000000000000000000002400006D243A
:20AF4000242424242424242424242424242424242424000000000000242424242424242449
:20AF6000002424242424242424242449DBDBB64924000000242400000000000000242400B7
:20AF80000000000000000000000049490000249292242424242424244949494949494924B8
:20AFA00024242449240000000000244949494949494949494949494949494924242424492B
:20AFC000926D242400000000000049490000490000000000000000002424244924244949C0
:20AFE000494949492424242424242424242449494949494949494900000000000000000034
:20B000000000000000000000002424242424242424242424242424242424242424242424F4
:20B0200024246D240000000000000000000000000000000000000000000000000024926D14
:20B040002424242424242424242424242424242424240000000000002424242424924924B5
:20B06000000024242424242424242449B6B66D492449494924494900000000000000240048
:20B08000000000000000000000002449490000249249242424242424244949494949494900
:20B0A000492424492400000000002449494949494949494949494949494949242424499297
:20B0C000926D6D6D24496D490000002424000000000000000000244949492400000024499C
:20B0E000244949494924242424242424242424494949494949494900000000000000000058
:20B100000000000000000000002424242424242424242424242424242424242424242424F3
:20B12000246D24000000000000240000240000000000000000000000000000002424249214
:20B140006D24242424242424242424242424242424240000000000002424242424926D6DFE
:20B160006D24002424242424242424246D6D6D6D6D49490000000000002400000000000023
:20B18000000000000000000000000024240000002449492424242424242424494949494924
:20B1A000494949492400000000002449494949494949494949494949494949492449926DDE
:20B1C0006D4924240000496D24000000000000000000000024242424246D49000000002409
:20B1E0002424244949492424242424242424242424494949494949000000000000000000C6
:20B200000000000000000000002424242424242424242424242424242424242424242424F2
:20B220002424000000000000000000000000000000000000000000000000000000000024A2
:20B24000926D2424242424242424242424242424242400000000000024242424244992928E
:20B26000926D242424242424242424246D6D49240000000000000000000000000000000020
:20B2800000000000000000000000492400000000006DB66D24494924242424242449494948
:20B2A00049494949240000000000242449494949494949494949494949494949496D49244B
:20B2C0000000000000000000002400000000000000000000000000000024490000000000DD
:20B2E0004924242449494949242424242424242424242449494949000000000000000000C5
:20B30000000000000000000000242424242424242424242424242424242424242424240015
:20B3200000000000000000000000000000000000000000000000000000000000000000000D
:20B340002492242424242424242424242424242424240000000000002424242424246D9220
:20B360006D926D2424242424242424246D240000000000000000000000000000000000008C
:20B3800000000000000000000000494949000000006DDB6D244949492424242424244949B4
:20B3A000494949492400000000002424244949494949494949494949494949496D6D0000B8
:20B3C00000000000000000000000000000000000000000000000000000000000000000006D
:20B3E00024492424244949494949242424242424242424242424490000000000000000000E
:20B40000000000000000000000242424242424242424242424242424242424242424240014
:20B42000000000242424244949240000002449494949494949240049240000000000000012
:20B44000006D24002424242424242424242424242424000000000000242424242424496DD5
:20B46000926D926D24242424242424496D000024000000000000000024000000000024248C
:20B4800000244949240000000000244900000000000049DB6D49494949492424242424248F
:20B4A000244949494900000000002424242449494949494949494949494949496D240049DC
:20B4C000240000000000494924000000002424494949494924002424000000000000000071
:20B4E000002424242424494949494949492424242424242424242400000000000000000031
:20B500000000000000000000002424242424242424242424242424242424246D92924900C9
:20B520000000496D6D926D6D6D6D6D6D6D6D6D6D6D6D6D4949492449492400000000000018
:20B540000000000024242424242424242424242424240000000000002424242424242449AE
:20B5600092926D926D242424242424490000000000000000002424244949242449496D6D68
:20B580006D6D494949496D240000000000000000000000DBDB4949494949494924242424D7
:20B5A0002424244924000000000024242424244949494949494949494949496D6D24492427
:20B5C0000000244949496D6D6D494949926D6D6D6D6D494949244949000000000000000006
:20B5E000000000242424244949494949494924242424242424242400000000000000000078
:20B60000000000000000000000242424242424242424242424242424246D929292924900EC
:20B6200000496D6D6D92929292929292926D6D6D6D6D6D6D49492449492400000000000083
:20B640000000002400242424242424242424242424240000000000002424242424242424D2
:20B66000496D926D926D2424242449240000000000242400244924496D929292929292928C
:20B680006D6D6D4949494949000000240000000000000092DB6D494949494949492424248D
:20B6A0002424242424000000000024492424242449494949494949494949496D6D4924006F
:20B6C000006D6D6D496D929292929292929292926D6D6D49494949494900000000000000BC
:20B6E000000000242424242449494949494949492424242424242400000000000000000052
:20B70000000000000000000000242424242424242424242424242449929292929292240058
:20B72000246D6D6D6D9292DBDB92929292926D6D6D6D6D4949494949244900000000000082
:20B740000000002424242424242424242424242424240000000000002424242424242424AD
:20B7600024246D926D92922424496D2400240000499224496D24249292929292929292928C
:20B78000926D6D6D49494949490000000000000000000092DBDB6D49494949494949242467
:20B7A0002424242424000000000024494924242424244949494949494949496D2400000049
:20B7C0006D92926D6D9292DB929292929292929292926D6D6D4949496D2400000000000098
:20B7E000000000242424242449494949494949494949242424242400000000000000000007
:20B800000000000000000000002424242424242424242424246D929292929292926D0000A0
:20B820006D6D6D6D6D9292DBDBDB929292926D6D6D926D49496D4924244949000000000082
:20B840000000000024242424242424242424242424240000000000002424242424242424D0
:20B860002424246D929292492424244924000024926D4992924992DBDB92929292929292F8
:20B88000926D6D6D6D494949492400000000000000000024DBDBDB6D4949494949494924D5
:20B8A000242424242400000000002449494924242424244949494949494949492400002448
:20B8C00092926D499292B6DBDB9292929292929292926D6D6D6D49496D49000000000000E0
:20B8E000000000002424242424494949494949494949494924242400000000000000000005
:20B90000000000000000000000242424242424242424246D9292929292929292926D0000C3
:20B920006D6D9292929292DBDBDB9292926D6D92926D6D49496D4924494924000000000012
:20B9400000000000002424242424242424242424242400000000000024246D6D2424242461
:20B96000242424499292926D2424246D2400009292246D926D6DDBDBB69292929292929267
:20B98000926D6D6D6D4949496D6D000000000000000000006DDBDBDB494949494949494966
:20B9A000242424242400000000004949494924494949496D6D6D6D6D494949496D2400246D
:20B9C0009292926D9292DBDBDB92929292929292926D6D6D6D4949494949000000000000DE
:20B9E0000000000024242424242449494949494949494949494924000000000000000000DF
:20BA00000000000000000000002424242424242424496D6D92929292929292926D4900009D
:20BA2000496D929292929292B692926D6D6D6D926D6D6D6D494949244924000000000000A4
:20BA4000000000004924242424242424242424242424000000000000242449926D240024F1
:20BA6000242424246D9292922424242424000092929292929292DBDB929292929292926D40
:20BA80006D6D6D6D6D49494949240000000000000000000049DBDBDB49494949494949491B
:20BAA00049494924240000000000496D6D6D6D6D49494949929292929249494949000024B3
:20BAC000929292929292DBDB92929292929292926D6D6D6D6D6D4949492400000000000027
:20BAE0000000000049242424242424494949494949494949494949000000000000000000B9
:20BB000000000000000000000024242424244949494949496D929292926D494924240000BF
:20BB2000499292929292929292926D6D6D6D929292926D6D49494924244900000000000058
:20BB4000000000006D6D49242424242424242424242400000000000024242492922424243A
:20BB60002424242424494992492424000000009292929292929292929292929292929292AA
:20BB80009292926D6D6D4949490000000000000000000024B6DBDBDB9249494949494949D1
:20BBA000494949492400000000006D92929292926D494949496D9292929292926D000024FB
:20BBC000929292929292929292929292929292929292926D6D6D49496D2400000000000025
:20BBE00000000024494949494949496D6D6D6D6D6D6D6D6D6D6D92240000000000000000BD
:20BC0000000000000000000000242424246D929292494949496D929249242424242424009B
:20BC200049B6DB929292929292926D6D929292929292926D6D6D6D492449490000000000A1
:20BC4000000000006D6D6D6D492424242424242424240000000000002424246D926D242483
:20BC60002424242424242492492424240000009292DBDB92929292929292929292DBDB92AB
:20BC80009292926D6D6D494949490000000000000000006DDBDBDBDBDB6D494949494949AC
:20BCA000494949492400000000006D9292929292926D4949494949929292929292000049D4
:20BCC00092DBDB92929292929292929292DBDB929292926D6D6D49496D49000000000000DB
:20BCE000000000496D49496D6D49496D9292929292929292929292240000000000000000B9
:20BD00000000000000000000002492926D6D6D9292926D494949492424242424242424002D
:20BD20004992B6929292929292926D6D92929292926D49242424240024496D490000000057
:20BD400000000000496D9292926D4924242424242424000000000000242424246D926D24A5
:20BD600000242424242424242424242400000092DBDBDB92929292929292929292DBB6923D
:20BD8000926D6D6D6D6D4949494900000000000000000024B6DBDBDBDB6D49494949494963
:20BDA000494949492400000000006D9292929292929249494949496D9292929292000049D3
:20BDC000B6DBDB92929292929292929292B6B69292926D6D6D6D49496D4924000000000001
:20BDE000000000494949496D926D49496D92929292929292929292240000000000000000DC
:20BE00000000000000000000006D9292926D6D6D9292926D242424242424242424242424E5
:20BE20004949242424244924496D6D6D926D492424000000000000000024496D2400000055
:20BE400000000000496D92929292926D242424242424000000000000002424246D929224EC
:20BE600024242424242424242424242424002492DB6D6D6D6D929292926D6D9292929292AD
:20BE80004900002424240024496D4900000000000000000092DBDBDBDB6D494949494949A9
:20BEA000494949492400000000006D929292929292926D49494949496D926D6D4900006D66
:20BEC000926D6D6D6D6D6D6D92926D929292926D4924242424240024496D4900000000006F
:20BEE000000000496D4949496D926D49496D92929292929292929224000000000000000000
:20BF000000000000000000000092929292926D6D6D92926D240024242424242424242424E3
:20BF20006D2400240000000000496D6D6D49000000000000242424242424496D490000009C
:20BF40000000002449496D92929292926D6D2424242400000000000000242424246D926D7E
:20BF6000492424242424242424242424240024924900240000240049926D6D6D6D242400AA
:20BF80000000002424242424246D6D24000000000000246DB6DBDBDBDB6D494949494949F5
:20BFA000494949492400000000006D92929292929292926D496D6D496D6D92926D000049AF
:20BFC00024000000002400006D926D6D6D242400000000242424494924496D49000000006A
:20BFE00000002449494949494992926D49496D929292929292929224000000000000000023
:020000040044B6
:20A0000000000000000000002492929292926D6D6D92924924240024242424242424242402
:20A02000496D492400000000004992926D49000024002400000000004949496D4900000001
:20A0400000246D6D6D49496D929292929292926D24240000000000000024242424496D920B
:20A060009224242424242424242424242400244900492400000000004992926D24000000C6
:20A0800000000024244949244949494900000000006D92B692B6DBDBDB6D24244949494937
:20A0A000494949492400000000006D9292929292929292926D6D6D4949926D499249004984
:20A0C000244924000000000049929292490000000000002424244949494949490000000085
:20A0E0002492924949494949496D92926D49496D9292929292929224000000000000000043
:20A100000000000000000000249292929292926D6D92492424242400242424242424492425
:20A12000499224006D240000006DDB926D490000006DDB6D0000000049496D6D4900000095
:20A14000246D4924244949496D9292929292929292490000000000000024242424246D9209
:20A16000924924242424242424242424240024926D2400490000000049B6DB924900000033
:20A1800024922400000000244949494900000024926D496D6D6DDBDBDBDB49242449494912
:20A1A000494949492400000000006D92929292929292929292924924244949496D49244915
:20A1C0006D2400240000000024B6DB92492400002492240000000024496D49490000004987
:20A1E00092926D6D494949494949496D926D49496D92929292929224000000000000000067
:20A200000000000000000000249292929292929292492424242424000000496D6D6D492490
:20A2200092926D6D929224002492DB924949242424499292492424496D6D6D6D4900000073
:20A240006D24000024494949496D926D92929292926D000000000000002424242424496D08
:20A260009292492424242424242424246D2424926D246DDB4900002492DB926D49242400A3
:20A2800049DB92240000006D926D6D490000006D6D0000246D6D92DBDB6D24242424494913
:20A2A000494949492400000000006D929292929292929292926D4924242424496D4924923A
:20A2C00092246DDB6D0024246DDBB66D494949496DDB92242400246D926D6D490000009242
:20A2E0009224246D49496D49494949496D6D6D49496D929292929224000000000000000067
:20A30000000000000000000024929292929292929249242424496D926D6DB6DBDBDB4949D9
:20A32000DBDB92926D6D496D6D92DB924949496D6D929292926D6D92926D6D6D4900004973
:20A3400049004949244924494949496D6D929292926D0000000000000024242424242424E2
:20A360004949242424242424242400246D2449DBB66D92926D496D6D92DB926D4949496DC7
:20A380006D92926D49496D9292926D490000496D240024246D926D92926D24242424244938
:20A3A000494949492400000000006D929292929292926D9292926D24244924496D4924B6CC
:20A3C000DB9292926D49496D92DB926D49496D6D929292929249929292926D490000496DD1
:20A3E0002424244949496D4949494949494949494949496D6D92922400000000000000001B
:20A400000000000000000000006D9292929292926D496D6DB6B6B6DBDBB692DBDBB64949B5
:20A42000DBDBDBDB929292926D6D926D2424496D6D9292929292929292926D4924000049DF
:20A4400000006D492449244949494949496D9292926D000000000000002424242424242473
:20A46000242424242424242424242424922449DBDB92926D6D6D929292DB9249496D6D92EB
:20A48000929292929292929292926D490000492400496D496D6D6D926D492424242424247F
:20A4A000244949492400000000006D9292929292924949496D92926D2424496D494924B65D
:20A4C000DBDB92926D6D929292929249496D6D92929292929292929292926D4900006D24F5
:20A4E000246D494949496D6D926D6D6D6D49494949494949496D6D24000000000000000041
:20A500000000000000000000004992929292929292B6DBB6DBDBDBDBDB926D926D6D494969
:20A52000B6DBDB92929292926D92926D492424496D6D6D929292926D6D6D6D242400004929
:20A5400000004949244949494949494949496D926D6D0000000000002424242424242424BB
:20A56000242424242424242424242424922449DBDBDB92929292929292926D49494992929F
:20A580009292929292929292926D49490000490000496D49929292929224002424242424A0
:20A5A00024494949240000000000499292929292924924246D9292926D242424244949DBA5
:20A5C000DBDBB6929292929292926D49496D92929292929292929292926D494900004924F3
:20A5E000006D6D4949496D929292929292926D494949494949494900000000000000000086
:20A60000000000000000000000496D9292929292B6DBDBDBDB6D494949242424002449491E
:20A6200092929292929292926DDB926D6D4924496D6D6D6D926D6D6D6D6D4924244949494D
:20A640002400496D24246D6D6D494949494949496D6D000000000000242424242424242498
:20A660002424242424242424242424246D4949B6DBDB929292929292B6926D4949246D92E9
:20A6800092929292929292926D49494924246D2400496D6D92929292924900002424242433
:20A6A000242424492400000000004992929292929292496D929249494949242449492492EC
:20A6C00092DBB6929292926DB6926D4949496D9292929292929292926D6D494924246D243E
:20A6E00000496D4949496D929292929292926D92926D4949494949000000000000000000F3
:20A700000000000000000000006D6D496D92929292DBDB9249242424242424000024246D43
:20A72000496D92929292926D92B6926D6D4949496D6D6D6D6D6D6D6D494949494949492402
:20A740000024246D24246D92926D6D6D494949494924000000000000242424242424242473
:20A76000242424242424242424242424246D6D929292929292929292DBB66D494949496D7A
:20A78000929292929292926D6D494949494949242449496D6D6D9292924900242424242457
:20A7A00024242424240000000000496D92929292926D494992924924244949244924496DC8
:20A7C0009292929292929292DB926D49496D496D929292929292926D6D49494949494924A8
:20A7E00024496D4949496D9292929292929292929292494949494900000000000000000084
:20A800000000000000000000006D49496D929292929249242424242424242424240024928B
:20A82000494992929292926D24496D4924242424246D6D6D6D6D6D494949494949492400B7
:20A840002449242424496D92929292926D49494949490000000000002492922424242424B9
:20A86000242424242424242424242400249249499292929292926D6D92B66D49496D494978
:20A880009292929292926D6D4949494949492424494949496D926D6D6D240024000024247A
:20A8A00024242424240000000000496D929292929292B66D929249494949494949496D6D59
:20A8C0009292929292926D6DB6926D49496D49499292929292926D6D4949494949492424A8
:20A8E00049496D24496D6D9292929292929292929292924949494900000000000000000016
:20A90000000000000000000000496D4949496D9292242424242424242424242424242449D4
:20A92000496D6D929292B6B64900000000002424246D6D6D6D6D4949494949494949496DFE
:20A940006D926D24496D9292929292926D6D926D4949000000000000249292242424240002
:20A96000242424242424242424242424244949496D92929292926D2424496D2400242424E6
:20A980009292929292926D6D494949494949496D6D6D246DB6DB926D92242424242424247C
:20A9A00024242424240000000000496D6D9292929292DBB6929249496D496D49496D6D49C7
:20A9C0006D9292929292922400496D240024244992929292926D6D6D4949494949496D6D5E
:20A9E0006D6D244949496D9292929292929292929292926D6D6D49000000000000000000A9
:20AA0000000000000000000000496D4949496D92926D24242424242424924924242449001B
:20AA2000006D6D929292DBDB926D2400002424496D6D6D926D6D6D494949494949496D92FE
:20AA4000926D2400496D929292929292929292926D2400000000000024494924242424246E
:20AA6000242424242424242424242424242424496D92929292DBB649242400000000246D09
:20AA800092929292926D6D6D49494949496D92926D496DB6DBDBDBDBB6922449492424000C
:20AAA00024242424240000000000496D499292929249494949494949496D6D49496D6D49C4
:20AAC0006D6D929292DBDB6D242400000024496D92929292926D6D6D49494949496D929282
:20AAE000924949494949929292929292929292929292929292926D240000000000000000A6
:20AB0000000000000000000000496D494949496D92924924242424242492922424242424D1
:20AB200024496D929292DBDB92929249246D496D6D6D6D926D6D6D494949494949492449FD
:20AB400049240024496D92929292929292926D492424000000000000242424242424249292
:20AB6000242424242424242424242424240024246D6D9292DBDBDB929249000024246D6D9B
:20AB80006D6D9292926D6D6D49494949496D929249246DDBDBDBDBDBDBDB492449492424C2
:20ABA00000242424240000000000496D496D929249242424492424496D496D492449924932
:20ABC0006D92929292DBDB92926D242449496D6D6D6D9292926D6D6D49494949496DB692CC
:20ABE0004900496D49496D9292929292929292929292929292929224000000000000000013
:20AC00000000000000000000246D4949494949496D924924242424242449492424249249F4
:20AC2000496D6D6D92929292926D926D6D6D49494949496D6D6D4949494949494949000068
:20AC40000000244949496D92929292926D24240024240000000000002424929224242424B5
:20AC6000242424242424242424242424242424246D6D929292DBB69292926D496D6D6D6D53
:20AC80006D6D926D926D6D49494949494924244900246DB6DBDBDBDBDBDB4924494949492E
:20ACA00024242424240000000000496D49496D924949B66D6D9249496D49494924496D929F
:20ACC0006D92929292B6B692929292926D6D6D6D6D6D6D6D6D6D6D494949494949002424CC
:20ACE00000496D494949499292929292929292929292929292929224000000000000000036
:20AD0000000000000000000024926D4949494949496D924924242424242424922424929218
:20AD20004949496D92926D244949496D6D494949242424496D6D494949494949492424248C
:20AD4000002449494949496D6D9292492424002424240000000000000024496D922424248F
:20AD6000249249242424242424242424242424246D6D6D929292926D496D92926D496D24E3
:20AD80002424496D6D6D6D494949494949000000006D6DB6DBDBDBDBDBDB6D49494949492C
:20ADA0004924244924000000000049494949496D6D6DB66D49926D49492424246D6D496DE8
:20ADC000249292929292926D49496D6D494949492424496D6D6D6D6D4949494949000000C7
:20ADE000496D494949494992929292929292929292929292929292240000000000000000EC
:20AE00000000000000000000249292494949494949496D49242424242424499224242424F2
:20AE200024246D6D6D926D496D92926D6D92926D6D6D6D6D6D6D6D49494949492400244946
:20AE400024496D49494949494949242424242424242400000000000000242424924924246A
:20AE600024924924242424242424242424242424496D6D9292492449496D6D6D6D6D6D49E2
:20AE80002424496D6D6D6D4949494949242424006D926D92DBDBDBDBDBDB6D49494949499A
:20AEA00049242424240000000000494949494949926D4924499292496D4949249249494951
:20AEC00049929292926D24246D6D6D6D6D9292492449496D6D6D6D6D494949490049490011
:20AEE000496D494949494992929292929292929292929292929292240000000000000000EB
:20AF000000000000000000000092929249494949496D6D6D2424242424242424246D6D2485
:20AF20002424496D496D9292926D6D6D6D926D6D6D6D494949494949244949490000494966
:20AF400024496D6D496D6D4924000024242424242424000000000000002424242424242422
:20AF600024926D24242424242424242424242424246D6D9292926D929292929292926D6DE1
:20AF80006D6D6D6D6D6D494949494949002449246D926D6DB6DBDBDBDBDB49244949494975
:20AFA0004949492400000000000049494949494949242449929292496D496D244949496D74
:20AFC000246D926D92929292929292929292926D6D6D6D6D6D6D6D4949494900004949007D
:20AFE000496D49494949494992929292929292929292929292929224000000000000000033
:20B000000000000000000000006D92926D49494949496D6D24242424242424242492DB49F1
:20B020002424244949499292926D4924242424246D6D4949492449494949000000244949F6
:20B0400024496D6D92926D242424242424242424242400000000000000242424242424496B
:20B0600092929249242424242424242424242400246D6D6D929292926D6D6D6D4949496D96
:20B080006D6D6D6D6D6D494949492400006D49246D92926D92B6DBDBDBDB6D244949494999
:20B0A000494949492400000000004949494949492449B692929292496D49924949496D4905
:20B0C00024496D6D9292929292496D6D6D49496D6D6D6D6D6D6D49496D492400246D4900EC
:20B0E000494949494949494992929292929292929292929292929224000000000000000056
:20B10000000000000000000000929292926D49494949496D6D492424242424242449492438
:20B1200024242424496D929292926D49494949496D6D6D6D494949494900000000496D4987
:20B140002449499292242424242424242424242424240000000000000024242424242492D7
:20B16000926D929224242424242424242424242424246D6D929292926D4949492424496D4C
:20B180006D6D6D6D4949494949000000244949246D92926D6D9292B6DBDBDB6D2424494997
:20B1A000494949492400000000006D6D49494949496DB692929292496D4992496D49496D4F
:20B1C0004924496D92929292924949494949496D6D6D6D6D6D4949492400002449924900E7
:20B1E00049494949494949496D92929292929292929292929292922400000000000000007A
:20B2000000000000000000000092929292924949494949496D924924242424242424242412
:20B2200024242424496D9292929292929292926D496D6D6D49494949000000004949494961
:20B240002400002424002424242424242424242424240000000000000024242424242424D6
:20B260004992926D4924242424242424242424242400496D6D92929292929292926D6D6D01
:20B280006D6D6D6D49494949000000244949490000929292926D6D929292DB6D49244949B8
:20B2A000494949492400000000006D926D49494949496D6D929292496D4992499249496D72
:20B2C0006D2424496D9292929292929292926D6D6D6D6D6D49494924000000496D6D4924C4
:20B2E000496D49494949494949929292929292929292929292929224000000000000000079
:20B300000000000000000000249292929292926D494949496D929224242424242424242437
:20B320002424242424496D929292B692929292926D6D6D49242424000000004949494949F4
:20B340002400000000242424242424242424242424240000000000000024242424242424F9
:20B36000246D926D6D2424242424242424242424242400246D92929292DBDB929292926DB8
:20B380006D6D6D49496D49000000242449494924002492926D92926D6D6D92244949242427
:20B3A000494949492400000000006D92926D4949496D49496D9292496D49924992496D4971
:20B3C00049494924496D929292DBDB92929292926D6D6D49494900000000494949496D4976
:20B3E0000024244949494949496D6D92929292929292929292929224000000000000000079
:20B400000000000000000000246D6D926D6D929249494949496D9292494924242424242436
:20B42000242424242449246D929292926D6D92926D6D494924000000000024496D494949F3
:20B4400000000000002424242424242424242424242400000000000000242424242424241C
:20B4600024246D9292492424242424242424242424240000246D929292DBB6929292929248
:20B480006D6D6D492400000000002449494949490024246D926D6D9292926D492424492425
:20B4A000242449492400000000006D9292926D496D494924499292496D49926D92B66D4929
:20B4C0006D49496D2449929292DB9292929292926D6D6D24240000000024496D49496D240A
:20B4E00000002424494949494949496D92929292929292929292922400000000000000002E
:20B500000000000000000000002424242424242424496D4949496D9292926D4949242424EC
:20B520002424242424242424496D92926D6D6D6D6D49242400000000000049496D49494985
:20B540002400242400002424242424242424242424240000000000000024242424242424D3
:20B560002424246D926D242424242424242424242424242400246D92929292929292926D6D
:20B580006D6D4924000000000024494949494924002424246D929292929292922424242448
:20B5A000242424242400000000006D929292926D4924242424499292924992B6496DB64997
:20B5C00049496D926D24499292929292929292926D6D24000000000000496D6D6D496D2476
:20B5E0000024242449494949494949496D6D92929292929292929224000000000000000077
:20B6000000000000000000000024242424242400242400246D6D496D929292926D6D2424EC
:20B62000242449242449492400246D6D4949496D2400000000000000004949494949492437
:20B6400024242424240024242424242424242424242400000000000000242424242424248A
:20B66000242424244949242424242424242424242424242424242449B6929292926D9249B5
:20B6800024240000000000002449494949494924249224006D92929292929292492424246A
:20B6A000242424242400000000006D92929292924949494949496D92929292B649499292B8
:20B6C0006D6D9292926D24249292926D6D926D6D242400000000000024496D6D6D49492477
:20B6E00049492424244949494949494949496D6D92929292929292240000000000000000BF
:20B70000000000000000000000242424242424242424000000496D6D6D6D6D6D6D6D6D6D5A
:20B720006D6D6D492424496D24000000000000000000000000000000244949494949492459
:20B7400024240000246D240024242424242424242424000000000000002424242424242488
:20B760002424242424242424242424242424242424242400246D240024494949244949248F
:20B78000000000000000002449494949494924246D9224006D92496D926D6D9249242424FC
:20B7A000242424242400000000006D92929292926D6D49494949496D92929292929292924A
:20B7C00092929292926D6D0000242400242424000000000000000024496D6D6D6D2424494F
:20B7E000494924242424494949494949494949496D92929292929224000000000000000050
:20B800000000000000000000002424242424242424242400000000496D6D6D6D6D6D6D6D0F
:20B820006D926D926D244992922400000000000000000000000024244949494949492424A2
:20B84000240000246D9224002400242424242424242400000000000000242424242424243D
:20B8600024242424242424242424242424242424242424000092926D00000000000000008B
:20B8800000000000000000496D494949494924249224006D9292242424496D92492424248D
:20B8A000242424242400000000006D929292929249492424494949496D9292929292929224
:20B8C000929292924949926D2400000000000000000000000000246D6D6D6D6D4924494927
:20B8E0004924242424002449496D494949494949496D6D6D9292922400000000000000002C
:20B9000000000000000000000024242424242424242424240000000024496D6D6D6D6D6DA0
:20B920006D6D6D6D49004992929249242400000000000000002424496D6D494924242424ED
:20B940002400009292240049492424000024242424240000000000000024242424242424F1
:20B960002424242424242424242424242424242424242424246D92926D24000000000000B1
:20B98000000000000000246D6D6D4949492424242424244992242424496D496D4900002469
:20B9A000242424242400000000006D6D6D6D494949494924242424242424496D6D6D6D6D4C
:20B9C0006D6D6D492449929292492400000000000000000000246D926D6D492424494949DE
:20B9E000242424240024242424496D496D6D6D6D6D4949496D6D6D240000000000000000C1
:20BA00000000000000000000002424242424242424242424240000000000496D6D6D6D6D0C
:20BA20006D6D4924240024929292924949240000000000244924496D929249240024242435
:20BA4000240049922400246D92926D6D2424000024240000000000000024242424242424A8
:20BA6000242424242424242424242424242424242400242424499292926D492424240000D5
:20BA8000000024242449496D6D4949492424242400242424240024246D496D6D926D2400D8
:20BAA0002424242424000000000024494949494949494949242424242424242449494949D9
:20BAC00049242449242492B692924949494900000000002449496D6D6D6D24494949242403
:20BAE0002424242400242400004949494949494949492449244949000000000000000000BA
:20BB0000000000000000000000242424242424242424242424240000000000246D6D6D6D79
:20BB20006D4949002400246D92929249494924492424242424496D6D6D2424242424242413
:20BB40000024926D240049926D6D9292926D2424242400000000000000242424242424243A
:20BB6000242424242424242424242424242424242424242400499292B6926D6D4949494942
:20BB80000000244949496D6D6D492424242424242424242400242424242424496D926D6DB4
:20BBA0006D2424240000000000002424242449494949494949242424242424242449494922
:20BBC0004924494900006DB6B6DB926D49494949242424496D6D926D494949494924242428
:20BBE000242424242424000024242424242424242424242424242400000000000000000051
:20BC0000000000000000000000242424242424242424242424240000000000000024496D76
:20BC200024496D24240000499292926D494949494949242449926D6D2424242424242424A3
:20BC400049926D2400246D6D6D6D6D6D929292926D490000000000000024242424242424CC
:20BC6000242424242424242424242424242424000049492400499292DBDB926D49496D6D64
:20BC8000494924496D6D6D6D49242424242424242424240000242424242424242424246D6B
:20BCA0006D6D6D6D240000000000242424242449494949494949242424242424242449246C
:20BCC00024494924000049B6DBDB926D6D6D6D6D4949496D6D6D6D49494949492424242496
:20BCE000242449492400002424242424242424242424242424242400000000000000000006
:20BD0000000000000000000000242424242424242424242424242400000000000000002407
:20BD2000246D4924240000496D92929249494949492424496D6D492424242424242400490F
:20BD400092922400006D6D6D6D6D6D6D6D6D9292926D0000000000000024242424242424A7
:20BD600024242424242424242424242424240024496D242400496DB6DBDB926D6D49494940
:20BD80004949496D6D6D6D49242424240024242424242400002424242424242424242424D7
:20BDA000246D929224000000000024242424242449494949494924242424242424242424B4
:20BDC000496D492400246D92DBDBB66D6D6D49494949496D6D6D49492424492424242424DF
:20BDE0002449494900002424242424492424242424242424242424000000000000000000BB
:20BE0000000000000000000000242424242424242424242424242424000000000000246D75
:20BE2000492400002400004992929292494949492424496D49000024242424242424246DE8
:20BE400092490000496D6D6D6D6D6D6D6D6D6D9292920000000000000024242424242424CA
:20BE6000242424242424242400000000000024B6B649240000246D92DBDB926D6D6D494961
:20BE800049496D6D926D4924242400244924242424240000242424242424242424242424B1
:20BEA0002424929224000000000024242424242424494949494949242424242424242449D7
:20BEC0006D49492400009292DBDBB66D6D6D4949496D6D494949492424242400242424494A
:20BEE00049494924002424244949494949492424242449494924240000000000000000006E
:20BF0000000000000000000000242424242424242424242424242424000000246D6D6D6D2D
:20BF20006D240024240000246D9292926D49494949496D49000024242424242424246D9232
:20BF4000490000496D6D6D9292926D6D6D929292926D00000000000000242424242424245A
:20BF6000242424242424242400000000002449B69224240000249292DBDB926D6D6D49493B
:20BF8000496D6D6D6D49242424242449494924242424002424242424242424242424242468
:20BFA000242424242400000000002424242424242424494949494949242424242400496D8D
:20BFC0006D49492400006D92DBDB926D6D6D6D6D6D6D49244949246D924924240024494993
:20BFE0004949240000242449494949494949242449494949494949000000000000000000FD
:020000040045B5
:20A000000000000000000000002424242424242424242424242400242449929292926D6DB9
:20A020006D24000000000000246D9292926D494949492424240024242424242424499292E2
:20A040002400246D6D92929292926D6D92926D6D92920000000000002424242424242424E8
:20A06000242424242424242400002424242424492424242400006D92DBB692926D6D6D6DCB
:20A080006D6D4924242424246DDB6D494949494900002424242424242424242424242424CF
:20A0A0002424242424000000000024242424242424242449494924244949494924496D493E
:20A0C0002424242424002492B69292926D6D6D6D4949494949246D9292926D4924242449D7
:20A0E0004949000024244949494949494949242449494949494949240000000000000000D3
:20A1000000000000000000000024242424242424242424000024246D92929292926D242493
:20A12000240000000000000000496D9292926D4949240000000000002424242424926D2495
:20A1400000246D9292929292926D6D6D92929292926D00000000000000002424242424249C
:20A1600024242424000000246D6D6D2424246D92490000000000246DB6B6DB92926D6D6DED
:20A180006D4924242424246DDBDBB6924949492400242424242424242424242424240024F3
:20A1A000242424242400000000002424242424242424242449494949494949492449490085
:20A1C000000000000000006D9292DBDB926D6D49494949494924496D929292926D492424F6
:20A1E0002400002449494949494949494924244949494949494949240000000000000000D2
:20A200000000000000000000002424242424242424242424246D92929292929292492400B6
:20A22000002449240024242400246D92929249242424002400002400002424246D9224004E
:20A24000246D9292929292926D6D6D9292929292926D00000000000000000024242424242D
:20A260002424000000246D6D92926D24246D6D4924000000000000496DB6DBDB926D6D24C6
:20A2800024000000000092DBDBDBDBDBDBB6240024242424242424242424242424242424CC
:20A2A000242424242400000000002424242424242424244949494949494949494949000083
:20A2C00000002424002424246D9292926D49242424242424002449494992929292926D498A
:20A2E000000024244949494949494949242449494949494924242400000000000000000064
:20A30000000000000000000000242400000024240000246D92929292929292926D242400D7
:20A3200000496D6D00242424240049929224002424242424004992490000246D9249000095
:20A340006D92929292926D6D6D6D6D9292929292926D000000000000000000000024242450
:20A360000000002492926D929292492424496D2400000024242424244992B6926D2400009F
:20A380000000240000002492DBDBDBDBDB92002424242424242424242424242424242424A6
:20A3A000242424242400000000002424242424244949494949494949494949494924000038
:20A3C0000000002424492424246D6D4924002400000000000000242449496D929292920086
:20A3E000002449494949494949242424242449494949492424242400000000000000000089
:20A4000000000000000000000000000000000000246D929292929292929292926D24002442
:20A42000496D6D6D24002424242424492400002424242400246D6D6D6D24006D9224002474
:20A440009292929292926D6D6D6D9292929292926D6D000000000000000000000000240072
:20A4600000246D929292926D4924242449DB6D000000002424242424246D6D9224240024A0
:20A4800024242400000000004992DBDB490024242424002424242424242424240024242436
:20A4A00024242424240000000000242400244949494949494949494949494949240000005A
:20A4C000242400002449242400244949242424244949000000000000244949496D92240085
:20A4E000004949494949494949242424242449494949242424242400000000000000000088
:20A50000000000000000000000000000000000249292926D6D9292929292929224002449F8
:20A520006D6D6D92922400242424240000242424002424496D6D6D926D6D49240000006D72
:20A54000929292926D6D6D6D6D929292926D6D6D6D4900000000000000000000000000004D
:20A560006D9292922424492424242449FF9200000000000000242424242424242424242431
:20A58000242400002424240000244949002424242424002424242424242424000024242411
:20A5A0002424242400000000000024002449494949494949494949494949242400000024A2
:20A5C000242424002449494924244949494949494924002424240000000000494924000083
:20A5E000244949494949494924242424244949494924242424242400000000000000000088
:20A60000000000000000000000000000000049929292926D6D9292929292929249496D6D65
:20A620006D6D6D9292922400242424242424000024496D6D6D6D92929292926D24006D9296
:20A6400092926D6D6D6D6D6D929292926D6D6D6D6D4900000000000000000000000024244E
:20A66000929249242424242424242449FF49000024242424000024242424242424242424C4
:20A68000240000242424242424000000242424242424242424242424242424002424242412
:20A6A0002424242400000000000000244949494924494949494949494949240000002424A1
:20A6C000242424492424494949494949494949242424494949494949240000000000002482
:20A6E0004949494949494924242424244949492424242424242424000000000000000000AC
:20A70000000000000000000000000000002492929292926D6D92926D6D92929292926D6DAF
:20A720006D6D6D929292926D0024242400242449926D6D6D6D929292929292926D6D9292DE
:20A74000926D6D926D496D6D9292926D6D6D6D6D6D6D00000000000000000000242424242A
:20A76000492424242424242424242424490024242424242424242424242424242424242433
:20A78000242424242424242424242424242424242424242424242424242400002424242481
:20A7A0002424242400000000000024242449492424494924492424494949242424242424C9
:20A7C00024242449492424494949492424242424494949494949494949494924242449493A
:20A7E0004949494949492424242424244949242424242424244924000000000000000000D0
:20A8000000000000000000000000000000926D49929292926D6D6D6D9292929292926D6DAE
:20A820006D6D9292929292926D000024246D92926D6D6D6D92929292929292929292929200
:20A840006D926D6D496D929292926D6D6D6D6D6D6D4900000000000000000024242424004D
:20A860002424242424242424242424240024242400242424242424242424242424242424A0
:20A88000242424242424242424242424242424242424242424242424240000242424242480
:20A8A0002424242400000000000024242449242449494924242424494949492424242424C8
:20A8C000242449494949242449242424244949494949494949494949494949494949494980
:20A8E0004949494949242424242424494924242424242424494924000000000000000000CF
:20A9000000000000000000000000000024926D496D9292926D6D6D6D6D92929292926D6DD3
:20A920006D92929292929292926D496D9292926D6D6D6D6D92929292929292929292926D6D
:20A940006D6D6D496D6D9292926D6D6D6D6D6D6D6D49000000000000000024242424000096
:20A96000242424242424242424242424242424242424242424242424242424242424242457
:20A9800024242424242424242424242424242424242424242424242424000024242424247F
:20A9A000242424240000000000002424494924244949492424242449494949494924242458
:20A9C0004949494949494924242449494949494949494949494949494949494949494949C6
:20A9E000494924242424242424244949242424242424242449494900000000000000000018
:20AA00000000000000000000000000006D926D49499292926D6D6D6D9292929292926D6D88
:20AA200092929292929292929292929292926D6D6D6D929292929292929292929292926D8F
:20AA40006D6D6D6D6D9292926D6D6D6D6D6D6D6D6D6D000000000000002424242400002429
:20AA6000242424242424242424242424242424242424242424242424242424242424242456
:20AA80002424242424242424242424242424242424242424242424240000002424242424A2
:20AAA00024242424240000000000242424242424494949242424244949494949494949490E
:20AAC000494949494949494949494949494949494949494949494949494949494949494956
:20AAE000494924242424242424242424242424242424244949494924000000000000000018
:20AB0000000000000000000000000000929292494992926D6D92926D6D6D929292926D6D62
:20AB2000929292929292926D6D926D6D926D6D6D6D6D929292929292929292926D926D926C
:20AB40006D6D6D6D6D92926D6D6D9292926D6D6D9292000000000000242424242400002470
:20AB6000242424242424242424242424242424242424242424242424242424002424242479
:20AB80000024242424242424242424242424242424242424242424000024242424242424A1
:20ABA00024242424240000000000242424002424494924242424242449494949494949497B
:20ABC000494949494949494949494949494949494949494949494949494949494949494955
:20ABE0004949242424242424242424242424242424244949494949240000000000000000F2
:20AC0000000000000000000000000000242424000024242424242424242424242424494962
:20AC20004949492400244949494949240024240024492400242424242424242424242424D7
:20AC4000242424242424242424242424242424002424000000000000000000000000000090
:20AC60000000000000000000000000000000002424242449240024242424242400000000FF
:20AC8000242424000000000000000000000000000000000000000000000000000000000048
:20ACA000000000000000000000000000000000000000000000000000242424242424240098
:20ACC000000024492424494949242424242424242424244949494924242424242424242414
:20ACE0000000000000000000000000000000000000000024242400000000000000000000E8
:20AD0000000000000000000000000000000000000000000000000000000000000000FFFF35
:20AD2000FFFFFFDB2400FFFFFFFFFFFF24000024FFFFFF490000000000000000000000008F
:20AD40000000000000000000000000000000000000000000000000000000000000000000F3
:20AD6000000000000000000000000000000000DBFFFFFFFFFF49B6FFFFFFFFFF4900004971
:20AD8000FFFFFF49000000000000000000000000000000000000000000000000000000006D
:20ADA000000000000000000000000000000000000000000000000000000000000000000093
:20ADC0000000B6FFFFDBFFFFFF0024DBFFFFFFDB2400B6FFFFFFFFFF4900000000000000F2
:20ADE000000000000000000000000000000000000000000000000000000000000000000053
:20AE0000000000000000000000000000000000000000000000000000000000000024FFFF10
:20AE20006D4949FFFF49FFFF6D4949FFFF2424FFFF6DFFFF490000000000000000000000D7
:20AE40000000000000000000000000000000000000000000000000000000000000000000F2
:20AE6000000000000000000000000000000024FFFF4949494924FFFF6D4949FFFF2424FF26
:20AE8000FF6DFFFF49000000000000000000000000000000000000000000000000000000FF
:20AEA000000000000000000000000000000000000000000000000000000000000000000092
:20AEC0000000DBFF924949494924FFFF6D496DFFDB24FFFF92496DFFFF2400000000000037
:20AEE000000000000000000000000000000000000000000000000000000000000000000052
:20AF0000000000000000000000000000000000000000000000000000000000000024FFFF0F
:20AF2000490049FFDB49FFFF000024FFFF49DBFF490024FFFF24000000000000000000008A
:20AF40000000000000000000000000000000000000000000000000000000000000000000F1
:20AF6000000000000000000000000000000024FFFF4924242424FFFF000024FFFF49B6FFB8
:20AF8000490024FFFF00000000000000000000000000000000000000000000000000000046
:20AFA000000000000000000000000000000000000000000000000000000000000000000091
:20AFC0000000DBFF490000240024FFFF240000494924FFFF240000FFFF24000000000000EA
:20AFE000000000000000000000000000000000000000000000000000000000000000000051
:20B00000000000000000000000000000000000000000000000000000000000000024FFFF0E
:20B02000FFFFFFFF4924FFFF4924FFFFDB49FFFF494949FFFF4900000000000000000000FA
:20B040000000000000000000000000000000000000000000000000000000000000000000F0
:20B06000000000000000000000000000000024FFFFFFFFFFFF49FFFF4949FFFFDB49FFFFB9
:20B08000492449FFFF240000000000000000000000000000000000000000000000000000D8
:20B0A000000000000000000000000000000000000000000000000000000000000000000090
:20B0C0000000DBFFFFDBFFFF49006DFFFFDBFFB60000FFFF49006DFFFF24000000000000A4
:20B0E000000000000000000000000000000000000000000000000000000000000000000050
:20B10000000000000000000000000000000000000000000000000000000000000049FFFFE8
:20B12000492449FFFF49FFFFFFFFFF6D0049FFFFFFFFFFFFFF240000000000000000000044
:20B140000000000000000000000000000000000000000000000000000000000000000000EF
:20B16000000000000000000000000000000024FFFF6D49494924FFFFFFFFFF6D0024FFFFB7
:20B18000FFFFFFFFFF24000000000000000000000000000000000000000000000000000090
:20B1A00000000000000000000000000000000000000000000000000000000000000000008F
:20B1C0000000FFFF6D2449490000004949496DFFDB24FFFFFFFFFFFF6D00000000000000A1
:20B1E00000000000000000000000000000000000000000000000000000000000000000004F
:20B20000000000000000000000000000000000000000000000000000000000000049FFFFE7
:20B22000490049FFFF49FFFF6DFFFFDB2424FFFF6D496DFFFF240000000000000000000066
:20B240000000000000000000000000000000000000000000000000000000000000000000EE
:20B26000000000000000000000000000000024FFFF4900000024FFFF49FFFFFF4924FFFF90
:20B28000494949FFFF240000000000000000000000000000000000000000000000000000B1
:20B2A00000000000000000000000000000000000000000000000000000000000000000008E
:20B2C0000000FFFF920000000024FFDB240049FFFF49FFFF6D49492400000000000000000B
:20B2E00000000000000000000000000000000000000000000000000000000000000000004E
:20B30000000000000000000000000000000000000000000000000000000000000024FFFF0B
:20B32000FFFFFFFF4924FFFF2449FFFFB649FFFF240024FFFF2400000000000000000000D4
:20B340000000000000000000000000000000000000000000000000000000000000000000ED
:20B36000000000000000000000000000000024FFFF4900240024FFFF2449FFFFFF49DBFF8F
:20B38000240000FFFF24000000000000000000000000000000000000000000000000000067
:20B3A00000000000000000000000000000000000000000000000000000000000000000008D
:20B3C0000000FFFFFFFFFFFFFF2449FFFFDBFFFF6D00FFFF4900000000000000000000007C
:20B3E00000000000000000000000000000000000000000000000000000000000000000004D
:20B4000000000000000000000000000000000000000000000000000000000000000049499A
:20B420004949492400004949240024492400244900000049240000000000000000000000EC
:20B440000000000000000000000000000000000000000000000000000000000000000000EC
:20B460000000000000000000000000000000002449000000000024490000244924002449F4
:20B4800000000049240000000000000000000000000000000000000000000000000000003F
:20B4A00000000000000000000000000000000000000000000000000000000000000000008C
:20B4C0000000004949494949490000494949494900004949000000000000000000000000B7
:20B4E00000000000000000000000000000000000000000000000000000000000000000004C
:20B5000000000000000000000000000000000000000000000000000000000000000000002B
:20B5200000000000000000000000000000000000000000000000000000000000000000000B
:20B540000000000000000000000000000000000000000000000000000000000000000000EB
:20B560000000000000000000000000000000000000000000000000000000000000000000CB
:20B580000000000000000000000000000000000000000000000000000000000000000000AB
:20B5A00000000000000000000000000000000000000000000000000000000000000000008B
:20B5C00000000000000000000000000000000000000000000000000000000000000000006B
:20B5E00000000000000000000000000000000000000000000000000000000000000000004B
:20B6000000000000000000000000000000000000000000000000000000000000000000002A
:20B6200000000000000000000000000000000000000000000000000000000000000000000A
:20B640000000000000000000000000000000000000000000000000000000000000000000EA
:20B660000000000000000000000000000000000000000000000000000000000000000000CA
:20B680000000000000000000000000000000000000000000000000000000000000000000AA
:20B6A00000000000000000000000000000000000000000000000000000000000000000008A
:20B6C00000000000000000000000000000000000000000000000000000000000000000006A
:20B6E00000000000000000000000000000000000000000000000000000000000000000004A
:20B70000000000000000000000000000000000000000000000000000000000000000000029
:20B72000000000000000000000000000000000000000000000000000000000000000000009
:20B740000000000000000000000000000000000000000000000000000000000000000000E9
:20B760000000000000000000000000000000000000000000000000000000000000000000C9
:20B780000000000000000000000000000000000000000000000000000000000000000000A9
:20B7A000000000000000000000000000000000000000000000000000000000000000000089
:20B7C000000000000000000000000000000000000000000000000000000000000000000069
:20B7E000000000000000000000000000000000000000000000000000000000000000000049
:20B80000000000000000000000000000000000000000000000000000000000000000000028
:20B82000000000000000000000000000000000000000000000000000000000000000000008
:20B840000000000000000000000000000000000000000000000000000000000000000000E8
:20B860000000000000000000000000000000000000000000000000000000000000000000C8
:20B880000000000000000000000000000000000000000000000000000000000000000000A8
:20B8A000000000000000000000000000000000000000000000000000000000000000000088
:20B8C000000000000000000000000000000000000000000000000000000000000000000068
:20B8E000000000000000000000000000000000000000000000000000000000000000000048
:20B90000000000000000000000000000000000000000000000000000000000000000000027
:20B92000000000000000000000000000000000000000000000000000000000000000000007
:20B940000000000000000000000000000000000000000000000000000000000000000000E7
:20B960000000000000000000000000000000000000000000000000000000000000000000C7
:20B980000000000000000000000000000000000000000000000000000000000000000000A7
:20B9A000000000000000000000000000000000000000000000000000000000000000000087
:20B9C000000000000000000000000000000000000000000000000000000000000000000067
:20B9E000000000000000000000000000000000000000000000000000000000000000000047
:20BA0000000000000000000000000000000000000000000000000000000000000000000026
:20BA2000000000000000000000000000000000000000000000000000000000000000000006
:20BA40000000000000000000000000000000000000000000000000000000000000000000E6
:20BA60000000000000000000000000000000000000000000000000000000000000000000C6
:20BA80000000000000000000000000000000000000000000000000000000000000000000A6
:20BAA000000000000000000000000000000000000000000000000000000000000000000086
:20BAC000000000000000000000000000000000000000000000000000000000000000000066
:20BAE000000000000000000000000000000000000000000000000000000000000000000046
:20BB0000000000000000000000000000000000000000000000000000000000000000000025
:20BB2000000000000000000000000000000000000000000000000000000000000000000005
:20BB40000000000000000000000000000000000000000000000000000000000000000000E5
:20BB60000000000000000000000000000000000000000000000000000000000000000000C5
:20BB80000000000000000000000000000000000000000000000000000000000000000000A5
:20BBA000000000000000000000000000000000000000000000000000000000000000000085
:20BBC000000000000000000000000000000000000000000000000000000000000000000065
:20BBE000000000000000000000000000000000000000000000000000000000000000000045
:20BC0000000000000000000000000000000000000000000000000000000000000000000024
:20BC2000000000000000000000000000000000000000000000000000000000000000000004
:20BC40000000000000000000000000000000000000000000000000000000000000000000E4
:20BC60000000000000000000000000000000000000000000000000000000000000000000C4
:20BC80000000000000000000000000000000000000000000000000000000000000000000A4
:20BCA000000000000000000000000000000000000000000000000000000000000000000084
:20BCC000000000000000000000000000000000000000000000000000000000000000000064
:20BCE000000000000000000000000000000000000000000000000000000000000000000044
:20BD0000000000000000000000000000000000000000000000000000000000000000000023
:20BD2000000000000000000000000000000000000000000000000000000000000000000003
:20BD40000000000000000000000000000000000000000000000000000000000000000000E3
:20BD60000000000000000000000000000000000000000000000000000000000000000000C3
:20BD80000000000000000000000000000000000000000000000000000000000000000000A3
:20BDA000000000000000000000000000000000000000000000000000000000000000000083
:20BDC000000000000000000000000000000000000000000000000000000000000000000063
:20BDE000000000000000000000000000000000000000000000000000000000000000000043
:20BE0000000000000000000000000000000000000000000000000000000000000000000022
:20BE2000000000000000000000000000000000000000000000000000000000000000000002
:20BE40000000000000000000000000000000000000000000000000000000000000000000E2
:20BE60000000000000000000000000000000000000000000000000000000000000000000C2
:20BE80000000000000000000000000000000000000000000000000000000000000000000A2
:20BEA000000000000000000000000000000000000000000000000000000000000000000082
:20BEC000000000000000000000000000000000000000000000000000000000000000000062
:20BEE000000000000000000000000000000000000000000000000000000000000000000042
:20BF0000000000000000000000000000000000000000000000000000000000000000000021
:20BF2000000000000000000000000000000000000000000000000000000000000000000001
:20BF40000000000000000000000000000000000000000000000000000000000000000000E1
:20BF60000000000000000000000000000000000000000000000000000000000000000000C1
:20BF80000000000000000000000000000000000000000000000000000000000000000000A1
:20BFA000000000000000000000000000000000000000000000000000000000000000000081
:20BFC000000000000000000000000000000000000000000000000000000000000000000061
:20BFE000000000000000000000000000000000000000000000000000000000000000000041
:020000040046B4
:20A00000000000000000000000000000000000000000000000000000000000000000000040
:20A02000000000000000000000000000000000000000000000000000000000000000000020
:20A04000000000000000000000000000000000000000000000000000000000000000000000
:20A060000000000000000000000000000000000000000000000000000000000000000000E0
:20A080000000000000000000000000000000000000000000000000000000000000000000C0
:20A0A0000000000000000000000000000000000000000000000000000000000000000000A0
:20A0C000000000000000000000000000000000000000000000000000000000000000000080
:20A0E000000000000000000000000000000000000000000000000000000000000000000060
:20A1000000000000000000000000000000000000000000000000000000000000000000003F
:20A1200000000000000000000000000000000000000000000000000000000000000000001F
:20A140000000000000000000000000000000000000000000000000000000000000000000FF
:20A160000000000000000000000000000000000000000000000000000000000000000000DF
:20A180000000000000000000000000000000000000000000000000000000000000000000BF
:20A1A00000000000000000000000000000000000000000000000000000000000000000009F
:20A1C00000000000000000000000000000000000000000000000000000000000000000007F
:20A1E00000000000000000000000000000000000000000000000000000000000000000005F
:20A2000000000000000000000000000000000000000000000000000000000000000000003E
:20A2200000000000000000000000000000000000000000000000000000000000000000001E
:20A240000000000000000000000000000000000000000000000000000000000000000000FE
:20A260000000000000000000000000000000000000000000000000000000000000000000DE
:20A280000000000000000000000000000000000000000000000000000000000000000000BE
:20A2A00000000000000000000000000000000000000000000000000000000000000000009E
:20A2C00000000000000000000000000000000000000000000000000000000000000000007E
:20A2E00000000000000000000000000000000000000000000000000000000000000000005E
:20A3000000000000000000000000000000000000000000000000000000000000000000003D
:20A3200000000000000000000000000000000000000000000000000000000000000000001D
:20A340000000000000000000000000000000000000000000000000000000000000000000FD
:20A360000000000000000000000000000000000000000000000000000000000000000000DD
:20A380000000000000000000000000000000000000000000000000000000000000000000BD
:20A3A00000000000000000000000000000000000000000000000000000000000000000009D
:20A3C00000000000000000000000000000000000000000000000000000000000000000007D
:20A3E00000000000000000000000000000000000000000000000000000000000000000005D
:20A4000000000000000000000000000000000000000000000000000000000000000000003C
:20A4200000000000000000000000000000000000000000000000000000000000000000001C
:20A440000000000000000000000000000000000000000000000000000000000000000000FC
:20A460000000000000000000000000000000000000000000000000000000000000000000DC
:20A480000000000000000000000000000000000000000000000000000000000000000000BC
:20A4A00000000000000000000000000000000000000000000000000000000000000000009C
:20A4C00000000000000000000000000000000000000000000000000000000000000000007C
:20A4E00000000000000000000000000000000000000000000000000000000000000000005C
:20A5000000000000000000000000000000000000000000000000000000000000000000003B
:20A5200000000000000000000000000000000000000000000000000000000000000000001B
:20A540000000000000000000000000000000000000000000000000000000000000000000FB
:20A560000000000000000000000000000000000000000000000000000000000000000000DB
:20A580000000000000000000000000000000000000000000000000000000000000000000BB
:20A5A00000000000000000000000000000000000000000000000000000000000000000009B
:20A5C00000000000000000000000000000000000000000000000000000000000000000007B
:20A5E00000000000000000000000000000000000000000000000000000000000000000005B
:20A6000000000000000000000000000000000000000000000000000000000000000000003A
:20A6200000000000000000000000000000000000000000000000000000000000000000001A
:20A640000000000000000000000000000000000000000000000000000000000000000000FA
:20A660000000000000000000000000000000000000000000000000000000000000000000DA
:20A680000000000000000000000000000000000000000000000000000000000000000000BA
:20A6A00000000000000000000000000000000000000000000000000000000000000000009A
:20A6C00000000000000000000000000000000000000000000000000000000000000000007A
:20A6E00000000000000000000000000000000000000000000000000000000000000000005A
:20A70000000000000000000000000000000000000000000000000000000000000000000039
:20A72000000000000000000000000000000000000000000000000000000000000000000019
:20A740000000000000000000000000000000000000000000000000000000000000000000F9
:20A760000000000000000000000000000000000000000000000000000000000000000000D9
:20A780000000000000000000000000000000000000000000000000000000000000000000B9
:20A7A000000000000000000000000000000000000000000000000000000000000000000099
:20A7C000000000000000000000000000000000000000000000000000000000000000000079
:20A7E000000000000000000000000000000000000000000000000000000000000000000059
:20A80000000000000000000000000000000000000000000000000000000000000000000038
:20A82000000000000000000000000000000000000000000000000000000000000000000018
:20A840000000000000000000000000000000000000000000000000000000000000000000F8
:20A860000000000000000000000000000000000000000000000000000000000000000000D8
:20A880000000000000000000000000000000000000000000000000000000000000000000B8
:20A8A000000000000000000000000000000000000000000000000000000000000000000098
:20A8C000000000000000000000000000000000000000000000000000000000000000000078
:20A8E000000000000000000000000000000000000000000000000000000000000000000058
:20A90000000000000000000000000000000000000000000000000000000000000000000037
:20A92000000000000000000000000000000000000000000000000000000000000000000017
:20A940000000000000000000000000000000000000000000000000000000000000000000F7
:20A960000000000000000000000000000000000000000000000000000000000000000000D7
:20A980000000000000000000000000000000000000000000000000000000000000000000B7
:20A9A000000000000000000000000000000000000000000000000000000000000000000097
:20A9C000000000000000000000000000000000000000000000000000000000000000000077
:20A9E000000000000000000000000000000000000000000000000000000000000000000057
:20AA0000000000000000000000000000000000000000000000000000000000000000000036
:20AA2000000000000000000000000000000000000000000000000000000000000000000016
:20AA40000000000000000000000000000000000000000000000000000000000000000000F6
:20AA60000000000000000000000000000000000000000000000000000000000000000000D6
:20AA80000000000000000000000000000000000000000000000000000000000000000000B6
:20AAA000000000000000000000000000000000000000000000000000000000000000000096
:20AAC000000000000000000000000000000000000000000000000000000000000000000076
:20AAE000000000000000000000000000000000000000000000000000000000000000000056
:20AB0000000000000000000000000000000000000000000000000000000000000000000035
:20AB2000000000000000000000000000000000000000000000000000000000000000000015
:20AB40000000000000000000000000000000000000000000000000000000000000000000F5
:20AB60000000000000000000000000000000000000000000000000000000000000000000D5
:20AB80000000000000000000000000000000000000000000000000000000000000000000B5
:20ABA000000000000000000000000000000000000000000000000000000000000000000095
:20ABC000000000000000000000000000000000000000000000000000000000000000000075
:20ABE000000000000000000000000000000000000000000000000000000000000000000055
:20AC0000000000000000000000000000000000000000000000000000000000000000000034
:20AC2000000000000000000000000000000000000000000000000000000000000000000014
:20AC40000000000000000000000000000000000000000000000000000000000000000000F4
:20AC60000000000000000000000000000000000000000000000000000000000000000000D4
:20AC80000000000000000000000000000000000000000000000000000000000000000000B4
:20ACA000000000000000000000000000000000000000000000000000000000000000000094
:20ACC000000000000000000000000000000000000000000000000000000000000000000074
:20ACE000000000000000000000000000000000000000000000000000000000000000000054
:20AD0000000000000000000000000000000000000000000000000000000000000000000033
:20AD2000000000000000000000000000000000000000000000000000000000000000000013
:20AD40000000000000000000000000000000000000000000000000000000000000000000F3
:20AD60000000000000000000000000000000000000000000000000000000000000000000D3
:20AD80000000000000000000000000000000000000000000000000000000000000000000B3
:20ADA000000000000000000000000000000000000000000000000000000000000000000093
:20ADC000000000000000000000000000000000000000000000000000000000000000000073
:20ADE000000000000000000000000000000000000000000000000000000000000000000053
:20AE0000000000000000000000000000000000000000000000000000000000000000000032
:20AE2000000000000000000000000000000000000000000000000000000000000000000012
:20AE40000000000000000000000000000000000000000000000000000000000000000000F2
:20AE60000000000000000000000000000000000000000000000000000000000000000000D2
:20AE80000000000000000000000000000000000000000000000000000000000000000000B2
:20AEA000000000000000000000000000000000000000000000000000000000000000000092
:20AEC000000000000000000000000000000000000000000000000000000000000000000072
:20AEE000000000000000000000000000000000000000000000000000000000000000000052
:20AF0000000000000000000000000000000000000000000000000000000000000000000031
:20AF2000000000000000000000000000000000000000000000000000000000000000000011
:20AF40000000000000000000000000000000000000000000000000000000000000000000F1
:20AF60000000000000000000000000000000000000000000000000000000000000000000D1
:20AF80000000000000000000000000000000000000000000000000000000000000000000B1
:20AFA000000000000000000000000000000000000000000000000000000000000000000091
:20AFC000000000000000000000000000000000000000000000000000000000000000000071
:20AFE000000000000000000000000000000000000000000000000000000000000000000051
:20B00000000000000000000000000000000000000000000000000000000000000000000030
:20B02000000000000000000000000000000000000000000000000000000000000000000010
:20B040000000000000000000000000000000000000000000000000000000000000000000F0
:20B060000000000000000000000000000000000000000000000000000000000000000000D0
:20B080000000000000000000000000000000000000000000000000000000000000000000B0
:20B0A000000000000000000000000000000000000000000000000000000000000000000090
:20B0C000000000000000000000000000000000000000000000000000000000000000000070
:20B0E000000000000000000000000000000000000000000000000000000000000000000050
:20B1000000000000000000000000000000000000000000000000000000000000000000002F
:20B1200000000000000000000000000000000000000000000000000000000000000000000F
:20B140000000000000000000000000000000000000000000000000000000000000000000EF
:20B160000000000000000000000000000000000000000000000000000000000000000000CF
:20B180000000000000000000000000000000000000000000000000000000000000000000AF
:20B1A00000000000000000000000000000000000000000000000000000000000000000008F
:20B1C00000000000000000000000000000000000000000000000000000000000000000006F
:20B1E00000000000000000000000000000000000000000000000000000000000000000004F
:20B2000000000000000000000000000000000000000000000000000000000000000000002E
:20B2200000000000000000000000000000000000000000000000000000000000000000000E
:20B240000000000000000000000000000000000000000000000000000000000000000000EE
:20B260000000000000000000000000000000000000000000000000000000000000000000CE
:20B280000000000000000000000000000000000000000000000000000000000000000000AE
:20B2A00000000000000000000000000000000000000000000000000000000000000000008E
:20B2C00000000000000000000000000000000000000000000000000000000000000000006E
:20B2E00000000000000000000000000000000000000000000000000000000000000000004E
:20B3000000000000000000000000000000000000000000000000000000000000000000002D
:20B3200000000000000000000000000000000000000000000000000000000000000000000D
:20B340000000000000000000000000000000000000000000000000000000000000000000ED
:20B360000000000000000000000000000000000000000000000000000000000000000000CD
:20B380000000000000000000000000000000000000000000000000000000000000000000AD
:20B3A00000000000000000000000000000000000000000000000000000000000000000008D
:20B3C00000000000000000000000000000000000000000000000000000000000000000006D
:20B3E00000000000000000000000000000000000000000000000000000000000000000004D
:020000040047B3
:20A00000424242424242222222222222222222222222222222222222422222222222222220
:20A020002222222222222222222222222222222222422242222222222222222222222222A0
:20A040002222222222222222222242222222222222222222222222222222222222222222A0
:20A060002222222222222222222222222222222222222222222222222222222222222222A0
:20A08000222222222222222222222222222222222222222222222222222222222222222280
:20A0A000222222222222222222222222222222222222222222222222222222222222222260
:20A0C000222222222222222222222222222222222222222222222222222222222222222240
:20A0E000222222222222222222222222222222222222222222222222222222222222222220
:20A100002222222222222222222222222222222222222222222222222222222222222222FF
:20A120002222222222222222222222222222222222222222222222222222222222222222DF
:20A140002222222222222222222222222222222222222222222222222222222222222222BF
:20A1600022222222222222222222222222222222222222222222222222222222222222229F
:20A1800022222222222222222222222222222222222222222222222222222222222222227F
:20A1A00022222222222222422222222222222222222222222222222222222222222222223F
:20A1C00022222222222222222222222222222222222222222222222222222222222222223F
:20A1E00022222222222222222222222222222222222222222222222222222222222222221F
:20A200004222222222222222222222222222222222222222222222222222222222222222DE
:20A220002222222222222222222222222222222222222222222222222222222222222222DE
:20A240002222222222222222222222222222222222222222222222222222222222222222BE
:20A2600022222222222222222222222222222222222222222222222222222222222222229E
:20A2800022222222222222222222222222222222222222222222222222222222222222227E
:20A2A00022222222222222222222222222222222222222222222222222222222222222225E
:20A2C00022222222222222222222222222222222222222222222222222222222222222223E
:20A2E00022222222222222222222222222222222222222222222222222222222222222221E
:20A300002222222222222222222222222222222222222222222222222222222222222222FD
:20A320002222222222222222222222222222222222222222222222222222222222222222DD
:20A340002222222222222222222222222222222222222222222222222222222222222222BD
:20A3600022222222222222222222222222222222222222222222222222222222222222229D
:20A3800022222222222222222222222222222222222222222222222222222222222222227D
:20A3A00022222222222242222222222222222222222222222222222222222222222222223D
:20A3C00022222222222222222222222222222222222222222222222222222222222222223D
:20A3E00022222222222222222222222222222222222222222222222222222222222222221D
:20A400002222222222222222222222222222222222222222222222222222222222222222FC
:20A420002222222222222222222222222222222222222222222222222222222222222222DC
:20A440002222222222222222222222222222222222222222222222222222222222222201DD
:20A46000000000000000000000000000000000000000000000000000000001222200000097
:20A480000000000000000122222222220000000000000000000022010000000000000000EE
:20A4A000000000000022222222222222222222222222222222222222222222222222222206
:20A4C00022222222222222222222222222222222222222222222222222222222222222223C
:20A4E0002222222222222222222222222222222222222222222222222222222222222242FC
:20A500002222222222222222222222222222222222222222222222222222222222222222FB
:20A520002222222222222222222222222222222222222222222222222222222222222222DB
:20A540002222222222222222222222222222222222222222222222222222222222220100FE
:20A5600090D9D9D9D9D9D9D9D9480024D9D9D9D99000000095D9D9D9D9000001006CD9D90B
:20A58000D9D9D9D9D9B400012222220048B9D9D9D9D9D9D9D924000000B5D9D9D9D9D9D984
:20A5A000D9D9D9D96C00212222222222222222222222222222222222222222222222222258
:20A5C00022222222222222222222222222222222222222222222222222222222222222223B
:20A5E00022222222222222222222222222222222222222222222222222222222222222221B
:20A600002222222222222222222222222222222222222222222222222222222222222222FA
:20A620002222222222222222222222222222222222222222222222222222222222222222DA
:20A6400022222222222222222222222222222222222222222222222222222222220100B46B
:20A66000FDFDFDFDFDFDFDFDFD6C0024FDFDFDFDB4000000D9FDFDFDFD0000006CFDFDFD8D
:20A68000FDFDFDFDFDFDB40001210044D9FDFDFDFDFDFDFDFDB9240000FDFDFDFDFDFDFD29
:20A6A000FDFDFDFD90000122222222222222222222222222222222222222222222222222C3
:20A6C00022222222222222222222222222222222222222222222222222222222222222223A
:20A6E00022222222222222222222222222222222222222222222222222222222222222221A
:20A700002222222222222222222222222222222222222222222222222222222222222222F9
:20A720002222222222222222222222222222222222222222222222222222222222222222D9
:20A74000222222222222222222222222222222222222222222222222222222220100B4FD8F
:20A76000FDFDFDFDFDFDFDFDFD6C0024FDFDFDFDB5000000D9FDFDFDFD000090FDFDFDFD6A
:20A78000FDFDFDFDFDFDFDB448006CDDFDFDFDFDFDFDFDFDFDFDD94800FDFDFDFDFDFDFD9B
:20A7A000FDFDFDFD90000122222222222222222222222222222222222222222222222222C2
:20A7C000222222222222222222222222222222222222222222222222222222222222222239
:20A7E000222222222222222222222222222222222222222222222222222222222222222219
:20A800002222222222222222222222222222222222222222222222222222222222222222F8
:20A820002222222222222222222222222222222222222222222222222222222222222222D8
:20A84000222222222222222222222222222222222222222222222222222222220100B5FD8D
:20A86000FDFDFDD9B5B5B5B9B5480024FDFDFDFDB5000000D9FDFDFDFD0000D9FDFDFDFDCC
:20A88000B5B5B5D9FDFDFDFD6C00B5FDFDFDFDB5B5B5D9FDFDFDFD9000B5D9D9FDFDFDFDE0
:20A8A000FDD9D9D96C00012222222222222222222222222222222222222222222222222251
:20A8C000222222222222222222222222222222222222222222222222222222222222222238
:20A8E000222222222222222222222222222222222222222222222222222222222222222218
:20A900002222222222222222222222222222222222222222222222222222222222222222F7
:20A920002222222222222222222222222222222222222222222222222222222222222222D7
:20A94000222222222222222222222222222222222222222222222222222222220100B5FD8C
:20A96000FDFDFD480000000000000024FDFDFDFDB5000000D9FDFDFDFD0000D9FDFDFDFD31
:20A980002400006CFDFDFDFD6C00B5FDFDFDFD24000048FDFDFDFD9000000000D9FDFDFD5E
:20A9A000FD2400000000012222222222222222222222222222222222222222222222222223
:20A9C000222222222222222222222222222222222222222222222222222222222222222237
:20A9E000222222222222222222222222222222222222222222222222222222222222222217
:20AA00002222222222222222222222222222222222222222222222222222222222222222F6
:20AA20002222222222222222222222222222222222222222222222222222222222222222D6
:20AA4000222222222222222222222222222222222222222222222222222222220100B5FD8B
:20AA6000FDFDFDB591916C0001222124FDFDFDFDFDD9D9D9FDFDFDFDFD0000D9FDFDFDFDFA
:20AA80000000006CFDFDFDFD6C00B5FDFDFDFD24000048FDFDFDFD9000000000B5FDFDFDA5
:20AAA000FD2400000000012222222222222222222222222222222222222222222222222222
:20AAC000222222222222222222222222222222222222222222222222222222222222222236
:20AAE000222222222222222222222222222222222222222222222222222222222222222216
:20AB00002222222222222222222222222222222222222222222222222222222222222222F5
:20AB20002222222222222222222222222222222222222222222222222222222222222222D5
:20AB4000222222222222222222222222222222222222222222222222222222220100B5FD8A
:20AB6000FDFDFDFDFDFDDD906C010124FDFDFDFDFDFDFDFDFDFDFDFDFD0000D9FDFDFDFD42
:20AB80000000006CFDFDFDFD6C00B5FDFDFDFD24000028FDFDFDFD9000010000B5FDFDFDC3
:20ABA000FD24000121212222222222222222222222222222222222222222222222222222BD
:20ABC000222222222222222222222222222222222222222222222222222222222222222235
:20ABE000222222222222222222222222222222222222222222222222222222222222222215
:20AC00002222222222222222222222222222222222222222222222222222222222222222F4
:20AC20002222222222222222222222222222222222222222222222222222222222222222D4
:20AC40002222222222222222222222222222222222222222222222222222222222000024F6
:20AC6000D9DDFDFDFDFDFDFDD94C0024DDDDDDDDFDFDFDFDDDDCDCDCDC0000D8FDFDFDDC87
:20AC80000000004CFDFDDDDC4C0094DDDDDDDD24000024DDDDDDDD6C00210000B8DDDCDCCB
:20ACA000DC24002122222222222222222222222222222222222222222222222222222222BB
:20ACC000222222222222222222222222222222222222222222222222222222222222222234
:20ACE0002222222222222222222222222222222222222222222222222222222222222242F4
:20AD00002222222222222222222222222222222222222222222222222222222222222222F3
:20AD20002222222222222222222222222222222222222222222222222222222222222222D3
:20AD40002222222222222222222222222222222222222222222222222222222222220000F7
:20AD6000004CB8B8B8DCDCDCDCBC0024BCBCBCBCBC949494BCBCBCBCBC0000B8BCBCBCBC53
:20AD80000000004CBCBCBCBC4C0074BCBCBCBC04000024BCBCBCBC4C0021000098BCBCBC76
:20ADA000BC04002142222222222222222222222222222222222222222222222222222222DA
:20ADC000222222222222222222222222222222222222222222222222222222222222222233
:20ADE0002222222222222222222222222222222222222222222222222222222222222242F3
:20AE00002222222222222222222222222222222222222222222222222222222222222222F2
:20AE20002222222222222222222222222222222222222222222222222222222222222222D2
:20AE40002222222222222222222222222222222222222222222222222222222222222201D3
:20AE60000000000000BCBCBCBCBC0024BCBCBCBC7400000098BCBCBCBC0000B8BCBCBCBC6E
:20AE80000000004CBCBCBCBC4C0094BCBCBCBC04000028BCBCBCBC4C0021000098BCBCBC51
:20AEA000BC04002142222222222222222222222222222222222222222222222222222222D9
:20AEC000222222222222222222222222222222222222222222222222222222222222222232
:20AEE000222222222222222222222222222222222222222222222222222222222222222212
:20AF00002222222222222222222222222222222222222222222222222222222222222222F1
:20AF20002222222222222222222222222222222222222222222222222222222222222222D1
:20AF4000222222222222222222222222222222222222222222222222222222222100000414
:20AF60000404040424BCBCBCBCBC0024BCBCBCBC7400000098BCBCBCBC0000B8BCBCBCBC39
:20AF800028040450BCBCBCBC4C0094BCBCBCBC2804244CBCBCBCBC4C0021000098BCBCBCAC
:20AFA000BC04002142222222222222222222222222222222222222222222222222222222D8
:20AFC000222222222222222222222222222222222222222222222222222222222222222231
:20AFE000222222222222222222222222222222222222222222222222222222222222222211
:20B000002222222222222222222222222222222222222222222222222222222222222222F0
:20B020002222222222222222222222222222222222222222222222222222222222222222D0
:20B0400022222222222222222222222222222222222222222222222222222222210024BC37
:20B06000BCBCBCBCBCBCBCBCBC9C0024BCBCBCBC7400000098BCBCBCBC0000B8BCBCBCBCE0
:20B08000BCBCBCBCBCBCBCBC480094BCBCBCBCBCBCBCBCBCBCBCBC4C0021000098BCBCBCEB
:20B0A000BC04002122222222222222222222222222222222222222222222222222222222F7
:20B0C000222222222222222222222222222222222222222222222222222222222222222230
:20B0E000222222222222222222222222222222222222222222222222222222222222222210
:20B100002222222222222222222222222222222222222222222222222222222222222222EF
:20B120002222222222222222222222222222222222222222222222222222222222222222CF
:20B1400022222222222222222222222222222222222222222222222222222222210028BC32
:20B16000BCBCBCBCBCBCBCBCBC4C0024BCBCBCBC7400000098BCBCBCBC00002498BCBCBCE7
:20B18000BCBCBCBCBCBCBC4C00000470BCBCBCBCBCBCBCBCBCBC50040021000098BCBCBC32
:20B1A000BC04002122222222222222222222222222222222222222222222222222222222F6
:20B1C00022222222222222222222222222222222222222222222222222222222222222222F
:20B1E0002222222222222222224222222222222222222222222222222222222222222222EF
:20B200002222222222222222222222222222222222222222222222222222222222222222EE
:20B220002222222222222222222222222222222222222222222222222222222222222222CE
:20B2400022222222222222222222222222222222222222222222222222222222210028BC31
:20B26000BCBCBCBCBCBCBCBC4C000024BCBCBCBC7400000098BCBCBCBC0000000098BCBC82
:20B28000BCBCBCBCBCBC4C000000000074BCBCBCBCBCBCBCBC7000000022000098BCBCBC48
:20B2A000BC04002142222222222222222222222222222222222222222222222222222222D5
:20B2C00022222222222222222222222222222222222222222222222222222222222222222E
:20B2E00022222222222222222222222222222222222222222222222222222222222222220E
:20B300002222222222222222222222222222222222222222222222222222222222222222ED
:20B320002222222222222222222222222222222222222222222222222222222222222222CD
:20B340002222222222222222222222222222222222222222222222222222222221000028EC
:20B36000282828282828282400000000282828282400000024282828280000000024282895
:20B38000282828282828000001010000042828282828282828000001222200002428282896
:20B3A00028000021222222222222222222222222222222222222222222222222222222228C
:20B3C00022222222222222222222222222222222222222222222222222222222222222222D
:20B3E00022222222222222222222222222222222222222222222222222222222222222220D
:20B400002222222222222222222222222222222222222222222222222222222222222222EC
:20B420002222222222222222222222222222222222222222222222222222222222222222CC
:20B44000222222222222222222222222222222222222222222222222222222222100000013
:20B460000000000000000000000000000000000000000000000000000000000100000000CB
:20B480000000000000000001222221000000000000000000000001222222000000000000DF
:20B4A0000000000122222222222222222222222222222222222222222222222222222222D3
:20B4C00022222222222222222222222222222222222222222222222222222222222222222C
:20B4E00022222222222222222222222222222222222222222222222222222222222222220C
:20B500002222222222222222222222222222222222222222222222222222222222222222EB
:20B520002222222222222222222222222222222222222222222222222222222222222222CB
:20B54000222222222222222222222222222222222222222222222222222222222200000011
:20B56000000000000000000001210000000000000000000000000000000000222100000066
:20B58000000000000000012222222201000000000000000000012222222200000000000098
:20B5A0000000002122222222222222222222222222222222222222222222222222222222B2
:20B5C00022222222222222222222222222222222222222222222222222222222222222222B
:20B5E00022222222222222222222222222222222222222222222222222222222222222220B
:20B600002222222222222222222222222222222222222222222222222222222222222222EA
:20B620002222222222222222222222222222222222222222222222222222222222222222CA
:20B640002222222222222222222222222222222222222222222222222222222222222222AA
:20B6600022222222222222222222222222222222222222222222222222222222222222228A
:20B6800022222222222222222222222222222222222222222222222222222222222222226A
:20B6A00022222222222222222222222222222222222222222222222222222222222222224A
:20B6C00022222222222222222222222222222222222222222222222222222222222222222A
:20B6E00022222222222222222222222222222222222222222222222222222222222222220A
:20B700002222222222222222222222222222222222222222222222222222222222222222E9
:20B720002222222222222222222222222222222222222222222222222222222222222222C9
:20B740002222222222222222222222222222222222222222222222222222222222222222A9
:20B76000222222222222222222222222222222222222222222222222222222222222222289
:20B78000222222222222222222222222222222222222222222222222222222222222222269
:20B7A000222222222222222222222222222222222222222222222222222222222222222249
:20B7C000222222222222222222222222222222222222222222222222222222222222222229
:20B7E000222222222222222222222222222222222222222222222222222222222222222209
:20B800002222222222222222222222222222222222222222222222222222222222222222E8
:20B820002222222222222222222222222222222222222222222222222222222222222222C8
:20B840002222222222222222222222222222222222222222222222222222222222222222A8
:20B86000222222222222222222222222222222222222222222222222222222222222222288
:20B88000222222222222222222222222222222222222222222222222222222222222222268
:20B8A000222222222222222222222222222222222222222222222222222222222222222248
:20B8C000222222222222222222222222222222222222222222222222222222222222222228
:20B8E000222222222222222222222222222222222222222222222222222222222222222208
:20B90000000000000000000000000000000000000000000000000000000000000000000027
:20B92000000000000000000000000000000000000000000000000000000000000000000007
:20B940000000000000000000000000000000000000000000000000000000000000000000E7
:20B960000000000000000000000000000000000000000000000000000000000000000000C7
:20B980000000000000000000000000000000000000000000000000000000000000000000A7
:20B9A000000000000000000000000000000000000000000000000000000000000000000087
:20B9C000000000000000000000000000000000000000000000000000000000000000000067
:20B9E000000000000000000000000000000000000000000000000000000000000000000047
:20BA0000000000000000000000000000000000000000000000000000000000000000000026
:20BA2000000000000000000000000000000000000000000000000000000000000000000006
:20BA40000000000000000000000000000000000000000000000000000000000000000000E6
:20BA60000000000000000000000000000000000000000000000000000000000000000000C6
:20BA80000000000000000000000000000000000000000000000000000000000000000000A6
:20BAA000000000000000000000000000000000000000000000000000000000000000000086
:20BAC000000000000000000000000000000000000000000000000000000000000000000066
:20BAE000000000000000000000000000000000000000000000000000000000000000000046
:20BB0000808080808080808080808080808080808080808080808080808080808080806045
:20BB2000606080808080808080808080808080808080808080808080808080808080808045
:20BB4000808080608080808080808080808080808080808080808080808080808080808005
:20BB60006080808080808080806060608080808080608080808080808060808080808060A5
:20BB80008080808080808080808080808080808080808080808080808080808080808080A5
:20BBA000808080808080808080808080808080808080808080808080808080808080808085
:20BBC000808080808080808080808080808080808080808080808080808080808080808065
:20BBE000808080808080808080808080808080808080808080808080808080606080808085
:20BC0000808080808080808080808080808080808080808080808080808080808080808024
:20BC2000808080808080808080808080808080808080808080808080808080808080808004
:20BC40008080808080808080808080808080808080808080808080808080808080808080E4
:20BC60008080808080808080808080808080808080808080808080808080808080808080C4
:20BC80008080808080808080808080808080808080808080808080808080808080808080A4
:20BCA000808080808080808080808080808080808080808080808080808080808080808084
:20BCC000808080808080808080808080808080808080808080808080808080808080808064
:20BCE000808080808080808080808080808080808080808080808080808080808080808044
:20BD0000808080808080808080808080808080808080808080808080808080808080808023
:20BD2000808080808080808080808080808080808080808080808080808080808080808003
:20BD40008080808080808080808080808080808080808080808080808080808080808080E3
:20BD60008080808080808080808080808080808080808080808080808080808080808080C3
:20BD8000808080808080808080808080604040404040402020608080808080808080808023
:20BDA000808080808080808080808080808080808080808080808080808080808080808083
:20BDC000808080808080808080808080808080808080808080808080808080808080808063
:20BDE000808080808080808080808080808080808080808080808080808080808080808043
:20BE0000808080808080808080808080808080808080808080808080808080808080808022
:20BE20008080808080808080808080808080808080808080808080844449446080808080CD
:20BE40008080808080808080808080808080808080808080808080808080808080808080E2
:20BE60008080808080808080808080808080808080808080808080808080808080808080C2
:20BE80008080808080808080808080600000000000000000004060808080808080808080A2
:20BEA00080808080808080808080808080808080808080808080808080808080808080AC56
:20BEC000808080808080808080AC8480808080808080808080808080808080808080808032
:20BEE000808080808080808080808080808080808080808080808080808080808080808042
:20BF0000808080808080808080808080808080808080808080808080808080808080808021
:20BF2000808080808080808080808080808080808080808080808089FFFFB6408080808004
:20BF40008080808080808080808080808080808080808080808080808080808080808080E1
:20BF60008080808080808080808080808080808080808080808080808080808080808080C1
:20BF8000808080808080808080804000040C18181818181404002060808080808080808041
:20BFA00080808080808080808080808080808080808080808494888480808084848080B81D
:20BFC000B08080808084808088DCAC80808080848480808080808080808080808080808095
:20BFE000808080808080808080808080808080808080808080808080808080808080808041
:020000040048B2
:20A00000808080808080808080808080808080808080808080808080808080808080808040
:20A0200080808080808080808080808080808080808080808080A9FFFFFFDB4420808080BB
:20A04000808080808080808080808080808080808080808080808080808080808080808000
:20A060008080808080808080808080808080808080808080808080808080808080808080E0
:20A08000808080808080808080400004181C3C9E9E9E7D1C181400206080808080808080ED
:20A0A0008080808080ACB0888080808080B0B8D08480808084BCBCD884808090B08084BC28
:20A0C000FCAC8480B4948088D8DCAC808080ACD8B4808080808084848080808080808080E4
:20A0E000808080808080808080808080808080808080808080808080808080808080808060
:20A1000080808080808080808080808080808080808080808080808080808080808080803F
:20A1200080808080808080808080808080808080808080808064DBFFFFFFFFDB2440608045
:20A140008080808080808080808080808080808080808080808080808080808080808080FF
:20A160008080808080808080808080808080808080808080808080808080808080808080DF
:20A180008080808080808080600008181C5CDFFFFFFFFF9E1C1C1400208080808080808062
:20A1A0008080808080B4DCDCD8D4ACACA8888CFCFDD0A48084D8BCBCDC8480B0DCB084BCD6
:20A1C000FCFDD480B49880B4DCDCB08484D4DCB484808080A8B0D9D98480808080808080CC
:20A1E00080808080808080808080808080808080808080808080808080808080808080805F
:20A2000080808080808080808080808080808080808080808080808080808080808080803E
:20A22000808080808080808080808080808080808080806020DBFFFFFFFFFFFFFF24408066
:20A240008080808080808080808080808080808080808080808080808080808080808080FE
:20A260008080808080808080808080808080808080808080808080808080808080808080DE
:20A28000808080808080806020000C181C3C9EFFFFFFFF7D1C1C1804004080808080808097
:20A2A0008080808080A8B4FCFCFCFCDCBCB874DCDCFDDC88DCDCDC9CBCD888BCDCDCB8BCC1
:20A2C000FDFDFDDDDC988CDCDCDCFDFDD9DC9C9894B0D4D5FDFDFDFDAC8080808080808026
:20A2E00080808080808080808080808080808080808080808080808080808080808080805E
:20A3000080808080808080808080808080808080808080808080808080808080808080803D
:20A320008080808080808080808080808080808080804044DBFFFFFFFFFFFFFFFFFF49205E
:20A340008080808080808080808080808080808080808080808080808080808080808080FD
:20A360008080808080808080808080808080808080808080808080808080808080808080DD
:20A380008080808080808060000C18181C1C3C5D5D5D3C1C1C1C181400208080808080803A
:20A3A0008080808080808488BCDCFC583818181414141410141414141414141414141818E5
:20A3C00018343414181414141414343834140C08084CFCFDFDFDDCB08080808080808080D2
:20A3E00080808080808080808080808080808080808080808080808080808080808080805D
:20A4000080808080808080808080808080808080808080808080808080808080808080803C
:20A42000808080808080808080808080808080806040246DFFFFFFFFFFFFFFFFFFFFB66DD2
:20A4400040608080808080808080808080808080808080808080808080808080808080805C
:20A460008080808080808080808080808080808080808080808080808080808080808080DC
:20A480008080808080808060000C18181C1C1C3C3C1C1C1C1C1C1414002080808080808000
:20A4A0008080808080808068749CBC1814183434343434341414143414141414141414145C
:20A4C00014141414183834343434381414383434101454FCDC9C7888808080808080808020
:20A4E00080808080808080808080808080808080808080808080808080808080808080805C
:20A5000080808080808080808080808080808080808080808080808080808080808080803B
:20A52000808080808080808080808080808080806000B6FFFFFFFFFFFFFFFFFFFFFFFFFF12
:20A540000040808080808080808080808080808080808080808080808080808080808080BB
:20A560008080808080808080808080808080808080808080808080808080808080808060FB
:20A580008080808080808060000C18181C1C1C3C3C3C1C1C1C1C14140420808080806080FB
:20A5A00080608080808080646C90BC181459FFFFFFFFFFFFB60CDEFFFF2834FFFFFFFFFFAB
:20A5C000FF961014BEFFFFFFFFFFFF2838FFFFFF4D1038DC98688480808080808080808038
:20A5E00080808080808080808080808080808080808080808080808080808080808080805B
:20A6000080808080808080808080808080808080808080808080808080808080808080803A
:20A620008080808080808080808080808080802000B6FFFFFFFFFFFFFFFFFFFFFFFFFFFFD2
:20A64000DB440060808080808080808080808080808080808080808080808080808080807B
:20A660008080808080808080808080808080808080808080808080808080808080D2DBD6D7
:20A680002060808080806060000C18181C3C1C3C3C3C3C1C1C1C141404208080808080803A
:20A6A000D2DB448080808080A8ACDC141459FFFFFFDBFFFFB608DFFFFF2430FFFFFFDBFFDC
:20A6C000FFFF9210DFFFFFDBDBDBDB2414FFFFFF6D0C38FCBCBC9080808080808080808027
:20A6E00080808080808080808080808080808080808080808080808080808080808080805A
:20A70000808080808080808080808080808080808080808080808080808080808080808039
:20A72000808080808080808080808080808060206DFFFFFFFFFFFFFFFFFFFFFFFFFFFFFF3B
:20A74000FF924920608080808080808080808080808080808080808080808080808080801F
:20A760008080808080808080808080808080808080808080808080806080808084D6FFFFA1
:20A780002460808080808060000C18181C3C3C3C3C1C1C3C3C1C181404206080808080840D
:20A7A000FBFF246080D9D9F9FDFDFD141459FFFFBA040404040CDFFFFF2430FFFFDB049204
:20A7C000FFFF920CDFFFFF240404080818FFFFFF4D0C38FDFDB08884808080808080808068
:20A7E000808080808080808080808080808080808080808080808080808080808080808059
:20A80000808080808080808080808080808080808080808080808080808080808080808038
:20A8200080808080808080808080808080804049FFFFFFFFFFFFFFFFFFFFFFFFFFFFFFFF9F
:20A84000FFFFDB00608080808080808080808080808080808080808080808080808080803F
:20A8600080808080808080808080808080808080808080808080808080608080FFFFFFFFFC
:20A88000FFB2848080808060000C18181C1C3C3C3C1C3C3C1C1C181400208060608084FFA0
:20A8A000FFD6D8D8D9FDFDFD987854141459FFFFFF9296551414DFFFFF2430FFFFFF92DB21
:20A8C000FFFF6D0CDFFFFFBABA9A341418FFFFB6001038FDFDFCDCDCD484808080808080B4
:20A8E000808080808080808080808080808080808080808080808080808080808080808058
:20A90000808080808080808080808080808080808080808080808080808080808080808037
:20A920008080808080808080808080808080402492929292B6FFFFFFFFFFFFFFFFFFB6B652
:20A9400092926D006080808080808080808080808080808080808080808080808080808086
:20A96000808080808080808080808080808080808080808080808080606064DBFFFFFFFFDC
:20A98000FFFF4940608080600004101818183C1C1C1C1C1C18181810002080606085DBFF35
:20A9A000FFDAB4B494BCDCDC785454141459FFFFFFFFFF961018DFFFFF2430FFFFFFFFFFC8
:20A9C000FF96000CDFFFFFFFFFFF4D1418FFFFB60814144C4C94FCFCFCFCFCD880808080AF
:20A9E000808080808080808080808080808080808080808080808080808080808080808057
:20AA0000808080808080808080808080808080808080808080808080808080808080808036
:20AA2000808080808080808080808080808060400000000024FFFFFFFFFFFFFFFFFF00005B
:20AA40000000002060808080808080808080808080808080808080808080808080808080F6
:20AA6000808080808080808080808080808080808080808080808080806069FFFFFFFFFF92
:20AA8000FFFF9200208080600000081818181818181818181818180400208080606DFFFF8F
:20AAA000FFFFFBDB6D24446CD8FDDD181459FFFFDB4949240C18DFFFFF0430FFFFDB49B6AE
:20AAC000FFDB4910DFFFFF4D2828041018FFFFB60818149494B8FCFCD8B0ACAC80808080FD
:20AAE000808080808080808080808080808080808080808080808080808080808080808056
:20AB0000808080808080808080808080808080808080808080808080808080808080808035
:20AB2000808080808080808080808080808080806040602024FFFFFFFFFFFFFFFFFF0000DA
:20AB4000606060808080808080808080808080808080808080808080808080808080808055
:20AB600080808080808080808080808080808080808080808080808080D2FFFFFFFFFFFF89
:20AB8000FFFFFFB66940808080000410181818181818181818140C0020808080D6FFFFFF5A
:20ABA000FFFFFFFFFF8D206094B4B4181859FFFFB60410101418DFFFFF0430FFFFB6049AA1
:20ABC000FFFF910CDFFFFF717171551418514D240C1838FCFCB0ACAC848080808080808007
:20ABE000808080808080808080808080808080808080808080808080808080808080808055
:20AC0000808080808080808080808080808080808080808080808080808080808080808034
:20AC2000808080808080808080808080808080808080804024FFFFFFFFFFFFFFFFFF002019
:20AC40008080808080808080808080808080808080808080808080808080808080808080F4
:20AC600080808080808080808080808080808080808080808080808064FFFFFFFFFFFFFF77
:20AC8000FFFFFFFFB60060808040000414141818181818181410002040808085FFFFFFFFA1
:20ACA000FFFFFFFFFFFF49406084B8181859FFFFB60818181818DFFFFF0430FFFFB6047D8A
:20ACC000FFFF920CDFFFFFFFFFFFFF2814DFFF920C1838FCAC6080808080808080808080EF
:20ACE000808080808080808080808080808080808080808080808080808080808080808054
:20AD0000808080808080808080808080808080808080808080808080808080808080808033
:20AD2000808080808080808080808080808080808080804024FFFFFFFFFFFFFFFFFF002018
:20AD40008080808080808080808080808080808080808080808080808080808080808080F3
:20AD6000808080808080808080808080808080808080808080808044FFFFFFFFFFFFFFFF17
:20AD8000FFFFFFFFFFD6206080804000000410101010100400000060808044FFFFFFFFFF2B
:20ADA000FFFFFFFFFFFFFF4924B8BC181859DBBA7108181818189AB6B60030DBDB920859E3
:20ADC000DBDB6D0C9ADBDBBBB6B6BA24109AB66D0C1838FCDCB8888080808080808080802E
:20ADE000808080808080808080808080808080808080808080808080808080808080808053
:20AE0000808080808080808080808080808080808080808080808080808080808080808032
:20AE2000808080808080808080808080808080808080804024FFFFFFFFFFFFFFFFFF002017
:20AE40008080808080808080808080808080808080808080808080808080808080808080F2
:20AE60008080808080808080808080808080808080808080808080209292B6FFFFFFFFFF5D
:20AE8000FFFFFFB6B6920040808060400000000000000000000060808080249292DBFFFFD6
:20AEA000FFFFFFFFFFB6B68E008CBC3818180804040C1818181810080404100804040C1411
:20AEC00008080810140804040404040414100808101858FCFCB480808080808080808080B6
:20AEE000808080808080808080808080808080808080808080808080808080808080808052
:20AF0000808080808080808080808080808080808080808080808080808080808080808031
:20AF2000808080808080808080808080808080808080804024FFFFFFFFFFFFFFFFFF002016
:20AF40008080808080808080808080808080808080808080808080808080808080808080F1
:20AF6000808080808080808080808080808080808080808080808060000024FFFFFFFFFFD2
:20AF8000FFFFFF240000006080808080000020202024240000008080808040000049FFFF01
:20AFA000FFFFFFFFDB0000000090DCBC58385858585858385858585858583458585C5C580E
:20AFC000585834585C58345858585858385858585858DCFCFCFCD48480808080808080807D
:20AFE000808080808080808080808080808080808080808080808080808080808080808051
:20B00000808080808080808080808080808080808080808080808080808080808080808030
:20B02000808080808080808080808080808080808080804024FFFFFFFFFFFFFFFFFF002015
:20B040008080808080808080808080808080808080808080808080808080808080808080F0
:20B06000808080808080808080808080808080808080808080808060202024FFFFFFFFFF91
:20B08000FFFFFF2400202060808080800024F7D3D3FFB6B200008080808060202049FFFFE0
:20B0A000FFFFFFFFDB002020408C888084B4D4DCFCFCF884D4DCFCFCDCB084B8BCD8FCFC4D
:20B0C000FCBC84D4BC9484D8DCDCD8A8D4FCFCDC8488D4D4D8DCDCB88480808080808080D4
:20B0E000808080808080808080808080808080808080808080808080808080808080808050
:20B1000080808080808080808080808080808080808080808080808080808080808080802F
:20B12000808080808080808080808080808080808080804024FFFFFFFFFFFFFFFFFF002014
:20B140008080808080808080808080808080808080808080808080808080808080808080EF
:20B16000808080808080808080808080808080808080808080808080806024FFFFFFFFFFD0
:20B18000FFFFFF2440808080808080800024F7D3D3FFB6B200008080808080806049FFFFFF
:20B1A000FFFFFFFFDB0060808080808080808CDCDCB0808080B0DCDCD880808C7884B0BC30
:20B1C000BC78848074708084B8BCB08080B0D8DCB08080808488ACB4848080808080808027
:20B1E00080808080808080808080808080808080808080808080808080808080808080804F
:20B2000080808080808080808080808080808080808080808080808080808080808080802E
:20B22000808080808080808080808080808080808080804024FFFFFFFFFFFFFFFFFF002013
:20B240008080808080808080808080808080808080808080808080808080808080808080EE
:20B26000808080808080808080808080808080808080808080808080806024FFFFFFFFFFCF
:20B28000FFFFFF0040808080808080800024F7D3D3FFB2B200008080808080804049FFFF46
:20B2A000FFFFFFFFDB006080808080808080B4D48480808080B0DCDC888080846C84849C47
:20B2C000BC9084808488808080B8B0808080A8D4D0848080808080808080808080808080DA
:20B2E00080808080808080808080808080808080808080808080808080808080808080804E
:20B3000080808080808080808080808080808080808080808080808080808080808080802D
:20B32000808080808080808080808080808080808080804024FFFFFFFFFFFFFFFFFF002012
:20B340008080808080808080808080808080808080808080808080808080808080808080ED
:20B36000808080808080808080808080808080808080808080808080806000494949494980
:20B380004949490040808080808080800024F7D3D3FFB6B2000080808080808060204949D8
:20B3A000494949494900608080808080808080808080808080ACDCAC808080808080809874
:20B3C0009C8C80808080808080B0AC808080808080808080808080808080808080808080E9
:20B3E00080808080808080808080808080808080808080808080808080808080808080804D
:20B4000080808080808080808080808080808080808080808080808080808080808080802C
:20B4200080808080808080808080808080808080808080400092B6B6B6B6B6B6B69200200E
:20B440008080808080808080808080808080808080808080808080808080808080808080EC
:20B4600080808080808080808080808080808080808080808080808080806000000000006C
:20B480000000000040808080808080800024F7D3D3FFB6B2000080808080808080600000E4
:20B4A000000000000000608080808080808080808080808080848480808080808080806CB8
:20B4C000748880808080808080808080808080808080808080808080808080808080808070
:20B4E00080808080808080808080808080808080808080808080808080808080808080804C
:20B5000080808080808080808080808080808080808080808080808080808080808080802B
:20B520008080808080808080808080808080808080808060400000000000000000000020CB
:20B540008080808080808080808080808080808080808080808080808080808080808080EB
:20B5600080808080808080808080808080808080808080808080808080808040404040400B
:20B580004040202060808080808080800024F7D3D3FFB6B200008080808080808060404083
:20B5A0002040404060808080808080808080808080808080808080808080808080808080CB
:20B5C00080808080808080808080808080808080808080808080808080808080808080806B
:20B5E00080808080808080808080808080808080808080808080808080808080808080804B
:20B6000080808080808080808080808080808080808080808080808080808080808080802A
:20B620008080808080808080808080808080608080808080600000000000000000000020AA
:20B640008080808080808080808080808080808080808080808080808080808080808080EA
:20B6600080808080808080808080808080808080808080808080808080808080808080400A
:20B680002024202020202020202020200024F7D3D3FFB6B2000020202020202020202020BE
:20B6A00020202020202020808080808080808080808080808080808080808080808080802A
:20B6C00080808080808080808080808080808080808080808080808080808080808080806A
:20B6E00080808080808080808080808080808080808080808080808080808080808080804A
:20B70000808080808080808080808080808080808080808080808080808080808080808029
:20B72000808080808080808080808080808080808080808080808080808080808080808009
:20B740008080808080808080808080808080808080808080808080808080808080808080E9
:20B760008080808080808080808080808080808080808080808080808080808060602000E9
:20B780000000000000000000000000000024F7D3D3FFB6B200000000000000000000000081
:20B7A000000000000000000020608080808080808080808080808080808080808080808009
:20B7C000808080808080808080808080808080808080808080808080808080808080808069
:20B7E000808080808080808080808080808080808080808080808080808080808080808049
:20B80000806080808080808080808080808080808080808080808080808080808080808048
:20B820008080808080808080808080808080808080808080806060606060608080808080C8
:20B840008080808080808080808080808080808080808080808080808080808080808080E8
:20B86000808080808080808080808080808080808080808080808080808080804000246DF7
:20B880006D6D240000000000000000000024F7D3D3FFB6B2000000000000000000000092F0
:20B8A000B6B6B6240000000000006060606060606080808080808080808080808080808022
:20B8C000808080808080808080808080808080808080808080808080808080808080808068
:20B8E000808080808080808080808080808080808080808080808080808080808080808048
:20B90000808080808080808080808080808080808080808080808080808080808080808027
:20B92000808080808080808080808080808080808080808080808080808080808080808007
:20B94000808080808080808080808060808080808080808080808080808080808080808007
:20B96000808080808080808080808080808080808080808080808080808080600024BADB2E
:20B98000B6DBB62400000000000000000024F7D3D3FFB6B2000000000000000000006DDBCC
:20B9A000B6B6DBB6000000000000000000000000404060808080808080808080808080802A
:20B9C000808080808080808080808080808080808080808080808080808080808080808067
:20B9E000808080808080808080808080808080808080808080808080808080808080808047
:20BA00008080808080808080808080808080808080808080808080808080808080806020A6
:20BA2000200000000000000000000000000000000000000000000000000000202000002086
:20BA40002000000020200000000000000000000020202080808080808080808080808080A6
:20BA6000808080808080808080808080808080808080808080808080808080400049B6B651
:20BA8000B6B6BA4900000000000024240024F7D3D3FFB6B2000000242400000000006DB65C
:20BAA000B6B6B6B60000080838585858383818080404004080808080808080808080808086
:20BAC000808080808080808080808080808080808080808080808080808080808080808066
:20BAE000808080808080808080808080808080808080808080808080808080808080808046
:20BB0000808080808080808080808080808080808080808080808080808080808060000045
:20BB2000000000000000000000000000000000000000000000000000000000000000000005
:20BB4000000000000000000000000000000000000000000060808080808080808080808005
:20BB600080808080808080808080808080808080808080808080808080806020002492B6D9
:20BB8000B6B6922400000049494D24240024F7D3D7FFB2B200002424494949000000006DA4
:20BBA000B6B6B624000C1C1C5DFFFFFFFFBE5C5C1C14040040808080808080808080808038
:20BBC000808080808080808080808080808080808080808080808080808080808080808065
:20BBE000808080808080808080808080808080808080808080808080808080808080808045
:20BC00008080808080808080808080808080808080808080808080808080808060000000C4
:20BC200092B6B6B6B6B6B6B6B6B6B6B6B6B6B6B6B6B6B6B6B6B6B6B6B6B6B6B6B6B6B6B668
:20BC4000B6B6B6B6B6B6B6B6B6B6B6B6B6B6B6B6B649000000608080808080808080808025
:20BC6000808080808080808080808080808080808080808080808080808040000000244917
:20BC80004949000000246D49240000000024D3B3B2DBB2B2000000000024496D240000007B
:20BCA00000000000101C3C3C3C7D7D7D7D5DBDDD9D1C1C08004060808080808080808080BC
:20BCC000808080808080808080808080808080808080808080808080808080808080808064
:20BCE000808080808080808080808080808080808080808080808080808080808080808044
:20BD0000808080808080808080808080808080808080808080808080808080802000000003
:20BD2000B6DBDBDBDBDBDBDBDBDBDBDBDBDBDBDBDBDBDBDBDBDBDBDBDBDBDBDBDBDBDBDBC8
:20BD4000DBDBDBDBDBDBDBDBDBDBDBDBDBDBDBDBDB490000004080808080808080808080CF
:20BD6000808080808080808080808080808080808080808080808080808040000000000083
:20BD800000000000246D4900000000000024B2B2B2B2B2B200000000000000246D4900009F
:20BDA00000000010181C3C3C3C1C1C1C1C1C7CBDBD5C3C14000020606080808080808080FD
:20BDC000808080808080808080808080808080808080808080808080808080808080808063
:20BDE000808080808080808080808080808080808080808080808080808080808080808043
:20BE0000808080808080808080808080808080808080808080808080808080600000000042
:20BE2000242424242424242424242424242424242424242424242424242424242424242482
:20BE400024242424242424242424242424242424240000000020608080808080808080807E
:20BE6000808080808080808080808080808080808080808080808080804000000000000002
:20BE8000000000006D49000000006D4900006DB2B2B2B2490000496D00000000246D490028
:20BEA00000000010181C3C3C3C1C1C1C1C1C1C5CBDFEBD14006D00004080808080808080CD
:20BEC000808080808080808080808080808080808080808080808080808080808080808062
:20BEE000808080808080808080808080808080808080808080808080808080808080808042
:20BF0000808080808080808080808080808080808080808080808080808080200000000081
:20BF2000242424242424242424242424242424242424242424242424242424242424242481
:20BF4000242424242424242424242424242424242424000000006080808080808080808079
:20BF6000808080808080808080808080808080808080808080808080802000000000000021
:20BF80000000004949000000004949000000002424242400000000494900000000246D24A6
:20BFA00000000010181C3C3C3C1C1C1C1C1C1C3C7C9D7D1400B69200208080808080808013
:20BFC000808080808080808080808080808080808080808080808080808080808080808061
:20BFE000808080808080808080808080808080808080808080808080808080808080808041
:020000040049B1
:20A0000080808080808080808080808080808080808080808080808080808020000000247C
:20A020002424242424249292B6B692496D929292929249242449929292924924246D929252
:20A04000929249246D929292929292242424242424240000000060808080808080808080BA
:20A060008080808080808080808080808080808080808080808080804000000000000000A0
:20A080000000006D49000000004949000000000000000000000000496D00000000246D240D
:20A0A0000096001018183C3C3C1C1C1C1C1C1C1C1C1C1C0C00B6DB002080808080808080C1
:20A0C000808080808080808080808080808080808080808080808080808080808080808080
:20A0E000808080808080808080808080808080808080808080808080808080808080808060
:20A100008080808080808080808080808080808080808080808080808080600000000024BB
:20A120002424242424B6FFFFFFFFFF4992FFFFFFFFFFDB4949DBFFFFFFFFB6496DFFFFFF37
:20A14000FFFFB624DBFFFFFFFFFFFF24242424242424000000004080808080808080808096
:20A160008080808080808080808080808080808080808080808080802000000000000000BF
:20A180000000006D4900000000496D000000000000000000000024494900000000246D24E8
:20A1A00000B600001018181C1C3C3C1C1C1C1C1C1C18140000B6DB242080808080808080D0
:20A1C00080808080808080808080808080808080808080808080808080808080808080807F
:20A1E00080808080808080808080808080808080808080808080808080808080808080805F
:20A200008080808080808080808080808080808080808080808080808080400000000024DA
:20A220002424242424FFFFB66D6D492492FFFF6D92FFFF6DB6FFFF6D96FFFF49B6FFFF9231
:20A2400092FFFF24DBFFFF6D6D6D6D2424242424242424000000008080808080808080801D
:20A260008080808080808080808080808080808080808080808080602000000000000000DE
:20A280000000006D490000000000496D6D4900000000000000496D490000000000246D24E8
:20A2A00000B7240000081818181C1C1C181818181408000049DBDB24004080808080808040
:20A2C00080808080808080808080808080808080808080808080808080808080808080807E
:20A2E00080808080808080808080808080808080808080808080808080808080808080805E
:20A30000808080808080808080808080808080808080808080808080806000000000002439
:20A320002424242449FFFFDB92926D2492FFFF6D6DFFFF6DB6FFFF246DFFFF6DB6FFFF4934
:20A34000246D6D24DBFFFF926D6D24242424242424242400000000608080808080808080F2
:20A3600080808080808080808080808080808080808080808080802000000000000000003D
:20A38000000000246D4900000000002424496D6D6D6D6D6D4924240000000000246D490059
:20A3A0000092DB9224000404081414141414140804000049B6DB920000408080808080803A
:20A3C00080808080808080808080808080808080808080808080808080808080808080807D
:20A3E00080808080808080808080808080808080808080808080808080808080808080805D
:20A40000808080808080808080808080808080808080808080808080808000000000002418
:20A420002424242424DBFFFFFFFFFF6D92FFFFFFFFFFFF6DDBFFFFB6DBFFFF6DB6FFFF495A
:20A4400024242424DBFFFFFFFFFF492424242424242424000000004060808080808080800D
:20A4600080808080808080808080808080808080808080808080802000000000000000003C
:20A4800000000000496D4900000000000000000000000000000000000000002449492400E3
:20A4A000000049B692490000000000000000000000006DB6B66D000000206080808080807C
:20A4C0008080808080808080808080808060808080808080808080608080608080808080DC
:20A4E00080808080808080808080808080808080808080808080808080808080808080805C
:20A50000808080808080808080808080808080808080808080808080802000000000242453
:20A520002424242424246D6D92FFFF6D92FFFFDBB6B64924DBFFFFFFFFFFFF6DB6FFFF49E9
:20A5400024494924DBFFFF6D6D6D24242424242424242424000000006080808080808080B9
:20A5600080808080808080808080808080808080808080808080400000000000000000009B
:20A580000000000000496D49240000000000000000000000000000000000496D4924000075
:20A5A000000000004992926D00000000000000249292B6B649000000000040808080808004
:20A5C0008080808080808080808080648D9292929292929292929292929292929292929234
:20A5E0009292929292929292929292929240608080808080808080808080808080808080D1
:20A60000808080808080808080808080808080808080808080808080802000000000242452
:20A620002424242424929292B6FFFF6D92FFFF4924242424DBFFFF6D96FFFF6DB6FFFF6DBE
:20A6400092FFFF49DBFFFF926D6D6D2424242424242424240000000060808080808080804B
:20A660008080808080808080808080808080808080808080808020000000000000000000BA
:20A68000000000000000496D6D6D2424000000000000000000002424496D6D49000000002E
:20A6A000000000000000496D92929292B2B2B2B28E6D4924000000000000408060808080CC
:20A6C000808080808080808080608DDBFFFFFFFFFFFFFFFFFFFFFFFFFFFFFFFFFFFFFFFF46
:20A6E000FFFFFFFFFFFFFFFFFFFFFFFFFFDBB64544608080808080808080808080808080ED
:20A70000808080808080808080808080808080808080808080808080800000000000242471
:20A720002424242424FFFFFFFFFFDB4992FFFF4924242424DBFFFF246DFFFF6D92FFFFFF79
:20A74000FFFFDB24DBFFFFFFFFFFFF24242424242424242400000000406080808080808043
:20A7600080808080808080808080808080808080808080808060200000006DDBB6DB6D0093
:20A780000000000000000024496D6D6D494949494949494949496D6D6D6D24000000000053
:20A7A000000000000000000024498E6E6D6D6D6D006DDBDBDB92000000000060808080808C
:20A7C0008080808080808080608592FFFFDB44442444454444244444244444442424244420
:20A7E00044244424444424442444442444B6FFFFDB8D4080808080808080808080808080A9
:20A8000080808080808080808080808080808080808080808080808040000000002424248C
:20A820002424242424929292929249246D929224242424246D92922449929249246D9292B8
:20A84000929249246D929292929292242424242424242424000000000060808080808080EA
:20A86000808080808080808080808080808080808080808080200000006DDBB6B6DBDB24AA
:20A880000000000000000000000049496D6D6D6D6D6D6D6D6D6D4949000000000000000052
:20A8A0000000000000000000000000000000000024DBB6B6B6DB4900000000408080808013
:20A8C0008080808080806085C5C920DBFFDB40C540A5A564C540C5A520604060606020804E
:20A8E0008040C560A5A560C560A5A560C520DBFFB640C56040808080808080808080808060
:20A900008080808080808080808080808080808080808080808080802000000000242424AB
:20A92000242424242424242424242424242424242424242424242424242424242424242497
:20A940002424242424242424242424242424242424242424240000000040808080808080C3
:20A960008080808080808080808080808080808080808080602000000049B6B6B6B6DB2437
:20A98000000000000000000000000000002424242424242424240000000000000000000073
:20A9A0000000000000000000000000000000000024B6B6B6B6B6490000000040808080805C
:20A9C00080808080806064C560C520DBFFDB2060204040206020602000040400000000002C
:20A9E0000020402040402040204040204000DBFFB640E584A54080808080808080808080D9
:20AA00008080808080808080808080808080808080808080808080602000000000242424CA
:20AA2000242424242424242424242424242424242424242424242424242424242424242496
:20AA4000242424242424242424242424242424242424242424000000002060808080808002
:20AA600080808080808080808080808080808080808080802000000000006D9292B6490026
:20AA80000000000000000000000000000000000000000000000000000000000000000000B6
:20AAA0000000000000000000000000000000000000289292926D000000000000608080806B
:20AAC0008080808080606085206000DBFFDB40A520A58460A540A100047C9C280000000024
:20AAE00000004040A5A540A54084A440A520DBFFB6006040A5208080808080808080808045
:20AB00008080808080808080808080808080808080808080808080200000000072B6B6B601
:20AB2000B6B6B6B6B6B6B6B6B6B6B6B6B6B6B6B6B6B6B6B6B6B6B6B6B6B6B6B6B6B6B6B655
:20AB4000B6B6B6B6B6B6B6B6B6B6B6B6B6B6B6B6B6B6B6B6B6240000000040808080808023
:20AB600080808080808080808080808080808080808080400024B624000000000000000017
:20AB80000000000000000000000000000000000000000000000000000000000000000000B5
:20ABA00000000000000000000000000000000000000000000000000000B6DB49004080807B
:20ABC000808080808060204060C520DBFFDB40C540A5A560C540A5000004BC9824242404DA
:20ABE00004000020A5A560C540A5A540C520DBFFB620A540842080808080808080808080DA
:20AC0000808080808080808080808080808080808080808080808020000000006D92929271
:20AC20009292929292929292929292929292929292929292929292929292929292929292D4
:20AC400092929292929292929292929292929292929292929200000000004080808080803A
:20AC600080808080808080808080808080808080808080200049FF490000000000000000A3
:20AC80000000000000000000000000000000000000000000000000000000000000000000B4
:20ACA00000000000000000000000000000000000000000000000000049FFFF4900408080C4
:20ACC00080808080806064C584C520DBFFDB20602040402040206040000098BC98BCBCBCED
:20ACE000BC54040040402040204040204000DBFFB640C960E940608080808080808080805E
:20AD0000808080808080808080808080808080808080808080808020000000000000000093
:20AD2000000000000000000000000000000000000000000000000000000000000000000013
:20AD4000000000000000000000000000000000000000000000000000000040808080808033
:20AD600080808080808080808080808080808080808080200049FF926D6D6D6D6D6D6D6DF1
:20AD80006D6D6D6D6D6D6D6D6D6D6D6D6D6D6D6D6D6D6D6D6D6D6D4D6D6D6D6D6D6D6D6D33
:20ADA0006D6D6D6D6D6D6D6D6D6D6D6D6D6D6D6D6D6D6D6D6D6D6D6DFFFFDB24004080801E
:20ADC0008080808080604084204000DBFFDB40C540C5A560E560E9C540004C9870BC2874CC
:20ADE000BC5C0400A5C560C560C5C560C520DBFFB6204020642080808080808080808080E5
:20AE0000808080808080808080808080808080808080808080808020000000000000000092
:20AE2000000000000000000000000000000000000000000000000000000000000000000012
:20AE40000000000000000000000000000000000000000000000000000020608080808080F2
:20AE600080808080808080808080808080808080808080200000002400000000000000000E
:20AE80000000000000000000000000000000000000000000000000000000000000000000B2
:20AEA0000000000000000000000000000000000000000000000000004949000000408080C0
:20AEC000808080808060408560C520DBFFDB2040004040204020604000080C7498BC7498EB
:20AEE000BC30000040402040204040204000DBFFB640E540A52060808080808080808080EC
:20AF00008080808080808080808080808080808080808080808080804000000000000000F1
:20AF2000000000000000000000000000000000000000000000000000000000000000000011
:20AF4000000000000000000000000000000000000000000000000000206080808080808071
:20AF600080808080808080808080808080808080808080200000000024000000000000000D
:20AF80000000000000000000000000000000000000000000000000000000000000000000B1
:20AFA00000000000000000000000000000000000000000000000000000240000004080802D
:20AFC00080808080806064C984C520DBFFDB40C520A58440C540C5A52008042474BCBCBC51
:20AFE000BC242040A5C560C560A5C540C520DBFFB640C540C54080808080808080808080B9
:20B00000808080808080808080808080808080808080808080808080804000000000000070
:20B02000000000000000000000000000000000000000000000000000000000000000000010
:20B040000000000000000000000000000000000000000000000000206080808080808080F0
:20B060008080808080808080808080808080808080808040000000244900000000000000A3
:20B080000000000000000000000000000000000000000000000000000000000000000000B0
:20B0A000000000000000000000000000000000000000000000000000002424000040808008
:20B0C0008080808080604085202000DBFFDB40E540C5A560C540C5A54040002898BCBCBCC4
:20B0E000502800004060406420608040A020DBFFB6206420642080808080808080808080DC
:20B1000080808080808080808080808080808080808080808080808080806060200020200F
:20B120002020200000000000202020200000200000200020000000000000000000000020AF
:20B1400000000000000000000000000000200000202020202020608080808080808080802F
:20B160008080808080808080808080808080808080808040000000244900000000000000A2
:20B180000000000000000000000000000000000000000000000000000000000000000000AF
:20B1A000000000000000000000000000000000000000000000000000002424000040808007
:20B1C000808080808060206040C520DBFFDB002000202000200040402020000000042424A9
:20B1E00000DA4C0000000040204040204000DBFFB620802064208080808080808080808015
:20B2000080808080808080808080808080808080808080808080808080808080808080802E
:20B2200080808080608080808080808080808080808080808080808080808080608080804E
:20B2400080808080808080806060808080808080808080808080808080808080808080802E
:20B26000808080808080808080808080808080808080808040000024240000000000000046
:20B280000000000000000000000000000000000000000000000000000000000000000000AE
:20B2A00000000000000000000000000000000000000000000000000000242000606080808A
:20B2C00080808080806060C560C520DBFFDB60C540C5A460C540C5A560C5200000488D4474
:20B2E00000247930000020A54084A440A520DBFFB664C540C940808080808080808080804D
:20B3000080808080808080808080808080808080808080808080808080808080808080802D
:20B3200080808080808080808080808080808080808080808080808080808080808080800D
:20B340008080808080808080808080808080808080808080808080808080808080808080ED
:20B3600080808080808080808080808080808080808080808040000000000000000000000D
:20B380000000000000000000000000000000000000000000000000000000000000000000AD
:20B3A00000000000000000000000000000000000000000000000000000002060808080800D
:20B3C000808080808060408440600045694440602060402060206060406020202020242013
:20B3E0002000000020202060406060206020444544406040404080808080808080808080A0
:20B4000080808080808080808080808080808080808080808080808080808080608080804C
:20B4200080808080808080808080808080808080808080808080808080808080808080800C
:20B4400080808080808080808080808080808080808080808080808080808060808080800C
:20B4600080808080808080806080808080808080808080808060804000000000000000004C
:20B480000000000000000000000000000000000000000000000000000000000000000000AC
:20B4A00000000000000000000000000000000000000000000000000000406080808080806C
:20B4C00080808080808060606060808080806060606080806080808080808080808080808C
:20B4E000808080808080808080808080808080808080808080808060808080808080808468
:20B5000040404040404040404040404040404040404040404040404040404040404040402B
:20B5200040404040404040404020404040404040404040402020204040404040404040408B
:20B5400040402040404040404040404040404040404040404040404040404040404040400B
:20B5600040404040404040402020402040402020404040402020404020200000000000006B
:20B580000000000000000000000000000000000000000000000000000000000000000000AB
:20B5A00000000000000000000000000000000000000000000000002040404040404040406B
:20B5C0004040404040404040402040404040404020404040404040404040404040404040AB
:20B5E00040404020404040404040404040404040204040404040404040404040404040408B
:20B6000000000000000000000000000000000000000000000000000000000000000000002A
:20B6200000000000000000000000000000000000000000000000000000000000000000000A
:20B640000000000000000000000000000000000000000000000000000000000000000000EA
:20B660000000000000000000000000000000000000000000000000000000000000000000CA
:20B680000000000000000000000000000000000000000000000000000000000000000000AA
:20B6A00000000000000000000000000000000000000000000000000000000000000000008A
:20B6C00000000000000000000000000000000000000000000000000000000000000000006A
:20B6E00000000000000000000000000000000000000000000000000000000000000000004A
:20B700002222222222222222222222222222222222222222222222222222222222222222E9
:20B720002222222222222222222222222222222222222222222222222222222222222222C9
:20B740002222222222222222222222222222222222222222222222222222222222222222A9
:20B76000222222222222222222222222222222222222222222222222222222222222222289
:20B78000222222222222222222222222222222222222222222222222222222222222222269
:20B7A000222222222222222222222222222222222222222222222222222222222222222249
:20B7C000222222222222222222222222222222222222222222222222222222222222222229
:20B7E000222222222222222222222222222222222222222222222222222222222222222209
:20B800002222222222222222222222222222222222222222222222222222222222222222E8
:20B82000222222222222222222422222222242222222222222222222422222422222222248
:20B840002222222222222222222222222222222222222222222222222222222222222222A8
:20B86000224222222222222242222222222222422222222222222222222222222222222228
:20B880002222222222222222224222222242424222222222222222222222222242422222A8
:20B8A000222222222222222222222222222222222222222222222222222222222222222248
:20B8C000222222222222222222222222222222222222222222222222222222222222222228
:20B8E0002222222222222222222222222222222222224222222222222222222222222242C8
:20B900002222222222222222222222222222222222222222222222222222222222222222E7
:20B920002222222222222222222222222222222222222222422222222222222222222222A7
:20B940002222222222222222222222222222222222222222222222222222222222222222A7
:20B96000222222222222222242222222222222222222222222222222222222222222222267
:20B98000222222222222222222222222224222222222222222222222222222222222222247
:20B9A000222222222222222222222222222222222222222222222222222222222222222247
:20B9C000222222222222222222222222222222222222222222222222222222222222222227
:20B9E000222222222222222222222222222222222222222222222222222222222222222207
:20BA00002222222222222222222222222222222222222222222222222222222222222222E6
:20BA20002222222222222222222222222222222222222222222222222222222222222222C6
:20BA40002222222222222222222222222222222222222222222222222222222222222222A6
:20BA6000222222222222222222222222222222222222222222222222222222222222222286
:20BA8000222222222222222222222222222222222222222222222222222222222222222266
:20BAA000222222222222222222222222222222222222222222222222222222222222222246
:20BAC000222222222222222222222222222222222222222222222222222222222222222226
:20BAE000222222222222222222222222222222222222222222222222222222222222222206
:20BB00002222222222222222222222222222222222222222222222222222222222222222E5
:20BB20002222222222222222222222222222222222222222222222222222222222222222C5
:20BB40002222222222222222222222222222222222222222222222222222222222222222A5
:20BB6000222222222222222222222222222222222222222222222222222222222222222285
:20BB8000222222222222222222222222222222222222222222222222222222222222222265
:20BBA00022222222222222222222222221000021222222222222222222222222222222228B
:20BBC000222222222222222222222222222222222222222222222222222222222222222225
:20BBE000222222222222222222222222222222222222222222222222222222222222222205
:20BC00002222222222222222222222222222222222222222222222222222222222222222E4
:20BC20002222222222222222222222222222222222222222222222222222222222222222C4
:20BC40002222222222222222222222222222222222222222222222222222222222222222A4
:20BC6000222222222222222222222222222222222222222222222222222222222222222284
:20BC8000222222222222222222222222222222222222222222222222222222222222222264
:20BCA000222222222222222222010000000400000001222222222222222222222222222270
:20BCC000222222222222222222222222222222222222222222222222222222222222222224
:20BCE000222222222222222222222222222222222222222222222222222222222222222204
:20BD00002222222222222222222222222222222222222222222222222222222222222222E3
:20BD20002222222222222222222222222222222222222222222222222222222222222222C3
:20BD40002222222222222222222222222222222222222222222222222222222222222222A3
:20BD6000222222222222222222222222222222222222222222222222222222222222222283
:20BD8000222222222222222222222222222222222222222222222222222242222222222243
:20BDA0002222222222222222000004080C3810080800002222222222222222222222222249
:20BDC000222222222222222222222222222222222222222222222222222222222222222223
:20BDE000222222222222222222222222222222222222222222222222222222222222222203
:20BE00002222222222222222222222222222222222222222222222222222222222222222E2
:20BE2000222222222222222222222222222222222242222222222222222222222242222282
:20BE4000222222222222222222224222222222222222222222224222222222222222222262
:20BE6000222222422222222222222222222222222222222222222222222222222222222262
:20BE8000222222222222222222422222222222222222222222222222222222222222222242
:20BEA0002222222222222200040C181C1C3C3C3C1C0C080021224222222222222222222299
:20BEC000222222222222222222222222222222222222222222222222222222222222222222
:20BEE0002222222222222222222222222222222222222222222222222222222222222242E2
:20BF00002222222222222222222222222222222222222222422222222222222222222222C1
:20BF20002222222222222222222222222222222222222222222222222222222222222222C1
:20BF4000422222222222222222222222222222222222222222222222224222222222222261
:20BF6000222222222222422222222222222222222222222222222222222222222222222261
:20BF8000222222222222422222222222222222222222222222222222224222222222222221
:20BFA0002222222222220004101C3CBEFFFFFFDF5C1C1C08000122222222222222222222BE
:20BFC000222222222222222222222222222222222222222222222222222222222222222221
:20BFE000222222222222222222222222222222222222222222222222222222222222222201
:02000004004AB0
:20A00000222222222222222222222222222222222222224242424222222222222222222280
:20A020002222222222222222222222222222222222222222222222222222222222222222E0
:20A040002222222222222222222222222222222222222222222222222222222222222222C0
:20A060002222222222222222222222222222222222222222222222222222222222222222A0
:20A08000222222222222222222222242222222222222222222222222224222222222222240
:20A0A0002222222222220010181C7DFFFFFFFFFFBE3C181808002222222222222222222292
:20A0C000222222222222222222222222222222222222222222222222222222222222222240
:20A0E000222222222222222222222222222222222222222222222222222222222222222220
:20A100002222222222222222222222222222222222222222222222222222222222222222FF
:20A120002222222222222222222222222222222222222222222222222222222222222222DF
:20A140002222222222222222222222222222222222222222222222222222222222222222BF
:20A1600022222222222222222222222222222222222222222222222222222222222222229F
:20A1800022222222222222222222222222222222222222222222222222222222222222227F
:20A1A0002222222221000814181C3C9EFFFFFFDE3C3C1C180C000022222222222222222207
:20A1C00022222222422222222222222222222222222222222222222222222222222222221F
:20A1E00022222222222222222222222222222222222222222222222222222222222222221F
:20A200002222222222222222222222222222222222222222222222222222222222222222FE
:20A220002222222222222222222222222222222222222222222222222222222222222222DE
:20A240002222222222222222222222222222222222222222222222222222222222222222BE
:20A2600022222222222222222222222222222222222222222222222222222222222222229E
:20A2800022222222222222222222222222222222222222222222222222222222422222225E
:20A2A0002222222221001018183C3C3C3C3C3C3C3C3C1C1818040022222222222222222217
:20A2C00022222222222222222222222222222222222222222222222222222222222222223E
:20A2E00022222222222222222222222222222222222222222222222222222222222222221E
:20A300002222222222222222222222222222222222222222222222222222222222222222FD
:20A320002222222222222222222222222222222222222222222222222222222222222222DD
:20A340002222222222222222222222222222222222222222222222222222222222222222BD
:20A3600022222222222222222222222222222222222222222222222222222222222222229D
:20A3800022222222222222222222222222220149929292929292929292926D0022222222EE
:20A3A0002222222221001018183C3C3C3C3C3C3C3C3C1C1818040022222222222222222117
:20A3C00024929292929292929292929221212222222222222222222222222222222222226D
:20A3E00022222222222222222222222222222222222222222222222222222222222222221D
:20A400002222222222222222222222222222222222222222222222222222222222222222FC
:20A420002222222222222222222222222222222222222222222222222222222222222222DC
:20A440002222222222222222222222222222222222222222222222222222222222222222BC
:20A4600022222222222222222222222222222222222222222222222222222222222222229C
:20A480002222222222222222222222222222006DFFFFFFFFFFFFFFFFFFFFFF0021222222F7
:20A4A0002222222221001018183C3C3C3C3C3C3C3C3C1C1818080022222222222222220132
:20A4C00024FFFFFFFFFFFFFFFFFFFFFF0401222222222222222222222222222222222222FA
:20A4E00022222222222222222222222222222222222222222222222222222222222222221C
:20A50000222222222222222222212222222222222222222222212122222221212121212104
:20A520002122212121212122212121222122222222222222222222222222222222222222E5
:20A540002222222222222222222222222222222222222222222222222121212122222222BF
:20A560002222212222222222222222212221212122212121222222222222222122222222A4
:20A580002222222222222222222222222221006DFFFFFFFFFFFFFFFFDB6D49000122222283
:20A5A0002222222201001018183C3C3C3C3C3C3C3C3C1C1818080022222222222122220152
:20A5C000002492B6FFFFFFFFFFFFFFFF240122222222222121212121222221212121212199
:20A5E000212221212121212121212122222122222122222222222221222222222222222228
:20A6000000000000000000000000000000000000000000000000000000000000000000003A
:20A6200000000000000000000000000000000000000000000000000000000000000000001A
:20A640000000000000000000000000000000000000000000000000000000000000000000FA
:20A660000000000000000000000000000000000000000000000000000000000000000000DA
:20A680000000000000000000000000000000006DFFFFFFFFFFFFFFFF240000000000000031
:20A6A0000000000000001018183C3C3C3C3C3C3C3C3C1C18180400000000000000000000EE
:20A6C00000000024FFFFFFFFFFFFFFFF24000000000000000000000000000000000000003A
:20A6E00000000000000000000000000000000000000000000000000000000000000000005A
:20A70000202020202020202020202020202040202020202020202020202020202020202019
:20A72000202020202020202020202020202020202020202020202020202020202020202019
:20A740002020202020202020202020202020202020202020202020202020202020202020F9
:20A760002020202020202020202020202020202020202020202020202020202020202020D9
:20A780002020202020202020202020202020006DFFFFFFFFFFFFFFFFFF492040402020204C
:20A7A000202020202000101818183C3C3C3C3C3C3C1C181818040020202020202020404035
:20A7C000402049FFFFFFFFFFFFFFFFFF240020202020202020202020202020202020202075
:20A7E000202020202020202020202020202020202020202020202020202020202020202059
:20A80000808080608080808080608080808080808080808080808080808080806080808098
:20A820008080806080808080806080808080806080808080808080808060808060808080B8
:20A84000808060808080808060808080808060808080808080808080808080808080808058
:20A86000806080808080808060808080808060808080808080808080808080808080808038
:20A880008060608080806080606080806060006DFFFFFFFFFFFFFFFFFFFF4960808080808C
:20A8A00080806080400004141818181C1C1C1C3C1C1818180C0000808080806060808080BC
:20A8C0008049FFFFFFFFFFFFFFFFFFFF2420806060608080808060808080808080808080F5
:20A8E000808080608080808080808080808080808080808080808060808080808080808098
:20A90000808080808080808060808080808080808080808080808080808080808080808057
:20A92000606080808080808080808080806080808080808080808084FBFB8D4080808080B0
:20A94000608060808080808080808080608080808080808080808080806080808080808077
:20A96000808080808080608080808080608080808080808080808080806080808080808037
:20A980008060808080606060808080806060006DFFFFFFFFFFFFFFFFFFFFFF246080808011
:20A9A0006080608060200010181818181818181818181814040040808080608080808060A7
:20A9C00044FFFFFFFFFFFFFFFFFFFFFF24206080808080806080808080808080808080803A
:20A9E0008060808080808080808080808080608080808080806080808080806080808080D7
:20AA0000808080808080808080808080808080808080808080808080808080808080808036
:20AA2000808080808080808080808080808080808080608080808089FFFF9220608080809D
:20AA40008080808080808080808080808080808080808080808080808080808080808080F6
:20AA60008080808080808080808080808080808080808080808080808080808080808080D6
:20AA80008080808080808080608080806060006DFFFFFFFFFFFFFFFFFFFFFFDB4460808035
:20AAA000808080806040000814181818181818181818140800208080808080808080604422
:20AAC000DBFFFFFFFFFFFFFFFFFFFFFF002080808080808080808080808080808080808086
:20AAE000808080808080808080808080808080808080808080808080808080808080808056
:20AB0000808080808080808080808080808080808080808080808080808080808080808035
:20AB200080808080808080808080808080808080606080606080ADFFFFFFFFDBAD808080E4
:20AB40008080808080808080808080808080808080808080808080808080808080808080F5
:20AB60008080808080808080808080808080808080808080808080808080808080808080D5
:20AB80008080808080808080806080606060006DFFFF92B6FFFFFFFFFFFFFFFFDB4460808B
:20ABA00080808080606040000810141818181818141010000040808080808080806044DB7E
:20ABC000FFFFFFFFFFFFFFFF92B6FFFF2420808080808080808080808080808080808080F3
:20ABE000808080808080808080808080808080808080808080808080808080808080808055
:20AC0000808080808080808080808080808080808080808080808080808080808080808034
:20AC2000808080808080808080808080808080808080606060ADFFFFFFFFFFFFDB204060B2
:20AC4000808080808080808060808080808080808080808080808080808080608080808034
:20AC6000806080808080808060808080808080808080808080808080608080608080808054
:20AC80008080808080808080608080806060006DFFDB0024B6FFFFFFFFFFFFFFFFDB44409C
:20ACA00080806060808060200000040C0C0C0C0C0800000040608080808080806044D6FFF3
:20ACC000FFFFFFFFFFFFFFB6006DFFFF042080608080808080808080808080808080808056
:20ACE000808080808080808080808080808080808080808080808080808080808080808054
:20AD0000808080808080808080808080808080808080808080808080808080808080808033
:20AD2000808080808080808080808080808080808080808064B6FFFFFFFFFFFFFF49006057
:20AD40008080808080808080808080808080808080808080808080808080808080808080F3
:20AD6000808080808080808060808080808080808080808080608080808080808080808013
:20AD80008080808080808080808080808060006DDB00000024DBFFFFFFFFFFFFFFFF49202B
:20ADA000808060806080806020000000000000000000004060808080808080804024FFFF51
:20ADC000FFFFFFFFFFFFDB24000049FF002080808080808080808080808080808080808012
:20ADE000808080808080808080808080808080808080808080808080808080808080808053
:20AE0000808080808080808080808080808080808080808080806080808080808080808052
:20AE20008080808080808080808080808080808080808085FBFFFFFFFFFFFFFFFFFF924445
:20AE4000608080808080808060808080808080808080808080808080808080808080808032
:20AE6000808080808080808060808060808060808080808080808080808060608080808072
:20AE800080808080808080808080806080600000000060602024DBFFFFFFFFFFB6240040FE
:20AEA00080806080808080806000004524244524240000608080808080808080400024B6BE
:20AEC000FFFFFFFFFFDB242060400024002080806080808080808080808080808080808094
:20AEE000808080808080808080808080808080806080808080808080808080808080808072
:20AF0000808080808080808080608080808080808080808080808080808080806080808071
:20AF200080808080808080808080808080808060808060AEFFFFFFFFFFFFFFFFFFFFFF49E5
:20AF40002080808080808060608080808080608080808080808080808080608080808080D1
:20AF6000808080808080808060808080808080808080808080808080808060608080808031
:20AF80008060808080808060808080808080400000606060602049DBFFFFFF9200004060BE
:20AFA0008060606080808060600069F7D3D7FFB6B600006080608080808080606060002438
:20AFC00092FFFFFFDB240060606020002060606080808080808060808080808060808080A3
:20AFE0008080808080808080806080808080808060808080808060808080808080608080D1
:20B00000806080808080808080808080808080806080808080808080808060808080808090
:20B020008080808080808080808080808080808080608DFFFFFFFFFFFFFFFFFFFFFFFFFBB4
:20B040009220608080808080608080808080608080808080808080808080806080808060DE
:20B06000808080808080808060808080608080808080808080808080606080608080806090
:20B08000808060808060808060808080608060606060606060602049DBFF6D002060806020
:20B0A0008080608080806080600069F7D3D7FFB6B60000608080808080808080608060203B
:20B0C0000092FFDB49006080806080806060606060608080808060808060808080808080FB
:20B0E000808080808080808080806080808080808080808060808080808080808080808090
:20B1000080808080808080808080808080808080808080808080808080808080808080802F
:20B12000808080808080808080808080808080808060499292DBFFFFFFFFFFFFFFFFB692A7
:20B140004900808080808080808080808080808080808080808080808080808080808080A6
:20B160008080808080808080808080808080808080808080808080808080808080808080CF
:20B18000808080808080808080608080608080606060808080806020496D00206080808019
:20B1A0008080808080806080600069F7D3D7FFB6B60000608080808080808080808080609A
:20B1C00040006949006080808080608080608080808080808080808080808080808080805D
:20B1E00080808080808080808080808080808080808080808080808080808080808080804F
:20B2000080808080808080808080808080808080808080808080808080808080808080802E
:20B22000808080808080808080808080808080808080200000B6FFFFFFFFFFFFFFB6000089
:20B240000000808080808080808080808080808080808080808080808080808080808080EE
:20B260008080808080808080808080808080808080808080808080808080808080806080EE
:20B280008080808080808080606060808080808080608080808080600000206080808080CE
:20B2A0008080808080608080600069F7D3D7FFB6B600006080808080808080808080808079
:20B2C00080200000608080808080608080808080808080808080808080808080808080800E
:20B2E00080808080808080808080808080808080808080808080808080808080808080804E
:20B3000080808080808080808080808080808080808080808080808080808080808080802D
:20B3200080808080808080808080808080808080808060400092FFFFFFFFFFFFFFB600200C
:20B340002040808080808080808080808080608080808080808080808080808080808080AD
:20B360008080808080808080808080808080808080808080808080808080806080808080ED
:20B3800080808080808080808080808080806080806080808080808040406080808080808D
:20B3A0008080808080608080600069F7D3F7FFB6B20000608060808080808080808080807C
:20B3C0008080406080808080808080808080806080808080808080808080808080808080ED
:20B3E00080808080808080808080808080808080808080808080808080808080808080804D
:20B4000080808080808080808080808080808080808080808080808080808080808080802C
:20B4200080808080808080808080808080808080808080802092FFFFFFFFFFFFFFB600604B
:20B4400080808080808080808080808080606060808080808080808080808060808080806C
:20B4600080608080808080806080808080808080808080808080808080806080808080802C
:20B4800080808080806080606080808080808060808080808080808080808080808080802C
:20B4A0008080808080808080600069F7D3F7FFB6B20000608060608080808080608080809B
:20B4C00080808080808080806080808080808060608080808080808080808080606080800C
:20B4E00080808080808080808080808080808080808080808080808080808080808080804C
:20B5000080808080808080808080808080808080808080808080808080808080808080802B
:20B5200080808080808080808080808080808080808080802092FFFFFFFFFFFFFFB200604E
:20B5400080808080808080808080808080806080808080808080808080808080808080800B
:20B560008080808080808080808080808080808080808080808080808080808080808080CB
:20B580008080808080808080606080808080806080606080606080806040404040402020AB
:20B5A0002020202020202020200069F7D3F7FFB6B20000202020202040202020202020201A
:20B5C0002020404080808080808080808080808060808080808080808080808080808080CB
:20B5E00080808080808080808080808080808080808080808080808080808080808080804B
:20B6000080808080808080808080808080808080808080808080808080808080808080802A
:20B62000808080808080808080808080808080808080808040244949494949494924006023
:20B640008080808080808080808080808080808080808080808080808080808080808080EA
:20B660008080808080808080808080808080808080808080808080808080808080808080CA
:20B6800080808080808080808080808060806080808080808060806020006D6D6D6D000056
:20B6A0000000000000000000000069F7D3F7FFB6B2000000000000000000000000246D6DFB
:20B6C0006D4900002060808080808080808080808080808080808080808080808080808034
:20B6E00080808080808080808080808080808080808080808080808080808080808080804A
:20B70000808080808080808080808080808080808080808080806080808080808080808049
:20B720008080808080808080808080808080808080808080804000000000000000000060E9
:20B74000808080808080808060808080808080808080808080808080808080808080808009
:20B76000806080808080806080808080808060808080808080808080608060608080808089
:20B7800080608080808080806080604040608080808060606060600000B6DBB6B6DB92005F
:20B7A0000000000000000000000069F7D3F7FFB6B2000000000000000000000049B6DBB668
:20B7C000DBDB4900002060808080808080606040406080808080808080808080608080806A
:20B7E000808080808080808080808080808080806080808080808080808080808080808069
:20B80000606080808080808080808080808080808080808080608080808080808080808088
:20B8200080806060408D696080808080808080808080808080604040404040404040406032
:20B840008080808080808080608080806060608080806080808080808080808080808060A8
:20B86000808080808080808080808080808080808080606080608060606060606080806008
:20B8800080806060608060808060409292206080806060606060000000DBB6B6B6B6DB00F6
:20B8A0000000000000242424240069F7D3F7FFB6B200002448282400000000006DB6B6B620
:20B8C000B6B6920000002080808080808040006D6D40406060808080808060808080808090
:20B8E000808080808080808080808080808060808060808080808080808080808080808088
:20B90000806080808080808080808080808080808080808080808080808080808080806067
:20B920006080802024FF9200608080808080808080808080808080808080808080808080F2
:20B9400080808080808080808080808020DBFB6060806080808080808080808080808080D1
:20B960008080808080808080808080808080808080806060808080606060806080808060A7
:20B980008080808060606080600000FFFF004080808080606020000000B6B6B6B6DBB60020
:20B9A0000000004949492424240069F7D3F7FFB6B200002424496D492400000049B6B6B6D9
:20B9C000B6B66D000000002060808080804000FFDB000060608080808080808080808080B4
:20B9E000808080808080808080808080808080808080808080808080808080808080808047
:20BA0000608080808080808080808080808080808080808080808080808080808080806066
:20BA20006060808D92FF9200608080808080808080808060444949494949494944456460C6
:20BA400080808080808080808080808020DBFFB28960608080808080808080808080808071
:20BA60008080808080808080808080808080808080606060806080806060808080808060A6
:20BA800060808080606060402092B6FFFF00202020202020000000000000929292920000F8
:20BAA0000024496D24240000000069F7D3F7FFB6B2000000000000496D4900000049929267
:20BAC000926D00000000000020202020200000FFFF928D40408080808080808080808080AA
:20BAE000808080808080808080808080808080808080808080808080808080808080808046
:20BB00008080808080808080808080808080808080808080808060608080808080608060A5
:20BB2000606089FFFFFF9200202020202020206080806065D6FFFFFFFFFFFFFFFFFFB64560
:20BB400040808080604020202020202000DBFFFFDB2440808080808080808080808080802D
:20BB60008080808080808080808080808080808080808080606060806080606060806080C5
:20BB80006060608080602020B6FFFFFFFF4924242424240000000000000000000000000036
:20BBA000006D6D2400000000000069D7D3D7DBB6B2000000000000002449490000000000A4
:20BBC000000000000000000000242424242449FFFFFFFF494464608080808080808080809B
:20BBE0006080806060808080808080808080808080808080808080808080808080808080A5
:20BC0000608080808080808080606080808080808080806080806060808060806060806064
:20BC200020DBFFFFFFFFFFFFFFFFFFFFFFFFDB2060804049FFFFFFFFFFFFFFFFFFFFFF922A
:20BC4000004080206DDBDBDBDBDBDBDBDBFFFFFFFFFF6D2060608080808080608080808097
:20BC6000808060808080808080808080808080608060608080608060606060606080608044
:20BC800060606060400092DBFFFFFFFFFFFFFFFFFFFFFF0000000000000000000000000082
:20BCA0004D6D240000002424000049B2B2B2B2B2B20000042400000000246D4900000000E7
:20BCC000000000000000000000DBFFFFFFFFFFFFFFFFFFFFFF49206080808080606080800B
:20BCE0006080808060808080808080808060808080808080808080808080808080808080A4
:20BD00008080808080808080806080808060808080808060808060808080608060604020A3
:20BD2000B2FFFFFFFFFFFFFFFFFFFFFFFFFFDB0040802049FFFFFFFFFFFFFFFFFFFFFF92D3
:20BD40000040802092FFFFFFFFFFFFFFFFFFFFFFFFFFDB6D404080606080808080808080F6
:20BD6000806080808060808080808080808060606060608080808060608060606060808063
:20BD8000806060402492FFFFFFFFFFFFFFFFFFFFFFFFFF0000000000000000000000002852
:20BDA0006D2400000000494900002492B2B2B2B26D000024494900000000246D240000000A
:20BDC000000000000000000000DBFFFFFFFFFFFFFFFFFFFFFFB66940608080806080808074
:20BDE000608080808080808080808080808080808080808080808080808080808080808063
:20BE000080808080808080808060808080808080808080808080608080808080606069B683
:20BE2000FFFFFFFFFFFFFFFFFFFFFFFFFFFFDB0040802049FFFFFFFFFFFFFFFFFFFFFF9285
:20BE40000040802092FFFFFFFFFFFFFFFFFFFFFFFFFFFFFF926960608080808080808080C4
:20BE6000808080808080808080808080808060808080808080808080808060608080806042
:20BE800080406992B6FFFFFFFFFFFFFFFFFFFFFFFFFFFF0000000000000000000000006DD2
:20BEA0004900000000496D00000000244949494900000000246D2400000000496D000000D0
:20BEC000000000000000000000DBFFFFFFFFFFFFFFFFFFFFFFFFFF8D6D408080608080807A
:20BEE000808080608080808080808080808080808080808080808080808080808080808062
:20BF000080608080808080606060808080806080808080806060608080808060402492FF4C
:20BF2000FFFFFFFFFFFFFFFFFFFFFFFFFFFFDB0040802049FFFFFFFFFFFFFFFFFFFFFF9284
:20BF40000040802092FFFFFFFFFFFFFFFFFFFFFFFFFFFFFFFFB64460608080808080808045
:20BF6000808080808080808060808080808080808080808080808080606060608080806081
:20BF800060206DFFFFFFFFFFFFFFFFFFFFFFFFFFFFFFFF0000000000000000000000006D57
:20BFA0004900000000496D00000000000000000000000000246D2400000000496D00000017
:20BFC000000000000000000000DBFFFFFFFFFFFFFFFFFFFFFFFFFFFFDB00808080808080B9
:20BFE000806080808080808080808080808080808080808080808080808080808080808061
:02000004004BAF
:20A00000808080808080806080806080808080808080808080808080808080408EFFFFFF35
:20A02000FFFFFFFFFFFFFFFFFFFFFFFFFFFFDB0040802049FFFFFFFFFFFFFFFFFFFFFF92A3
:20A040000040802092FFFFFFFFFFFFFFFFFFFFFFFFFFFFFFFFFFFF6D208080808080808093
:20A06000808080808080808080808080808080808080808080808080608080606080806060
:20A080006020246D92FFFFFFFFFFFFFFFFFFFFFFFFFFFF0000000000000000000000006DBE
:20A0A0004900000000496D24000000000000000000000000496D2400000000496D000000ED
:20A0C000000000000000000000DBFFFFFFFFFFFFFFFFFFFFFFFFFF6D4900808080808080FC
:20A0E000808080808080808080808080808080808080808080808080808080808080808060
:20A100008080808080808080808080808080808080808080808080808080802092FFFFFF10
:20A12000FFFFFFFFFFFFFFFFFFFFFFFFFFFFDB0040802049FFFFFFFFFFFFFFFFFFFFFF92A2
:20A140000060802092FFFFFFFFFFFFFFFFFFFFFFFFFFFFFFFFFFFF6D208080808080808072
:20A160008080808080808080808080808080808080808080808080808080806080808080FF
:20A18000804000002492FFFFFFFFFFFFFFFFFFFFFFFFFF000000000000000000000000490D
:20A1A000490000000000496D49240000000000000000244949240000000000496D000000A3
:20A1C000000000000000000000DBFFFFFFFFFFFFFFFFFFFFFFB66D0000208080808080806C
:20A1E00080808080808080808080808080808080808080808080808080808080808080805F
:20A2000080808080808080808080808080808080808080808080808080608020246DDBFF53
:20A22000FFFFFFFFFFFFFFFFFFFFFFFFFFFFDB0040802049FFFFFFFFFFFFFFFFFFFFFF92A1
:20A240000060802092FFFFFFFFFFFFFFFFFFFFFFFFFFFFFFFFB66D24208080808080808095
:20A260008080808080808080808080808080808080808080808080808080808060808080FE
:20A280008080606000006D96FFFFFFFFFFB6B69292B69200000000000000000000000049DF
:20A2A0004924000000000000496D49242424242424496D4924000000000024496D0000005D
:20A2C00000000000000000000092B6969292B6FFFFFFFFDBB6240040606080808080808015
:20A2E00080808080808080808080808080808080808080808080808080808080808080805E
:20A300008080808080808080808080808080808080808080808080808060804000002492E7
:20A32000FFFFFFFFFFFFFFFFFFFFFFFFFFFFDB0040802049FFFFFFFFFFFFFFFFFFFFFF92A0
:20A340000040802092FFFFFFFFFFFFFFFFFFFFFFFFFFFFDB92240000208080808080808068
:20A360008080808080808080808080808080808080808080808080808080808080808080DD
:20A38000808080808040000092FFFFFFFF000000000000000000000000000000000000006F
:20A3A0006D6D240000000000000024494949494949240000000000000024496D24000000A3
:20A3C000000000000000000000000000000024FFFFFFFF6D00006080808080808080808010
:20A3E00080808080808080808080808080808080808080808080808080808080808080805D
:20A4000060808080808080808080808080808080808080808080808080808080400000001C
:20A42000B6FFFFFFFFFFFFFFFFFFFFFFFFFFDB0040802049FFFFFFFFFFFFFFFFFFFFFF6D0D
:20A44000004080206DFFFFFFFFFFFFFFFFFFFFFFFFFFFF92000000606080808080808080EB
:20A460008080808080808080808080808080808080808080808080808080808060808080FC
:20A480008080808080606020006D92FFFF000000000000000000000000000000000000005F
:20A4A000496D6D00000000000000000000000000000000000000000000496D49000000007A
:20A4C000000000000000000000000000000024FFFFB62400406080808080808080808080E0
:20A4E00080808080808080808080808080808080808080808080808080808080808080805C
:20A5000060808080808080808080808080808080608080808080808080806080606040009B
:20A520000069DBFFFFFF92000000000000000000408040006DDBDBDBDBDBDBDBDBDB920096
:20A5400000608020000000000000000024DBFFFFFFDB240000206080808080608080808020
:20A5600080808080808080808080806080808080808080808080808080808060808060803B
:20A580008080808080608060600000B6DB004060400000000000000000000000000000002A
:20A5A00000496D6D2400000000000000000000000000000000000024496D49000000000031
:20A5C000000000000000000000000000204024FFB6002060808080808080808080808080C2
:20A5E00080808060808080808080808080808080608080808080808080808080808080809B
:20A6000080808080808080808080808080808080608080808080808080806060606060601A
:20A62000000000DBFFFF6D0000000000000000004060604000000000000000000000000094
:20A6400020608060200000000000000000DBFFFFB60000004060808080808060808080806B
:20A6600080606080808080806080808080806080808080808080808080808060808080807A
:20A68000806060806060806060402000240040802000000000000000000000000000000096
:20A6A0000000246D6D6D490000000000000000000000000000496D6D6D490000000000000D
:20A6C000000000000000000000000000002000240020608080806080808080806080808076
:20A6E0008080806080808080808080808080808060808080808080808080808080608080BA
:20A70000806080808080808080808080808080808080808060806080808060606060606059
:20A720004040000049FF6D00404040404040404060808060200000000000000000000020E4
:20A7400060806080604040404040404000DBDB2400004060606080808080808080808080DF
:20A76000806080808080808060808080808080808080808080808080808080608080806059
:20A78000606080808060608060804020202040602000000024B6B6B6B600000000000000FD
:20A7A00000000024246D6D6D49000000000000000000004D4D6D6D492400000000000000E0
:20A7C0000000000092B6B6B64900000000400000006080806080608080808080808080801C
:20A7E000808080808080808080808080808080808080808080808080808080808080808059
:20A800008080808080808080808080808080808080808080808080806080608080606060D8
:20A820006060400000B6690080808080808080808080806060606060606060606060606099
:20A840008080808080808080808080802092B6000020608080808080808080808080808090
:20A860008080808080808080808080808080808080808080808080808080808080808060F8
:20A880006080808060806080808080808080802000000024DBDBDBBBFFB600000000000053
:20A8A000000000000000246D490049DBDBDBDBDBDB24006D4949240000000000000000000C
:20A8C00000000092DFB6B6DBDB4900000000408080808080808080808080808080808080DC
:20A8E000808080808080808080808080808080808080808080808080808080808080808058
:20A900008080808080808080808080808080808080808080808080808080608080606060B7
:20A920006060804020000000808080808080808080806060604020202020202020408080F7
:20A94000808080808080808080808080200000004080808080808080808080808080808017
:20A960008080808080808080808080808080808080808080808080808080808080808080D7
:20A980008080808080606080808080808080802000000024DBDBBAB6BADB00000000000078
:20A9A000000000000000000000006DFFFFFFFFFFFF490024000000000000000000000000C3
:20A9C000000000B6DBB6B6B6DB490000000020808080808080808080808080808080808000
:20A9E000808080808080808080808080808080808080808080808080808080808080808057
:20AA00008080808080808080808080808080808080808080808060808060808080606060D6
:20AA20006080606060202040808060806080808080806060608DDBDBDBDBDBDBDBB260809A
:20AA4000808080808080808060808060602020608080808080808080808080808080808036
:20AA60008080808080808080808080808080808080808080808080808080808080806080F6
:20AA8000808080806060808060808060808040000000002496DBDBDBDA7100000000000060
:20AAA000000000000000000000006DFFFFFFFFFFFF490000000000000000000000000000E6
:20AAC0000000006DBABAB6BAB62400000000006080808080808080808080808080808080EB
:20AAE000808080808080808080808080808080808080808080808080808080808080808056
:20AB0000808080808080808080808080808080808080808080808060808080808060808075
:20AB200060806060808060808060808080808060608080602092FFFFFFFFFFFFFFB6006054
:20AB4000808080808080808060808060608060608080808080808080808080808080808095
:20AB60008080808080808080808080808080808080808080808080808080808080806080F5
:20AB80008080608080606060608080808060202424000000246D6D6D490000000000000059
:20ABA000000000000000000000006DFFFFFFFFFFFF490000000000000000000000000000E5
:20ABC00000000000496D6D6D24000000004924406080808080808080808080808080808034
:20ABE000808080808080808080808080808080808080808080808080808080808080808055
:20AC0000808080808080808080808080808080808080808080806080808080806080808074
:20AC200080808060808080808080808080808080806060602092FFFFFFFFFFFFFFB60060D3
:20AC4000808080808080808080806080808060808060608080808080808080808080808074
:20AC60008080808080808080808080808080808080808080808080808080808080806080F4
:20AC8000808080808080806060808060804000B6FF0000000000000000000000000000009F
:20ACA000000000000000000000006DFFFFFFFFFFFF490000000000000000000000000000E4
:20ACC00000000000000000000000000092FF920020808080808080808080808080808080B1
:20ACE000808080808080808080808080808080808080808080808080808080808080808054
:20AD0000808080808080808080808080808080808080808080806080808080806080808073
:20AD2000808060808080808080608080808080608080608020B6FFFFFFFFFFFFFFB60060AE
:20AD4000808060808080806060808080808060808080808080808080808080608080808093
:20AD6000808080808080808080808080808080808080808080808060808060608080806053
:20AD8000806080808080806060808060802000BBFF000000000000000000000000000000D9
:20ADA00000000000000000496D6DB6FFFFFFFFFFFF926D6D4900000000000000000000000B
:20ADC000000000000000000000000049FFFF9200208080808080608080808080808080801A
:20ADE000808080808080808080808080808080806080808080808080808080808080808073
:20AE0000806080808080808080808080808080808080808080806080808060808080808092
:20AE2000808080808080806080608080808080808060808020B6FFFFFFFFFFFFFFB600608D
:20AE40008080606080808080608080808060608080808080808080808080806080808080B2
:20AE60008080808080808080608080808080808080808080808060806060606060608060F2
:20AE800080608060808060606080806060200092DB24496D6D6D6D6D6D6D6D6D6D6D6D6D8F
:20AEA0006D6D6D6D6D4900DBFFFFFFFFFFFFFFFFFFFFFFFFDB00496D6D6D6D6D6D6D6D6D60
:20AEC0006D6D6D6D6D6D6D6D6D4D49DBFF9224002060808080806080808080808060808037
:20AEE0008080806080808080808060808080808060808080808080808080808080808080B2
:20AF0000808080808080808080808080808080808080808080808080808080808080808031
:20AF2000808080808080808080808080808080808080806020B6FFFFFFFFFFFFFFB600604C
:20AF40008080808080808080808080808080808080808080808080808080808080808080F1
:20AF60008080808080808080808080808080808080808080808080808080808080808080D1
:20AF8000808080808080808080808060602000000000000000000000000000000000000051
:20AFA000000000000000006D92FFFFFFFFFFFFFFFFFFFFDA6D000000000000000000000055
:20AFC000000000000000000000000024490000002080808080808080808080808080808064
:20AFE000808080808080808080808080808080808080808080808080808080808080808051
:20B00000808080808080808080808080808080808080808080808080808080808080808030
:20B02000808080808080808080808080808080808080846949B7FFFFFFFFFFFFFFDB4949BD
:20B0400044408080808080808080808080808080808080808080808080808080808080806C
:20B060008080808080808080808080808080808080808080808080808080808080808080D0
:20B080008080808080808080808080608020000000242400000000000000000000000000E8
:20B0A000000000000000004064FBFFFFFFFFFFFFFFFFFF8D6000000000000000000000000D
:20B0C0000000000000000000000000000024000020808080808080808080808080808080AC
:20B0E000808080808080808080808080808080808080808080808080808080808080808050
:20B1000080808080808080808080808080808080808080808080808080808080808080802F
:20B12000808080808080808080808080808080808080B2FFFFFFFFFFFFFFFFFFFFFFFFFF6A
:20B14000B60060808080808080808080808080808080808080808080808080808080808059
:20B160008080808080808080808080808080808080808080808080808080808080808080CF
:20B180008080808080808080808080608020000000492400000000000000000000000000C2
:20B1A0000000000000000000408DDBFFFFFFFFFFFFFF924400000000000000000000000018
:20B1C000000000000000000000000000244900002080808080808080808080808080808062
:20B1E00080808080808080808080808080808080808080808080808080808080808080804F
:20B2000080808080808080808080808080808080808080808080808080808080808080802E
:20B220008080808080808080808080808080806060806992FFFFFFFFFFFFFFFFFFFFFF92CC
:20B240004900608080808080808080808080608080808080808080808080808080808080E5
:20B2600080808080806080806080808080808080808080808080808080808060808080802E
:20B28000808060808080808060808060802000000049240000000000000000000000000001
:20B2A000000000000000000000208DDBFFFFFFFFFF89600000000000000000000000000022
:20B2C000000000000000000000000000244900002080808080806080808080808080808081
:20B2E00080808080808080808080808080808080808080808080808080808080808060806E
:20B3000080808080808080808080808080808080808080808080808080808080808080802D
:20B320008080808080808080808080808080808060802000DBFFFFFFFFFFFFFFFFFF9200A9
:20B3400000006080808080808080808080808080808080808080808080808080808080800D
:20B3600080808080806080808080808080808060808080808060808060808080808080804D
:20B380008080808080808080808080608020000000492400000000000000000000000000C0
:20B3A000000000000000000000004049FFFFFFFF698000000000000000000000000000001F
:20B3C000000000000000000000000000244900000080808080808080808080808080808080
:20B3E00080808080808080808080808080808080808080808080808080808080808080804D
:20B4000080808080808080808080808080808080808080808080808080808080808080802C
:20B42000808080808080808080808080808080608080400092FFFFFFFFFFFFFFFFDB000087
:20B4400020606080808080808080808080808080808080808080808080808080808080808C
:20B4600080808080808080808080808080808080808080808080808080808060808060800C
:20B480008080808080808080808080606060200000242400000000000000000000000000A4
:20B4A00000000000000000000000000049FFFF4920200000000000000000000000000000BC
:20B4C000000000000000000000000000242400206080808080808080808080808080808024
:20B4E00080808080808080808080808080808080808080808080808080808080808080804C
:20B5000080808080808080808080808080808080808080808080808080808080808080802B
:20B520008080808080808080808080808080806080606040002492FFFFFFFFFFFF6D00404E
:20B5400060806060808080806080808080806080808080808080808080808080808080808B
:20B5600080808080808080808080808080808080808080808080808080806060808080800B
:20B5800080608080808080606080806060804000000000000000000000000000000000000B
:20B5A00000000000000000000000002000DBDB0000000000000000000000000000000000B5
:20B5C00000000000000000000000000000000040808080808080808080808080808080802B
:20B5E00080808080808080808080808080808080808080808080808080808080808080804B
:20B6000080808080808080808080808080808080808080808080808080806080808080804A
:20B620008080808080808080808080808080808080808060400049FFFFFFFFFF0000206026
:20B6400080806080808080806080808080806080808060808080808080808060808080808A
:20B6600080808080806080808080808080808080808080808080808060608060808060608A
:20B6800080806080808080606080808060806060200000000000000000000000000000004A
:20B6A00000000000000000000000000000000000000000000000000000000000000000008A
:20B6C00000000000000000000000000000206080808080808080808080808080808080806A
:20B6E00080808080808080808080808080808080808080808080808080808080808080804A
:20B70000808080808080808080808080808080808080808080808080808080808080808029
:20B72000808080808080808080808080808080808080808080402049BBFFB6490000608047
:20B740008080808080808080808080808080808080808080808080808080808080808080E9
:20B76000808080808080808080808080808080808080808080808060606080806080806069
:20B78000808080808080808080808080608080806060404040404040404040404040404089
:20B7A000404040404040404040404040000000000000000000000000000000000000000089
:20B7C000000000000000000000000040406080808080808080808080808080808080808089
:20B7E000808080808080808080808080808080808080808080808080808080808080808049
:20B80000808080808080808080808080808080808080808080808080808080808080808028
:20B820008080808080808080808080808080808080808080808040008DDB6D000060808093
:20B840008080808080808080808080808080808080808080808080808080808080808080E8
:20B86000808080808080808080808080808080808080808080808080606060608080608068
:20B88000808080808080806080806060606080808080808080808080808080808080808048
:20B8A000808080808080808080808080604040404040404040404040404040404040404068
:20B8C000404040404040404040406080808080808080808080808080808080808080808008
:20B8E000808080808080608080808080808080808080808080808080808080808080808068
:20B90000404040404040404040404040404040404040404040404040404040404040404027
:20B920004040404040404040404040404040404040404040404040400000002040404040E7
:20B940004040404040404040404040404040404040404040404040404040404040404040E7
:20B960004040404040404040404040404040404040404040404040404040404040404040C7
:20B980004040404040404040404040404040404040404040404040404040404040404040A7
:20B9A000404040404040404040404040404040404040404040404040404040404040404087
:20B9C000404040404040404040404040404040404040404040404040404040404040404067
:20B9E000404040404040404040404040404040404040404040404040404040404040404047
:20BA0000000000000000000000000000000000000000000000000000000000000000000026
:20BA2000000000000000000000000000000000000000000000000000000000000000000006
:20BA40000000000000000000000000000000000000000000000000000000000000000000E6
:20BA60000000000000000000000000000000000000000000000000000000000000000000C6
:20BA80000000000000000000000000000000000000000000000000000000000000000000A6
:20BAA000000000000000000000000000000000000000000000000000000000000000000086
:20BAC000000000000000000000000000000000000000000000000000000000000000000066
:20BAE000000000000000000000000000000000000000000000000000000000000000000046
:20BB0000000000000000000000000000000000000000000000000000000000000000000025
:20BB2000000000000000000000000000000000000000000000000000000000000000000005
:20BB40000000000000000000000000000000000000000000000000000000000000000000E5
:20BB60000000000000000000000000000000000000000000000000000000000000000000C5
:20BB80000000000000000000000000000000000000000000000000000000000000000000A5
:20BBA000000000000000000000000000000000000000000000000000000000000000000085
:20BBC000000000000000000000000000000000000000000000000000000000000000000065
:20BBE000000000000000000000000000000000000000000000000000000000000000000045
:20BC00002121212121222222222122222222222222222121212121222121212121222222F4
:20BC20002121212122222121222222212122222222212222222222222222222222222121CF
:20BC40002121212122212122212121212122212221222222222222222121222222222222B3
:20BC600022222222222222222222222222222222222222222222222222212121222121218A
:20BC8000212222222222222222222222222222222222222222222222222222222222222265
:20BCA000222222222222222222222222222222222222222222222222222222222222222244
:20BCC000222221212222222222212122212121212221222121222222222222222222212131
:20BCE000212122222222212222222222222222222222222222222222222222222222222207
:20BD00002222222222222222222222222222222222222222222222222222222222222222E3
:20BD20002222222222222222222222222222222222222222222222222222222222222222C3
:20BD40002222222222222222222222222222222222222222222222222222222222222222A3
:20BD6000222222422222222222222222222222222222222222222222222222222222222263
:20BD8000222222222222222222222222222222222222222222222222222222222242222243
:20BDA000222222222222222222222222222222222222222222222222222222222222222243
:20BDC0002222222122424242222222222222222222222222222222222222222222222222C4
:20BDE0002222222222222222222222222222222222224222222222222222222222222242C3
:20BE00002222222222222222222222222222222222222222222222222222222222222222E2
:20BE20002222222222222222222222222222222222222222222222222222222222222222C2
:20BE40002222222222222222222222222222222222222222222222222222222222222222A2
:20BE6000222222222222222221010101010101010101212222222221010101010101212275
:20BE80002222222101010101010101010122220101010101010101012222222222222222B5
:20BEA000222222222222222222222222222222222222222222222222222222222222000086
:20BEC0000000000000002222222222222222222222222222222222222222222222222222EE
:20BEE000222222222222222222222222222222222222222222222222222222222222222202
:20BF00002222222222222222222222222222222222222222222222222222222222222222E1
:20BF20002222222222222222222222222222222222222222222222222222222222222222C1
:20BF40002222222222222222222222222222222222222222222222222222222222222222A1
:20BF6000222222222222220124B5B5B5B5B5B5B5B5B5242122222124B5B5B5B4B49000224A
:20BF800022222148B5B5B5B5B4B4B46C00220190B4B4B4B4B4B4900001222222222222222E
:20BFA00042222222222222222222222222222222222222222222222222222222220000087F
:20BFC0000C0808080C040001222222222222222222222222222222222222222222222222FC
:20BFE0002222222222422222222222222222222222222222222222222222222222222222E1
:02000004004CAE
:20A00000222222222222222222222222222222222222222222222222222222222222222200
:20A020002222222222222222222222222222222222222222222222222222222222222222E0
:20A040002222222222222222222222222222222222222222222222222222222222222222C0
:20A06000222222222222220124FDFDFDFDFDFDFDFDFD9024212148FDFDFDFDFDFDFD90002F
:20A0800021216CFDFDFDFDFDFDFDFD900020B5FDFDFDFDFDFDFDFD240022222222222222CB
:20A0A000222222222222222222422222222222222222222222222222222222220000101C9C
:20A0C0001C3C3C3C1C14080001222222222222222222222222222222222222222222222269
:20A0E0002222222242422222222222222222222222422222222222224222222222222222A0
:20A100002222222222222222222222222222222222222222222222222222222222222222FF
:20A120002222222222222222222222222222222222222222222222222222222222222222DF
:20A140002222222222222222222222222222222222222222222222222222222222222222BF
:20A16000222222222222220148FDFDFDFDFDFDFDFDFDFDD9006CD9FDFDFDFDFDFDFDFD9030
:20A180002424FDFDFDFDFDFDFDFDFD940090FDFDFDFDFDFDFDFDFD24002222222222222277
:20A1A0002222222222422222222222222222222222222222222222222222220004141C3C79
:20A1C000BEFFFFFF7D3C1C10000122222222222222222222222221000000000000212122C1
:20A1E0002222222242222222222222222222222222222222222242222222222222222222DF
:20A200002222222222222222222222222222222222222222222222222222222222222222FE
:20A220002222222222222222222222222222222222222222222222222222222222222222DE
:20A240002222222222222222222222222222222222222222222222222222222222222222BE
:20A26000222222222222220148FDFDFDFDB5B5B9FDFDFDD900B5FDFDFDFDB5B5FDFDFDFDB9
:20A280006C24FDFDFDFDB590909090480090FDFDFDFD9090909090000022222222222222BB
:20A2A0002222222222222222222222222222222222222222222222222222210010181C9E27
:20A2C000FFFFFFFFFF5D1C180C0022222222222222220101000000040808040808040000A8
:20A2E000012122222222222222222222222222222222222222222222222222222222222240
:20A300002222222222222222222222222222222222222222222222222222222222222222FD
:20A320002222222222222222222222222222222222222222222222222222222222222222DD
:20A340002222222222222222222222222222222222222222222222222222222222222222BD
:20A36000222222222222220148FDFDFDFD240048FDFDFDD900B5FDFDFDB50000FDFDFDFD21
:20A380006C24FDFDFDFD4C00000000000090FDFDFDDD240000000000012222222222222276
:20A3A0002222222222222222222222222222222222222222222222222222000814181C3C9D
:20A3C0009EDFDFDF5D3C1C181004002222222222210000040408143C3C3C3C3C3C38100CB6
:20A3E000000000222222222222222222222222222222222222222222222222222222222283
:20A4000022222222222222222222222222222222222222222222220000000000000000002E
:20A4200000000000000000000000000000000000000000000000000000000000000000001C
:20A44000000000000000000000000021222222222222222222222222222222222222222233
:20A46000222222222222220148FDFDFDFD6C486CFDFDFDD900B5FDFDFDB50000FDFDFDFD6C
:20A480006C24FDFDFDFDFDFDDD4824020190FDFDFDFDFDFDD9242122222222222222222224
:20A4A0002222222222222222222222222222222222222222222222222221001018181C3C91
:20A4C0003C3C3C3C3C3C3C18180800222222220100040C181818385C5C5C7C7C7C38181897
:20A4E000181004000122222222222222222222222222222222222222222222222222222299
:20A50000222222222222222222222222222222222222222222210000000000000000000050
:20A5200000000000000000000000000000000000000000000000000000000000000000001B
:20A54000000000000000000000000000212222222222222222222222222222222222222254
:20A56000222222222222220128FDFDFDFDFCFCFCFCFCDC900094FDFDFDB40404DCFCFCFC61
:20A580006C0048B4FDFDFDFDFDFDD824000048DCFDFCFDFDFDFC70242122222222222222B6
:20A5A0002222222222222222222222222222222222222222222222222221001018181C1CB0
:20A5C0003C3C3C3C1C3C1C181808002222220000081418181818181818181818181818180D
:20A5E0001818180C0001222222222222222222222222222222222222222222222222222292
:20A6000022222222222222222222222222222222222222222200000092DBDBDBDBDBDBDBE1
:20A62000DBDBDBDBDBDBDBDBDBDBDBDBDBDBDBDBDBDBDBDBDBDBDBDBDBDBDBDBDBDBDBDBBA
:20A64000DBDBDBDBDBDBDBDBDBB6000000012222222222222222222222222222222222222C
:20A66000222222222222220124BCBCBCBCDCDCDCDCBC4C000074BCBCBCBCBCBCBCBCBCBC93
:20A680004C01010028B8B8BCDCDCDCBC2401000070B8B8DCDCDCDC940022222222222222D1
:20A6A0002222222222222222222222222222222222222222222222222221001018183C1C8F
:20A6C0003C3C3C3C1C1C3C18180800222201000C1418181818181818181818181818181811
:20A6E000181818181000002222222222222222222222222222222222222222222222222298
:20A700002222222222222222222222222222222222222222210000006DDBDBDBDBDBDBDB06
:20A72000DBDBDBDBDBDBDBDBDBDBDBDBDBDBDBDBDBDBDBDBDBDBDBDBDBDBDBDBDBDBDBDBB9
:20A74000DBDBDBDBDBDBDBDBDBB6000000002222222222222222222222222222222222222C
:20A76000222222222222220124BCBCBCBC4C4848484800000074BCBCBCBCBCBCBCBCBCBC9E
:20A780004C0101000000004CBCBCBCBC24010100000000B8DCDCBC9400222222222222225B
:20A7A0002222222222222222222222222222222222222222222222222221001018183C3C6E
:20A7C0003C1C1C1C3C3C3C181808002222000814181818181818181818181818181818181D
:20A7E00018181818140C002122222222222222222222222222222222222222222222222288
:20A80000222222222222222222222222222222222222222200000000002424242424242494
:20A82000242424242424242424242424242424242424242424242424242424242424242498
:20A8400024242424242424242424000000002222222222222222222222222222222222222C
:20A86000222222222222220124BCBCBCBC040000000000000074BCBCBCBC9898BCBCBCBC4D
:20A880004C002870504C7094BCBCBCBC24005070504C70BCBCBCBC980022222222222222DE
:20A8A0002222222222222222222222222222222222222222222222222221001018181C3C8D
:20A8C0001C1C1C1C1C3C1C1818080022000010183838383838183838183838383838181812
:20A8E000383838383810000022222222222222222222222222222222222222222222222200
:20A90000222222222222222222222222222222222222222100000000242424242424494926
:20A92000494949244949494949492424244949494949242424494949494924244949494944
:20A94000494924242424242424240000000001222222222222222222222222222222222202
:20A96000222222222222220124BCBCBCBC240001010122220074BCBCBC940000BCBCBCBC3D
:20A980004C0070BCBCBCBCBCBCBCBCBC2400BCBCBCBCBCBCBCBCDC940022222222222222FD
:20A9A0002222222222222222222222222222222222222222222222222221000814181818C0
:20A9C0001C1C1C1C1C1C18181404002200081418DFFFFFFFFF5DFFFF59DFFFFFFFFF9E38F1
:20A9E000DFFFFFFFFF180C0022222222222222222222222222222222222222222222222228
:20AA00002222222222222222222222222222222222222201000000002424242424B6FFFF47
:20AA2000FFFFDB24DBFFFFFFFFFF6D2449DBFFFFFFDB49246DFFFFFFFFFF4949FFFFFFFF53
:20AA4000FFFFB6242424242424240000000001222222222222222222222222222222222203
:20AA6000222222222222220124BCBCBCBC240022222222220074BCBCBC940000BCBCBCBCD9
:20AA80004C0070BCBCBCBCBCBCBCBC480000BCBCBCBCBCBCBCBC942400222222222222224C
:20AAA0002222224222222222222222222222222222222222222222222222000010181818AA
:20AAC00018181818181818180C00012200081818DFFFDF9E9E38FFFF59DFFFDF9EFFFF5915
:20AAE000FFFFDF9E9E180C00002222222222222222222222222222222222222222222242EB
:20AB0000222222222222222222222222222222222222220100000000242424246DFFFFDBD8
:20AB2000DBB69224FFFFFFB6FFFFFF24FFFFFFDBFFFFDB24FFFFFFDBFFFFB624FFFFFFB6C2
:20AB4000DBDB9224242424242424000000000122222222222222222222222222222222226E
:20AB60002222222222222201047074747000002222222222004C7070744C000070747474B8
:20AB8000280048747474747474702800000070707070707070700000212222222222222266
:20ABA00022222222222242422222222222222222222222222200000000000000081418183F
:20ABC00018181818181818140400000000101818DFFF79181838FFFF59DFFF9E3CFFFF5950
:20ABE000FFFF7918181814080022222222222222222222222222222222222222222222424C
:20AC0000222222222222222222222222222222222222220000000024242424246DFFFF6D22
:20AC200028280424FFFFDB24B6FFFF49FFFFB624B6FFFF24FFFFDB006DDB9228FFFFB6243F
:20AC400024240024242424242424240000000021222222222222222222222222222222224B
:20AC600022222222222222010000000000000022222222220000000000000000000000003B
:20AC8000000000000000000000000000000000000000000000000022222222222222222282
:20ACA0002222222222222222222222222222222222222222002449494900000000081818B5
:20ACC00018181818181414040000000008181818DFFFFFFF9E38FFFF59DFFFFFDFFFDF38A5
:20ACE000FFFFFFFF9E18180800222222222222222222222222222222222222222222224254
:20AD00002222222222222222222222222222222222222200000000242424242492FFFFFF6A
:20AD2000FFFF9224FFFFFFDBFFFFFF49FFFFDB4DDBFFFF29FFFFDB2424242448FFFFFFFF6C
:20AD4000FFDB24242424242424242400000000212222222222222222222222222222222294
:20AD6000222222222222222100000000000000222222222201000000000000010000000018
:20AD800000000000000000000000012221010000000000000000222222222222222222221A
:20ADA000222222222222222222222222222222222222220029DBDBB7DB6D00000000040427
:20ADC0000C0C0C0C0C0000000000000008181818DFFFFFDF9E38FFFF59DFFFFFFFFFBE382D
:20ADE000FFFFFFDF9E18180800222222222222222222222222222222222222222222222293
:20AE0000222222222222222222222222222222222222210000000024242424242492DBDB8D
:20AE2000FFFFFF24FFFFFFFFFFFF6D24FFFFFFFFFFFFFF49FFFFDB2424242449FFFFFFDB9A
:20AE4000DBB6242424242424242424000000002122222222222222222222222222222222DC
:20AE6000222222222222222222222222222222222222222222222222222222222222222292
:20AE8000222242222222422222222222222222424242424242422222222222222222222252
:20AEA000222242222222222222424222222222422222000049DBB6B6B692000000000000D6
:20AEC00000000000000000000000000008181818DFFF7D181838FFFF5DDFFF9E38FFFF7DD5
:20AEE000FFFF7D1818181808000001212222222222222222222222222222222222222222A5
:20AF000022222222222222222222222222222222222200000000242424242424242428285D
:20AF2000B6FFFF24FFFFFF4924242424FFFFFFB6FFFFFF49FFFFDB246DB6B649FFFFDB244E
:20AF4000242424242424242424242424000000002222222222222222222222222222222221
:20AF6000222222222222222222222222222222222222222222222222222222222222222291
:20AF8000222222222222222222222222222222224242222242222222222222222222222211
:20AFA000224222222222222222222242222242222201000024B6B6B6B649000000000000A9
:20AFC0008E8E69926D8E24000000000008181818DFFF7D181838FFFF59DFFF9E38FFFF59C6
:20AFE000FFFFFFFFDF181808000000000122222222222222222222222222222222222222B7
:20B00000222222222222222222222222222222222222000000002424242424246DFFFFFF8A
:20B02000FFFFFF24FFFFDB2424242424FFFFB624B6FFFF24FFFFFFFFFFFFB649FFFFFFFFBD
:20B04000FFFFB62424242424242424240000000021422222222222222222222222222222B9
:20B06000222222222222222222222222222222222222222222222222222222222222222290
:20B08000222222222222222222222222222222222242222242222222222222222222222230
:20B0A000222222222222222222222242222242222200000000244949240000000000002410
:20B0C000F7F7D3FFB6B224000000000004141818BEDF59181818DFDF38BEDF7D38DFDF593F
:20B0E000BEDFDFDFBE181404000000000001222222222222222222222222222222222222A2
:20B10000222222222222222222222222222222222222000000002424242424246DFFFFFF89
:20B12000FFDB4924DBFFDB2424242424FBFF9224B6FFDB2449DBDBFFFFFF2424DBFFDBDB27
:20B14000DBDB92242424242424242424000000002122222222222222222222222222222244
:20B1600022222222222222222222222222222222222222222222222222222222222222228F
:20B1800022222222222222222222222222222222222222224222222222222222222222224F
:20B1A00022222222222222222222222222222222210000000000000000000000000000242A
:20B1C000F7F7D3FFB6B224000000000000081818181818181818181818181818181818186B
:20B1E0001818181818180C000000246D490021222222222222222222222222222222224256
:20B20000222222222222222222222222222222222201000000002424242424242424242483
:20B2200024242424242424242424242424242424242424242424242424242424242424248E
:20B2400024242424242424242424242424000000002222222222222222222222222222221C
:20B2600022222222222222222222222222222222222222222222222222222222222222228E
:20B2800022222222222222222222222222222222222222222222422222222222222222224E
:20B2A00022222222222222222222222222222221000000000000000000000000002400004B
:20B2C000D3F7D3FFB6B22400242449490008181818181818181818181818181818181818B4
:20B2E0001818181818180C00490049DBB649002222222222222222222222222222222242E4
:20B3000022222222222222222222222222222222220000000024242424242424242424245F
:20B3200024242424242424242424242424242424242424242424242424242424242424248D
:20B3400024242424242424242424242424000000002122222222222222222222222121211F
:20B36000212121212222222222222222222222222222222222222222222222222222222291
:20B3800022222222222222222222222222222222222222222222222222222222222222226D
:20B3A0002222222222222222222222222222222100000000000000000000242449240000B9
:20B3C0008EF7D3FFB6B22400242449DB00000C1414141414141414141414141414141414BE
:20B3E0001414141414140400922449DBDB4900222222222222222222222222222222224271
:20B4000022222222222222222222222222222222210000000024242424242424242424245F
:20B4200024242424242424242424242424242424242424242424242424242424242424248C
:20B440002424242424242424242424242400000000012222222222222222222201000000C2
:20B46000000000000001222222222222222222222222222222222222222222222222222257
:20B4800022222222222222222222222222222222222222222222222222222222222222226C
:20B4A0002222222222222222222222222222220000000000000000000049492400000000D8
:20B4C0008EF7D3FFB6B22400000000DBB600041414141414141414141414141414141414A0
:20B4E0001414141414100024B62449DBDB4900002222222222222222222222222222224252
:20B50000222222222222222222222222222222210000000049B6B6B6929292B6B6B6B6B65D
:20B52000B6B6B6B6B6B6B6B6B6B6B6B6B6B6B6B6B6B6B6B6B6B6B6B6B6B6B6B6B6B6B6B64B
:20B5400092B6B6B6B6B6B6B6B6B6B6B6B66D00000000212222222222222222010000000032
:20B5600000000000000000212222222222222222222222222222222222222222222222227A
:20B5800022222222222222222222222222222222222222222222222222222222222222226B
:20B5A0002222222222222222222222222222220000000000000000244D49000000000000D3
:20B5C0008EF7D3FFB6B2240000000024DB240008141414141414141414141414141414141D
:20B5E000141414141404008ED72449DBB60000002222222222222222222222222222222260
:20B600002222222222222222222222222222222100000000249292929292929292929292A1
:20B620009292929292929292929292929292929292929292929292929292929292929292CA
:20B64000929292929292929292929292926D000000000122222222222222220100000404F9
:20B660000000000028BCB86D22222222222222222222222222222222222222222222222291
:20B6800022222222222222222222222222222222222222222222222222222222222222226A
:20B6A0002222222222222222222222222222000000000000000000494900000024490000AF
:20B6C0008EF7D3FFB6B224002449240092B624000814141414141414141414141414141456
:20B6E00014141414040049B7B62049DBB60000002222222222222222222222222222222226
:20B7000022222222222222222222222222222221000000000000000000000000000000000A
:20B72000000000000000000000000000000000000000000000000000000000000000000009
:20B740000000000000000000000000000000000000000122222222222222220000000404D0
:20B760007494989898BCBC6D222222222222222222222222222222222222222222222222E4
:20B78000222222222222222222222222222222222222222222222222222222222222222269
:20B7A0002222222222222222222222222221000000000000000029490000000049240000CF
:20B7C00069B2B2B6B2B224000049490000B6DB4900040C14141818141414141414141414D6
:20B7E000141410040049D7D76924B6B62400000022222222222222222222222222222222D9
:20B80000222222222222222222222222222222220000000000000000000000000000000008
:20B82000000000000000000000000000000000000000000000000000000000000000000008
:20B8400000000000000000000000000000000000000021222222222222222200000424246B
:20B8600098BC9848BC984C252222222222222222222222222222222222222222222222229F
:20B88000222222222222222222222222222222222222222222222222222222222222222268
:20B8A0002222222222222222222222222200000000000000002449240000002449000000D0
:20B8C000006D8E8E8E49000000246D240049B7B64D0000000810141414141414141418146C
:20B8E0001008000049D7D7B72449DB92000000002222222222222222222222222222222288
:20B900002222222222222222222222222222222221000000000000000000000000000000E6
:20B92000000000000000000000000000000000000000000000000000000000000000000007
:20B94000000000000000000000000000000000000021222222222222222222000024242428
:20B960009CBC9828BC7400012222222222222222222222222222222222222222222222224E
:20B98000222222222222222222222222222222222222222222222222222222222222222267
:20B9A000222222222222222222222222220000000000000000244924000000244D240000A7
:20B9C000000000000000000000246D24000024B69292000000000004040404040404040094
:20B9E000000044D7D7B7B64900499224000000002222222222222222222222222222222280
:20BA00002222222222222222222222222222222222220000000000000000000000000000C2
:20BA2000000000000000000000000000000000000000000000000000000000000000000006
:20BA40000000000000000000000000000000000021222222222222222222220000242474B5
:20BA6000BCBCBCBCBCBC70012222222222222222222246B3B3B36B22B3DBDBDB46228F8FE3
:20BA8000939346222222222222222222222222222222222222222222222222222222212162
:20BAA0002221222222222222222222220100000000000000002449240000002449490000A7
:20BAC00000000000000000002449490000000024929200246D49240000000000000000006A
:20BAE00045B2B2D7B2924500009292000000000022222222222222222222222222222222F9
:20BB000022222222222222222222222222222222222222000000000000000000000000009F
:20BB2000000000000000000000000000000000000000000000000000000000000000000005
:20BB4000000000000000000000000000000000222222222222222222222222210000009894
:20BB6000BCBCBC7474744C21222222222246B7B7B78F4AFFFFFFB322B3FBFBDB4646FFFFFA
:20BB8000FFFF6A6AB7B7B76A22222222222222222222222222222222222201456D24000009
:20BBA000000000012222222222422222000000000000000000246D240000000000494949C4
:20BBC000240000000000244949490000000000496D6D0000B6D6B6B69292B2B2B2B2B2B2D7
:20BBE000B2B6B2B24900000000B692000000000022222222222222222222222222222222C8
:20BC00002222222222222222222222222222222222222222222222222222222222222222E4
:20BC20002222222222222222222242222222222222222222222222222222222222222222A4
:20BC40002242222222222222222222222222222222222222222222222222210C0C0C74BCDB
:20BC6000BCBCBC2824242122222222222246FFFFFFB3466F6F6F6A222242462242466B6BF4
:20BC80006B6F468FFFFFFFFB46466A6A4642222222222222222222210049B6FFFFDF6D0079
:20BCA0002492B66D252222222242422100000000000000000000496D2400000000004949ED
:20BCC0004949494949494949240000000000246D6D00000000496D6DB2B2B2B2B2B2B2B247
:20BCE0008E6920000000000092B62400000000002222222222222222422222222222222281
:20BD00002222222222222222222222222222222222222222222222222222222222222222E3
:20BD20002222222222222222222222222222222222222222222222222222222222222222C3
:20BD40002222222222222222222222222222222222222222222222222104101C1C1C5C9C32
:20BD6000BCBCBCBCBC6D22222222496D4D426B6B6B4622222222222222224222224242221A
:20BD8000424242468F8F8F6F46DBFFFFDB8F4642222222222222220000DBFFFFFFFFFFB6F0
:20BDA000DBFFFFFFDB490022224222000000000000000000000000496D2400000000000005
:20BDC00000242424242400000000000000246D6D240000000000000024242424242424246D
:20BDE0000000000000000000B69200000000000022222222222222222222222222222222DB
:20BE00002222222222222222222222222222222222222222222222222222222222222222E2
:20BE20002222222222222222222222222222222222222222222222222222222222222242A2
:20BE400022222222222222222222222222222222222222222222222108181C1C1C1C1C1CEB
:20BE60007CBCBC9C54292929294D9CBC9C6D46222222222222222222222222222222222204
:20BE8000222222422222222222B3FFFFFFFF8F46464646222222000000DBFFFFFFFFFFFFBF
:20BEA000FFFFFFFFFF6E0022222222000000000000000000000000246D6D49240000000026
:20BEC0000000000000000000000024246D6D6D2400000000000000000000000000000000AF
:20BEE0000000000000000024D7920000000000002222222222222222222222222222222295
:20BF00002222222222222222222222222222222222222222222222222222222222222222E1
:20BF20002222222222222222222222222222222222222222222222222222222222222222C1
:20BF40002222222222222222222222222222222222222222222205101C1C1C1C1C1C1C1C00
:20BF60001C3C7C18181C1C1C1C9CBCBCBCBC46422222222222222222222222222222222219
:20BF8000222222222222222222226AB3B7B36A6BFFFFDB8F2201000000DBFFFFFFFFB6B623
:20BFA000FFFFFFFFFF2400212222000000006DDBB6DB6D000000000000496D6D6D492400BA
:20BFC000000000000000000024496D6D6D240000000000000000000000000000000024B6AF
:20BFE000B6B6DB490000006DB600000000000000222222222222222222222222222222226E
:02000004004DAD
:20A00000222222222222222222222222222222222222222222222222222222222222222200
:20A020002222222222222222222222222222222222222222222222222222222222222222E0
:20A0400022222222222222222222222222222222222222222200101C1C1C1C1C1C1C1C1C2A
:20A060001C1C1C1C14141C1C1C9CBCBCBC9C46222222222222222222222222222222222200
:20A080002222222222222222222222222222226FFFFFFFFFB70100000049FFDBDB9200000F
:20A0A000B6FFFFFFDB000000210100000024B6B6B6B6DB240000000000000049496D6D6D1C
:20A0C000494949494949496D6D6D49240000000000000000000000000000000000006DB6AA
:20A0E000B6B6B6B6000000246D0000000000000022222222222222222222222222222222D7
:20A100002222222222222222222222222222222222222222222222222222222222222222FF
:20A120002222222222222222222222222222222222222222222222222222222222222222DF
:20A14000222222222222222222222222222222222222222170BC5C1C1C1C1C181C1C1C1CD8
:20A160001C1C1C1C08081414189CBCBC9C6D2222222222222222222222222222222222229E
:20A18000222222222222222222222222222222468FDBFFFFB3010024B2FFDB6D0000000042
:20A1A0000092FFDB6D000000000000000020B6B6B6B6B60000000000000000000024244987
:20A1C0006D6D6D6D6D6D6D492424000000000000000000000000000000000000000049B6F4
:20A1E000B6B6B6B60000246D000000000000002122222222222222222222222222222222B5
:20A200002222222222222222222222222222222222222222222222222222222222222222FE
:20A220002222222222222222222222222222222222222222222222222222222222222222DE
:20A240002222222222222222222222222222222222222170BCBCBC7C1C1C1410181C1C1C91
:20A260001C1C1C1C08000000009898946D422222222222222222222222222222222222228F
:20A280002222222222222222222222222222222222466F6B220100DBFFFFFFB600000000AB
:20A2A0000000DBDB924900000000496D00004992929249000000000000000000000000000F
:20A2C000000000000000000000000000000000000000000000000000000000000000006D11
:20A2E0009292922400006DFF000000000000002222222222222222222222222222222222D6
:20A300002222222222222222222222222222222222222222222222222222222222222222FD
:20A320002222222222222222222222222222222222222222222222222222222222222222DD
:20A340002222222222222222222222222222222222220170BCBCBCBC54080414181C1C1C58
:20A360001C1C1C1C08012222222222222222222222222222222222222222222222222222F0
:20A380002222222222222222222222222222222222222222222124FFFFFFFFDB24000000B3
:20A3A000006DFFFFFFFF910000006DB6000000000000000000000000000000000000000080
:20A3C00000000000000000000000000000000000000000000000000000000000000000007D
:20A3E00000000000000092FF0000000000000022222222222222222222222222222222228A
:20A400002222222222222222222222222222222222222222222222222222222222222222FC
:20A420002222222222222222222222222222222222222222222222222222222222222222DC
:20A440002222222222222222222222222222222222220070BCBCBC9849010414181C1C1C8E
:20A460001C1C1C1C08012222222222222222222222222222222222222222222222222222EF
:20A4800022222222222222222222222222222222222222222221006DDBDBDBFF490000008B
:20A4A00000DBFFFFFFFFFF4901006DFF92240000000000000000000000000000000000005A
:20A4C00000000000000000000000000000000000000000000000000000000000000000007C
:20A4E000000000000092FFB6000000000000222222222222222222222222222222222222B1
:20A500002222222222222222222222222222222222222222222222222222222222222222FB
:20A520002222222222222222222222222222222222222222222222222222222222222222DB
:20A54000222222222222222222222222222222222222212898BC742822210418181C1C1C93
:20A560001C1C1C1C08212222222222222222222222222222222222222222222222222222CE
:20A58000222222222222222222222222222222222222222222210049DBDBDBDB926D6D6D42
:20A5A0006DFFFFFFFFFFFF2400002492FFFF6D496D494949496D6D494D6D6D49494949495E
:20A5C0004D4D49494949494949494949496D6D6D6D6D6D6D6D6D6D6D6D6D6D6D696D4949F3
:20A5E000496D6D6D6DB6B6000000000000002222222222222222222222222222222222228E
:20A600002222222222222222222222222222222222222222222222222222222222222222FA
:20A620002222222222222222222222222222222222222222222222222222222222222222DA
:20A64000222222222222222222222222222222222222222200040022210008181C1C1C1C7B
:20A660001C1C1C14044081222222222222222222222222222222222222222222222222225B
:20A680002222222222222222222222222222222222222222222100246D92926DDBFFFFFFD5
:20A6A000FFB6FFFFFFFF6D000000000049B624000000000000000000000000000000000059
:20A6C00000000000000000000000000000000000000000000000000000000000000000007A
:20A6E000000000000024492400000000000022222222222222222222222222222222424225
:20A700002222222222222222222222222222222222222222222222222222222222222222F9
:20A720002222222222222222222222222222222222222222222222222222222222222222D9
:20A740002222222222222222222222222222222222222222222222220092DFDF5D1C3C3C88
:20A760001C1C1C0400414222222222222222222222222222222222222222222222222222AC
:20A78000222222222222222222222222222222222222222222220000000000B6FBFFFFFF1F
:20A7A000FFB6B6DBDBDB240000000000242400000000000000000000000000000000000031
:20A7C000000000000000000000000000000000000000000000000000000000000000000079
:20A7E000000000000000044900000000002222222222222222222222222222222222424246
:20A800002222222222222222222222222222222222222222222222222222222222222222F8
:20A820002222222222222222222222222222222222222222222222222222222222222222D8
:20A84000222222222222222222222222222222222222222222222100B6FFFFFFFFFFFFFF3C
:20A86000FFFFFF4900212222222222222222222222222222222222222222222222222222FD
:20A8800022222222222222222222222222222222222222222222220000000092DBDBDBDBAC
:20A8A000DBB600000000000100000000492400000000000000000000000000000000000099
:20A8C000000000000000000000000000000000000000000000000000000000000000000078
:20A8E000000000000000004900000000002222222222222222222222222222222222222289
:20A900002222222222222222222222222222222222222222222222222222222222222222F7
:20A920002222222222222222222222222222222222222222222222222222222222222222D7
:20A94000222222222222222222222222222222222222222222222100FFFFFFFFFFFFFFFFF2
:20A96000FFFFFFFF2422222222222222222222222222222222222222222222222222222221
:20A98000222222222222222222222222222222222222222222222222000000006DB6B6B6F8
:20A9A000B6240000000021220100000049240000000000000000000000000000000000000C
:20A9C000000000000000000000000000000000000000000000000000000000000000000077
:20A9E000000000000000004900000000212222222222222222222222222222222222222267
:20AA00002222222222222222222222222222222222222222222222222222222222222222F6
:20AA20002222222222222222222222222222222222222222222222222222222222222222D6
:20AA4000222222222222222222222222222222222222222222222100DBFFFFFFFFFFFFFF15
:20AA6000FFFFFFFF2422222222222222222222222222222222222222222222222222222220
:20AA8000222222222222222222222222222222222222222222222222220000004992929265
:20AAA00092000000002222222201000028240000000000000000000000000000000000002F
:20AAC000000000000000000000000000000000000000000000000000000000000000000076
:20AAE000000000000000004900000000222222222222222222222222222222222222222265
:20AB00002222222222222222222222222222222222222222222222222222222222222222F5
:20AB20002222222222222222222222222222222222222222222222222222222222222222D5
:20AB400022222222222222222242422222222222222222222221010000B6DBDBFFFFFFFF61
:20AB6000FFDB6D6D4C2422222222222222222222222222222222222222222222222222223D
:20AB8000222222222222222222222222222222222222222222222222222100000000000042
:20ABA0000000000122222222222200000000000000000000000000000000000000000000C8
:20ABC000000000000000000000000000000000000000000000000000000000000000000075
:20ABE000000000000000002400000022222222222222222222222222222222222222222267
:20AC00002222222222222222222222222222222222222222222222222222222222222222F4
:20AC20002222222222222222222222222222222222222222222222222222222222222222D4
:20AC40002222226181A141A1C1C1A14222222222222200000C1010100C242449DBDBDBDBB3
:20AC600049284C6CDD702421222222222222222222222222222222222222222222224242A9
:20AC80004242424222222222222222222222222222222222222222222222222221212120F9
:20ACA0002020202222422222222222210000000000000000000000000000000000000000E3
:20ACC000000000000000000000000000000000000000000000000000000000000000000074
:20ACE000000000000000000000002122222222222222222222222222222222222222222269
:20AD00002222222222222222222222222222222222222222222222222222222222222222F3
:20AD2000222222222222222222222222222222222222222222222222222222222222226194
:20AD400081812285C0C041C5C0C0C0C061616142000000141C1C1C1C3C944C4C4C482400BB
:20AD600070BCDCDCDCDCDC2421222222222222222222222222222222616161618142A1C070
:20AD8000C042A0A0422222222222222222222222222222222222222222224242618181423C
:20ADA0006161818142816161A18181804140604040404000404020002060404040204040C6
:20ADC000016040010101010120210120000101010101010101010101010101010101010158
:20ADE00001010101010101012122222222222222222222222222222222222222222222221C
:20AE00002222222222222222222222222222222222222222222222222222222222222222F2
:20AE2000222222222222222222222222222222222222222222222222222222224261426213
:20AE40008161224261612261616181C0A1A0A000000000141C1C1C1C3CBCBCBCBCBC68208F
:20AE60004CBCDCDCDCDCDC2460814122226141426161426181818142A1C0C0C0C042A0A0C3
:20AE8000A042624242616122222222222222222222222222222242222222424281A0A142FA
:20AEA0008181A1A0A0C0C0C0C0C0A1A0A081C0A0A0C0A041A0C08161618181818142616141
:20AEC0002281814242422242A0A14285422222222222222222222222222222222222222254
:20AEE000222222222222222222222222222222222222222222222222222222222222222212
:20AF00002222222222222222222222222222222222222222222222222222222222222222F1
:20AF20002222222222222222222222222222222222222222222222222222224261814242D3
:20AF400081814281626161616142428181A08000000000141C1C1C1C3CBCBCBCB84841A1CA
:20AF6000402498BCBCBCBC0460A0816141A0A0A0C0C06180C0C0A14261618181814242420F
:20AF80006181614242818142612222222242424242424242424262424261422222224242F8
:20AFA000A1A1A1A0A081A0A061C081A1C081A1C0C0C0C0A0C0C0C0C0A162A0A181814281DF
:20AFC000A542A1C0C0A14242624222222222222222222222222222222222222222222222B4
:20AFE0002222222222222222222222222222222222222222222222222222222222222242F1
:20B000002222222222222222222222222222222222222222222222222222222222222222F0
:20B020002222222222222222222222222222222222222222222222222222222222222242B0
:20B04000C0C061C081A0C0C0C06161A0A0802000000000141C1C1C0C084C4C4C4C6080A020
:20B06000A000101C1C1C18000080A0A0A080A0C0C0C0A180C0C08181816181818142A1C049
:20B08000C0C0C0614242426281424281A162A1A1A0C0A0A0814261424242422222222222A6
:20B0A0004222222242226261428181A1C0C0C0A0C0C0C0C0C0C0A1A1A18181814281428190
:20B0C000A14281A1A1A12222222222222222222222222222222222222222222222222222B5
:20B0E0002222222222222222222222222222222222222222222222222222222222222242F0
:20B100002222222222222222222222222222222222222222222222222222222222222222EF
:20B120002222222222222222222222222222222222222222222222222222222222222242AF
:20B140008181628142818181A08162C0C080600049240004040408406060806080A0A0A0A1
:20B16000A000101C1C1C18000020A0C0C0A0C0C0C0C0C0A0A1C081A0A0C4C4A1C061A1C0A6
:20B18000A16161424281818181A1A1C0C062A1A0A0A1816142424222222222222222222244
:20B1A00022222222222222222242426162A1A181A1A1A1A18181614242422222222242429A
:20B1C00042222222222222222222222222222222222222222222222222222222222222220F
:20B1E00022222222222222222222222222222222222222222222222222222222222222220F
:20B200002222222222222222222222222222222222222222222222222222222222222222EE
:20B220002222222222222222222222222222222222222222222222222222222222222222CE
:20B2400022222222422222226181628161A0A0004D4900402060A0C0C080A080C0A08080E2
:20B26000C0200C14181C18000000A0A0C0C061A1A161A18142818162428161428142424249
:20B2800042222242424281A1A1C0C1818142424242422222222242222222222222222222D6
:20B2A0002222222222222222224242422222222222222222422222222222222222224222AE
:20B2C00022222222222222222222222222222222222222222222222222222222222222222E
:20B2E0002222222222222222222222222222222222222222222222224242222222222222CE
:20B300002222222222222222222222222222222222222222222222222222222222222222ED
:20B320002222222222222222222222222222222222222222222222222222222222222222CD
:20B34000222222222222222222222242428180000000216161618181614280818181424282
:20B360008000000008100C00000000006161224242222222222222224222222222222222A3
:20B380004222224242224242426242424242422222222222222222222222222222222222CD
:20B3A00022222222222222222222222222222222222222222222222222222222222222224D
:20B3C00022422222222222222222222222222222222222222222222222222222222222220D
:20B3E00022222222222222222222222222222222222222222222222222222222222222220D
:02000004005AA0
:20A000009325F6F6FDF6F6FDF6F6FD0606FD95F734B5FDF70495FDF7F4FDF7C4FDF7F5FD3C
:20A02000F7F5FDF72524A5FDF7248504FDD5F744FDF705F4FDF7C4FDF7F5FDF7F5FDC7B5B4
:20A04000F6F6FDF6F6FDF6F6FDF6F6FDF6F6FDF6F6FDF6F6FDF6F6FDF6F6FDD6C6FD05F73A
:20A06000F4FDF7F4FDF7240504FDF5F7FDF5B7FD5503F8F0FDF82001002150FD21F8F0FD8A
:20A08000F801D0FDF821F0FDF80011F0FDF81011FDF0F8FDF0F8FD70F801F0FDF8F0FDF8EB
:20A0A00000E1FDF81031FD10010031F8F0FDF8F0FDF8F0FDF83021F0FDF830FD01000190AE
:20A0C000F8FD3130F801F0FDF811F0FDF8F0FDF850FD81F880FD0130F811F0FDA860FD03FF
:20A0E000F7F5FDF7A524FD25F7E4FDF703F4FDF704F5FDD7B5FDF6F6FDF6F6FD4646F5F712
:20A10000FDA5A7FDF6F6FDF6F6FDF6F6FD7506A714030403A81201FD100113020302772183
:20A12000030516F716FD0504032435061504B703FD240514150617061635040203FD0602EE
:20A140000701A8131210031435F714FD3524020415061707062615FD0104002501020306BA
:20A16000041735F8160413FD113522281110272116FD1437030406060413010202010102E3
:20A180000304040515061726F8FD25142647062507CD0607061605164715060504201018C6
:20A1A000FC040209102A0401FB20030210010001FC0536057B040005070507182A07065CA5
:20A1C0000409003812010300FD010413050605471625060202011315010705082659FD05B4
:20A1E0000305061807481918070603140402010003FD13040301100003121404050617070D
:20A2000006061515031100040616FD1707080827370607081839071608041713153D01152A
:20A22000040004384C050310090206FD0148151412172538070637052708BD0819092818D5
:20A240000707151603051406050004085C052703110803090506FD16570506050306380715
:20A260000607061704261809071AAD1819170806170504060305040401000008FC011720D2
:20A2800008190102CA16021607080918FC0705074B08196A1A093819071806FC05271307B2
:20A2A000280827390504273A191908FC491A390A4B5A0A090908070604015C000605080678
:20A2C0002904010403FD0100000304170605060607070606000304060604000304280607A9
:20A2E000084919AD080928071806070506011400171C010300FD0406051501050706041043
:20A30000000405050301040617081606070706010304CD27070829083907282807050701F2
:20A3200026184C07000602072500FD020106060705140216060511020607070603051406BA
:20A340000100040607BD08081907183A071909080806070508042708FC17060505000603FA
:20A3600018050009054A0708090A0929080908FC080617070605070709081A093A0B2C1BFA
:20A380000B0A0A091908070C0808FB0705160012170609292A0B2B3C0A090B080A0708BB3D
:20A3A0000403100207040A060B077C090A0B4C0A290B0B2A0A08090707191500031A07067D
:20A3C00018010B070C09196D07090A1A1B091A0807092C08170701050B05041A070508088B
:20A3E0001B070A080B0C074C6D0608090A090B171A0C08090B07170A16090508140107064E
:20A400000906090A150A0B0B6C064C092A091B080B890A0A080907170416080A090B0A0C9B
:20A420000B5D085C091A08030C060B1B080A17090A061826000509040A04060B06090C0816
:20A440000A3D050B074C191C0A080B170B191A05080609170508040909060A0A030B0B1012
:20A460000C1C4D074D0619081C040C180B0B090A07070906050805030604000805070A0421
:20A48000090B020A0C040B4D004C27051C070B050A0B07080A1606080006070517080729D6
:20A4A000090A0B0B0C1C075D083D0607100C060C0B270B0A0A090807061006050906150AAF
:20A4C000170B080C090A6D081B092A1C1B08060A0C15080B060A1301090008040509060997
:20A4E0000A080A0B070B0C085C4D072A091C0A0B190A0B080A07060704200502070109006B
:20A50000030B03080C06095D040A080B1A3C180C390B0B0A0A090907070800063704090832
:20A520000A090B0B0C084C6D06080A0B0A1B09070A0C08080B06070A050508021003100846
:20A54000070A14080B0A0C070B6D053C0708190B071A000C04080B05050A00101901040331
:20A560000A05080B170A0C0B6D045C091B0A09060B0C070A0B06090A0507071310000705E9
:20A580001509060A18080C0A6D061B08091C0A091B08040A0C05080B04060A000108010016
:20A5A0000600040804090A050A0B070B0C184C6D1A1B0B0A0A18090C080B0506091020078A
:20A5C00006020804060A07090B080A0C090B4D074C2A090C2A0B0B0A09080809060607109C
:20A5E000000607270609080B0A0C080B6D065C080A0B0A07050B0C070A0B02080905060782
:20A60000021001000702070A01090B040A0C170B4D3C094A1B0C0B0A0A0909090807051754
:20A620000002020308040719080A0A0B1A0B1C5C2B3D0A090C0A0B0B090A0A07080905073B
:20A6400006110001010802070A00080B010A0C060B3D053C07090A2C0B1B0A090A0B180958
:20A6600009062807032602060A090B070A0C080B4D064C092A0C1B0B0B0A0A0A09090908CD
:20A6800008080505170007050906060A07080B080A0C093B5D080A1B2A0A080C09090B08EB
:20A6A000061A0702061009070A06070B07090C060A5D040B084C2A080C190B0B0A0A0809AB
:20A6C00009070718050104030905050A04070B05090C060A5D045B071A08070C790A0B0952
:20A6E0000A17091806080A092B0A0A1B4B4C4C1A0B0B1A090A1709080706160608080904EF
:20A70000090A020A0B040B2C033C07093D261B040A0C28090B072A052704030B082C050900
:20A72000080A090B4D064C380C3A0B0B0A0A090806063900070109000A010B1A074C08FBBF
:20A74000090A3B1B0A0A0909060703050002050609080A090B1A0C5D3A3B090A06091C08DB
:20A760000804060B00100A041B000115000C067D01080709084A090A090806090C08080B19
:20A7800039070A062905062A080A090B0A0C090B4D264C08072C090B080A15090B063A032F
:20A7A000040506040506080B08091C071A094D064B090807050C070A0B38090A07090508C6
:20A7C000040917080A090B160A0C0B4D004C07091A2C1B0B0A8A090B07090007010500011D
:20A7E0000308080A090B0A0C090B3D073C06130C080B0B090A0A18090907082700070109AD
:20A80000070A16080B0A0C070B6D053C090A1B2B0A190C0A0B480809060804040007080904
:20A8200039090A0A0B0B0C3C3D0706170B0C190A1B0907070A0603180500260309050A081E
:20A840000B180A0C0B6D074C091B0A090B070A0C08080B16150A0905000707030938080AD3
:20A86000090B0A0C0B3D173C08090C1A0B1B0A09090A2807080106040519060608083A0AD0
:20A880000A0B0B5C0C3D091A080C1A0B0B0A0A090909780808050501070709090A0A0B0B80
:20A8A0000C3C4D060709080B050A0C19090B080A0805292704170A06090B080A0C070B6D47
:20A8C000014C081A08060B000A0C15090B080A06070905040806060927080A090B0A0C08F8
:20A8E0000B3D053C0608072C090B080A06090B58063A0116070B090C070A6D040B073C198F
:20A9000008060B000A0C06090B07070A280509140807290709090A0A0B080B3C093C2A1B43
:20A920009B0B0A0A09090818040519160A080B090C0A0A4D083B2A090A0C8A090B080A051F
:20A940000804070316010408070A090B090A0C084B3D0718067C090A1809080706060417DF
:20A96000060708086D0209070A294B07011C060A02095B0707040323021006042C0508088E
:20A9800009090AFD172B160A050910080701051000040106040817090A082B092D08071A26
:20A9A000050C08096B090808071603112700010C0607FD00080409182A17090608042703CF
:20A9C000050406020703080509063A075D091A090908080703062C0702050300101B0708D6
:20A9E000012C0413050706FD01180607190807080607040501130005061715080609074AE5
:20AA000008092D2A0C0B090AFC0809070601030302011000040617170809393A180907FC90
:20AA2000271507080819091A1A5B3B0A080A170907FC02230114010605081819093A0A09C3
:20AA40000817090815062507FC0809070A087B090A2B0A09080A16090804030000FC01054B
:20AA600003070508060A083B0718360A190815072817FC0809090A1A4B1B1A1A090709059F
:20AA80001814061004060508FC17090A083B0918060A052923080009022A0105070BFC1809
:20AAA0003C390B0A18090806240305140305070839090AFC4B080705010A0019030518019A
:20AAC000041906170A0B583CFC0B0A17090806041010030405050708091A6A1BFC0A090851
:20AAE00007091418150605080709080A290B3C0807FC260B0A1904050710100402070409B7
:20AB0000060A193B2A2A09FC180906380405010509070A085B091A09280A3C0906080407D1
:20AB20000106068B050507070809090A0A3B3B0AFC3A091806090028110409070A085B098E
:20AB40001A090817FC0A090608300602100305080809094A0A4B0918FC1A070904182009F9
:20AB60000A057B08190A090705120A0C0907CB0804170203080609080A096B0A4B19FC0ACF
:20AB80001908051801031905087A093A19080907FC080506101001060508075908090A4B56
:20ABA0001A190A09FC080837070819387A29080709030804072C030500070300FD02040397
:20ABC00006040705080609073A181709050802070006011715069D031505040203030606AE
:20ABE0002727060300383C0305000100FD1001041106080409063A19181907260827050454
:20AC000005FD30300506162715060210001505130304010100ED0001010605080709081AF3
:20AC20006909280706080507000407FC032604050708485906072A0826091815FC09071AAF
:20AC400008097B1A39280A090708022611FC02082629074A280948090807150907FC1A28F8
:20AC60006B094A0A090908080605000001010402066C040826190A071B08276C1B0A0639EF
:20AC80000502109D05150708065908094A07AC09090808060601000002020401050307071C
:20ACA000290809FD361A090805060112000304100306040705080709380A2B3D070A0609CC
:20ACC00000087C1706050600050316040305040707FD001804071918080707060604020112
:20ACE0000005031610070408063908095D2A080709040801077C1804050703160002270525
:20AD00000607FD0239160706080207001502000302061607060707080839093A2D088C0A10
:20AD20000909080807072305160005010703FD0006020706190827180606031202050304F4
:20AD400000051517060818095D3A19080719047C180807070425000210060702FD031707A5
:20AD600008080909080817170605020200140410010603080609082A5D092A090809060732
:20AD8000078C0915070604201002040506070809FD142A070809070806070506030100001A
:20ADA0001203000403070609072A093A2D09082C0A09090808074B190403081017022C0484
:20ADC0000707080809FD153A160409110807030530000305070409070A382B5D0A07090678
:20ADE00008010700060C06134B0807020600050518081C1909FD173A0504050904080117C5
:20AE0000040202000003030504080709082A395D0908080707030500060C07033B08002786
:20AE200001100C0505FD001806081909382807160506050410010604070609073A5D080935
:20AE400018090718042C08170705064B070006030706080709082C083A19FD0607291607F2
:20AE6000080526010400040107060818093A19082D07090618032C08070516012B0602021A
:20AE80000305062C00080409073AFD100407093618070403001504020606080859092A5D85
:20AEA00009080807060400020C06003B080107100607052C0518080909FD053A0402160923
:20AEC000040803070505100004040605070709082A195D1A19090808060613000C05403B79
:20AEE000060506070C0605FD00070408073908170808070714060501100002060407070844
:20AF000039095D3A080619022C0808060700043B15100711080C0604FD01070608074919D0
:20AF20002808061615050004030705080609074A5D0819080619032C0808050700064B05EA
:20AF400002040406060817190C08FD061907183A06140902070005040601030006040805C4
:20AF600009065A083D1908031C080906084B0707060605120406052C010704080709FD01EB
:20AF80003A040718090708060705050000011502000604080609075A083D1908031C0809F5
:20AFA00006084B08151704060107052C0408071908FD063A181909080816070613020506C3
:20AFC0001614080609183A3D190819061C080806074B081026030207010C0603FD00060575
:20AFE000070749390807061504011000021604050807095D083A191819052C080706050015
:20B00000034B142007080219060C07FD07080809490A190806070115201005130809170A3D
:20B020003B4D1807061A000C07096B09070806060105000704080609070C08096D011A04C6
:20B04000271B2A06035C08093718060708087D0009053A08390918070C29070B053A0408E2
:20B060001017041B060608070C0708FD051907081A2909080807070401302003070608084B
:20B0800009393A5D0809060801070C07044B0801061003040407061C03080609FD004A0694
:20B0A00008192809080706030201010302040507070818093A5D2908090618000C07074B89
:20B0C0000805070306110507052C050707080909FD163A1817090806070505200203040308
:20B0E00007160809073A384D090618000C08074B091508270403052C0307061808FD0539DF
:20B1000037180605070406011510060107160809074A285D0705090218007C0806170504BA
:20B120001602030706081709FD0538171827070605060405151406051707180819396D18C5
:20B1400007080507040600054C48040320FD0003010504671607060413160203270405060E
:20B160002807FD0849190807060815070603036050FD010335040526010027020002282566
:20B18000790617FD18271816070406120504100113021002040103FD100204031501000611
:20B1A00024070627263807980928FD0716241705110102021000011303000101FD03040468
:20B1C00003010214050401030505160405071628376908FD27061815070425030410010291
:20B1E00002017040FD0200012304030506061707280869497D2818070705061605FC290546
:20B200001658051615170706280716290708FC290A9B4A0918072A06051029BC0203280557
:20B220000607270627152826FD001702040817690849281807071506076D04150013062424
:20B240000113059C1903240837050405082619FD05181709283A4909180728161527366D3B
:20B2600026040230107C081715060407060817070828FD100529377A060507060507062906
:20B2800007062D142802AC08170706050130300205250607FD00070206050817990849089D
:20B2A00039585D0817050603050206AC081117020500020105141605281706FD02171408D5
:20B2C0000519160A146B06471A0605090D0408AC180706071015030310020522170803FDC2
:20B2E0001004030406151506061705060817690869FD0807060822060510700240010303CC
:20B300000101FD021404020303040403050507076808097A07050D03FC0829070604080391
:20B320007915076818073716FC1508061907380A6BDA0A09FC080706372619080407130618
:20B340000410000301024C000404070718080929FD07184A191827A9060426075D06150801
:20B360000406020400037C0730050400030416051607FD0018030409173A060716B9251632
:20B38000475D05080317017C080216010210100601071008FD01060517040708080717168D
:20B3A000061404030502060307050816094A186D2919080718037C18070607010600280413
:20B3C00000020903FD150405060707062602050313001304050506072708097A085D290871
:20B3E0000701FC181907080607072806040649070617061805060705043C06051816090792
:20B40000FD04080509064A184909080608130603101012038D0101041506050316150312FE
:20B420000100044C0802171406000703FD000703080709186A291807090608050710050451
:20B4400011028D030506263707030511167C08040705060404000302070608040905FD07D9
:20B460002808094A39080917080736160415275D04031805032701040C08266B19080217BE
:20B48000052718FC062918192A5ACB190817FC15162A05162905060427011506030505266B
:20B4A00007FC060848190ABB094A190705FC060A27290508041916280708070716180517B2
:20B4C00004165C28050719160A07FD180859093A2908070608130706102101025D000504C9
:20B4E000170512061700AC281603270001100607041906070A09FD186A091A1908090618A8
:20B5000005113604030527165D17080706160502052C07000412001B050006012C00050248
:20B52000060607FD001902060A084B070819081A07060914080702150011165D13471001F4
:20B54000AC28160516000207011600050806190506FD171808194908592817181627175D90
:20B5600016160504011000027C08010704080507030614270100FD00040502060408061961
:20B5800004057A1608096809080D069C9907060311100110FD03030201010303044010019C
:20B5A000000104061607080719185A496D0809071806FCD907060100040506270807160897
:20B5C000051704DC05181409371A0BFC0608090817280B1A0719150814070815D9CC063703
:20B5E0001607040001020106FD0218050409156A16150607092618171406FD0104000504BD
:20B6000036252415041010030101003021FD0603180533096A0514153903140108FD0307C5
:20B620000205000411050602173416050100000104030200001101FD1010031515060717F0
:20B6400018063917580847FD17061615050404020523360403030004040502030014FD02F4
:20B6600001120002040403010405271647088926FD050415180407021501140605030404E5
:20B68000050302000303040202FD000413050411020303020103042616170708064957FD4D
:20B6A00058062502270001021601040705260304FD0302000102030101400011020603071A
:20B6C0000108036905060718FD17283627174606171607072616FD050401030202504001B9
:20B6E0000404050507571839FD0628040304170304283649050305042D581007FC060520BA
:20B70000070829010405DA0607280948FC07267B07081918062A0506FC04291210181229CA
:20B7200005264A1705FB0413FC0504150406070506480B2A17FC0629050603480002100207
:20B7400009031A30FB02FC0102051625060406285B0908FC16010A00190503070116040350
:20B760001501040706180708F9190C03FD040203012001020304155908395D0808031701F2
:20B7800008FC051603050410100414160608080909480AFB07FC26140607482B490A09FCA6
:20B7A00008070415050310100315150607080809070A18FB0718FC07040203020310042757
:20B7C0004B0827FC180A191608100615030004010605080609150AAB17FC19180706020028
:20B7E00002CA0506170829EC0A3909081706050610030403150506072800FD050709083A05
:20B8000037090608150706101301020003030605AD27060718480718070706060505095C98
:20B8200003180003170001081510FD0602081769081908070508101602050002011304FD97
:20B8400005040605270627381506071506150403024030FD010306040703080649172808CA
:20B860001617032501FD0320200101020405060627074806043627FD0706061415020410ED
:20B88000030604171608074908270508FD01070206010140000110031204062408290506FB
:20B8A0002814FD05170305181607251605040405051616570718FD27050501140302123078
:20B8C0001304031515061627FD2758061706471908170506221514FD01040506063705041A
:20B8E00015060315020104100102110302030405FD1504055606070899070605172608FD66
:20B90000040530200103040415350617245613FD040315010316050447050607089916077B
:20B920000506174D16034808FC070500013902050637EA082706FC30040605BB041718075A
:20B9400028BC17060A151901080007048806070803FD15063707060506020200012102016A
:20B96000040505063607BD0899170607050203040028187C0607040605070618070859047D
:20B98000FD060516040803170402060115131300020605071668FD072807060715062736D1
:20B9A000160505024020FD0205040715380607060704264515041402FD0306550718490628
:20B9C0001508043715020328064D151906014807FC06042039040627FA182706FC03040123
:20B9E00000031405AB160809180928FC270A1905080117040646070809EA0718FC170625F6
:20BA000013050300DB03050739FC1807050100040A0119200817040608FC07390809CA181F
:20BA200007361534FC9B0628190807183A071629176C0558030405070800FD3701041606AB
:20BA400015051416031724160507241879FD1506370608050701360224151304FD0101405C
:20BA600020030604371536463707FD062615163707483817071606040500FD0301050446EE
:20BA800035031501000402250506671645FD680605041302005902041304FD12180307012F
:20BAA00015000216010007033834070306640514FD351504030604170516C81524FD0210BB
:20BAC000020001034701031425680708FD071507030630050401022113040305040605179A
:20BAE00016FD183707061546140302070348122479FD25061506050814070603023020019B
:20BB00000303FD04020503160506471706070646052304270506FD57982807362706040458
:20BB200002FD0340400111040503960405161546FD1705C806473605FD0423270206210573
:20BB4000040210111110021214030525FD5606170805A91304030405060503FD001158008B
:20BB6000021302270311160203274506FD051334020112062710020811690536FD15A804CE
:20BB80000201200103040507240635FD03020416051455031113140103251506FD060727D5
:20BBA000384807060514F70301020110FD030214031411572617060605FD050403011000D4
:20BBC000021203040406061727084928070608FD1507060414130312022404150626672716
:20BBE000FD4856070605050402010010010201040406064707FD0849160508130706403015
:20BC0000030304040505FD061627476805030513270516060505FD03031101030304040583
:20BC2000050606072728161705060415034030FD0404060507460869050403012800FD01D8
:20BC400002070008043903010021080706020511140315052626FD37050315061325020135
:20BC60000602170102F80516FD07382726041508071406FD0503030101202001020313045D
:20BC8000251516262467FD030403010415182499050605060503FD0102280314270214060D
:20BCA00002041101404002FD0404050526164707260526041507360889FD37550827040657
:20BCC00005170615161D06050509FC16182517180413094A050728FB070503FC02011203A7
:20BCE00006070847CA080706FC04251705342903000801290304FC05FA06085908070607B1
:20BD00001839FCFA2807360726037C101A020903380402010400FD02050407050846790570
:20BD200004135802000405FD2629151814070346020102031407260304FD03150214060526
:20BD400001403002050507470859FD060534A813053605071416FD0315010226130437269D
:20BD60000506040403030202012020FD01010403060407160859270615A8040311FD1001C7
:20BD8000032507244603041517044825FD040307020540030110030205040605070648375B
:20BDA000FD162705041623077814250302FD10270110780103020445070604031010FD010C
:20BDC00001030304050616C7170625020112FD245806271677050405133428FD35471436A6
:20BDE0000302031405264617FD26050403050103100506010703B8040537FD06050301201D
:20BE000047110324681534FD27030116001207260115240405144305FD26041715F8560530
:20BE20001310FD02100203880406150604020304270315FD26030402040015120400031163
:20BE40001410150106020704F815FD06050305112304051635A8FD16040607050607070605
:20BE6000060707060602040003084C45171800FD0402050506063717180627050603050210
:20BE8000062407086905FD0728162804021147040301053806054D17061603000508FC0453
:20BEA00007012610020705081609FA0708390817FC1618094AFA290807FC361706151A126F
:20BEC000190148401C090104FD00050407165807A817060402040637FD790817060508164A
:20BEE0000706040402024020FD0103122403040302210102014030210507FD080569070842
:20BF00001948B807160504067D37070616050005586C0604000214090302FD0004030505FB
:20BF200006263705141602150102161307042806FD57690624B80110030506FD27060507FF
:20BF40000406010360500103051526FD06370504050316022417A806070839FD0807060534
:20BF60002703148601021134FD236522110602E70103151645FD0402040598061706073894
:20BF8000FD171706060505240403121333342435FD05140402232105141605070608157919
:20BFA0000627FD0625283457650615FD04040202011000012104050604671516250614FDDC
:20BFC000350506771607F816040230FD010214180314374306050301FD020303141225230A
:20BFE000360203241733F8FD04030415461524B802FD102120022703021186020112FD0322
:02000004005B9F
:20A00000240713F84403010213FD040514159816140311000127FD33260221153422030594
:20A020000406030711F8FD0204050415040302300224F8FD6503021110012703FD3406257C
:20A040002314240302030514560536FD15673415F85615FD0403141506351827043336FDBD
:20A060001235031206015703140322360311FD37020425F84605040310FD020103040218C6
:20A08000010207131602450102232624FD271504F80301500130FD01228814032534C7FD40
:20A0A00003020110310213F81113FD040605040526050402B81120FD034425070605140466
:20A0C00003032212110304FD03050406030722F801020130030405FD463845A70403242504
:20A0E000FD340615040323344405160713F8FD34023324053648FD050415D70403123304F6
:20A1000015FD44060564130405061735F804FD050403120103643833FDF7020120011223D5
:20A120000413FD141713360120270102F8030465FD0301200112280103F7040301FD40014B
:20A140000203040536F70504FD030203040516F7160534FD05063737169605041112FD23E3
:20A1600004F705360504031203FD0536F7650423FD1425F724030221020455FDF7141311CF
:20A1800010020405FD0657F76615FD0605267605040302030526F735FD140302110204059A
:20A1A0000627F736FD04120102030435F714FD0241032425F724FD0203145553F7FD12037A
:20A1C00034B5F7FD040304153605F7040302FD0304130415063716F70514FD33143516F72E
:20A1E0001504FD1302010203240302010367050413FD1413F8042504020150FD1148021179
:20A200000001F70302111001FD142504030102F703241516FD37060544F7130435FD1413AC
:20A220000203F714150635FD040526F707061524FD6506F715040361FD022110D71102045B
:20A240001556FDF7064546FD05030140F70204053615FD04030103F7144554FD030415278F
:20A260002618F707160524FD032453F704150405FD04153455F746FD150413243705041555
:20A280000603051206FD2714052806050699152605060543FD0807060501040303020201D4
:20A2A00004232504140203460524FD13251404030524160705180401B91304FD16370625C9
:20A2C00018041703140615030114FD001115024624152503040313021404010100FD0212EE
:20A2E00003020304060507030804990506070867FD0827060514060503040255030112004D
:20A30000013614FD1515041516031512031030120301060207000801FDA9030427181736C8
:20A3200008A7040130FD0304030438250407011612044030FD1103110001051306070528B4
:20A340001607690627FD08470807061586240304050405FD47161706160504051012010156
:20A36000401001000102FD040305040606171748885787FD062504030435060526040537BB
:20A380001605FD0406211440400212030403061517160859FD050657F806142312FD030178
:20A3A000000210181427150416120440000140FD02010002110405000702180405A9160568
:20A3C00016FD170605147803110204050402270012FD5603150405031400010210000103BC
:20A3E000022210011110FD041205060507071846893726FD9805033120470415160625FD06
:20A40000150311000103701001400105130708FD05A91617061716050698150401FD02134C
:20A42000100357020405040506062515011000FD0101404002021510072518A927FD08374F
:20A440000603140807250625861605AD260706150516060513020109FC02280326470718F0
:20A4600029288A19FAFC2918071627BA08FC0706072807060504290021480405FC14291673
:20A48000072A0879AB0807FC060506FA1716570617FC260A151904080307042805040229D8
:20A4A0000304052A0607FC06DB070819480706040306DA17FC06270807060716352904380C
:20A4C0006C13010029031403FD030505040606471708C928270605FD032058010211031473
:20A4E0001703260103140504FD030270600204030501060007021810D903FD0204060718DF
:20A500001706040311280435FD27042605060505040341600201020304FD0403130415025C
:20A5200040062728020325690617FDA80817260504162715031602FD130504020130200109
:20A540000204041503041625250605FD142415030605270607481849272816FD156716053C
:20A56000160516160405030401022040FD11020203052416470504150336010213FD071401
:20A580001803990506070817060422088723FD0405141506140504120240010210FD02033D
:20A5A000040515064726073606150405030604170506FD48070849073618073516050436F7
:20A5C0000516FD171706160504040201114030030105042606FD3737260625053416370607
:20A5E0000778FD38070615170406011503041625073804FD02030207400503201101000242
:20A6000004050636070839FD0504150807040602051114031615071608391728FD28070650
:20A6200007050503031102110001040406053706171616FD050501021020010302061407EA
:20A640000815494608FD17050306100504011500010705280607284917063D0805070406CA
:20A660000003383C04011400FD030504070538261507060405012410010502072418FD49E6
:20A68000051615080207000601041002010204051506070728486D39060508097C17080753
:20A6A000060605050406060707081800FD154907380807070605040303101101040416063B
:20A6C00007FD0728481705071406050123100105040605070648076D280707050604040959
:20A6E0005C0308142713080501FD040506070818292908170807060504013020040307FD79
:20A700000518072839170806060405030402103012040306FD052706171806050714060589
:20A72000030210002101020404160607FD070828291908170807060504033020020504079D
:20A7400005089D0649070817060805060404030011383C04051400FD040615174638071547
:20A7600006350403020506065707FD0839380807060507030601050204030304140506ADA4
:20A7800005070648470706060504030001383C14050100FD1001050307064817181777063C
:20A7A0000504030201FD02080369020445280302100706022521FD26040506073706250699
:20A7C000040502040103303001FD0302050506160788073807050413770214FD05066748A8
:20A7E0000716160525040302FD041303020413150426257716051331FD060502160405154B
:20A800000667160748167715FD140523781405342217FD06312403020404150506263707A4
:20A82000381637FD07060506121523340405051636074837FD2706157624031504034715CC
:20A84000FD030504260304030511041604010703A804020426FD07060516170534060543E5
:20A86000550413FD0605270607487807050401074016FD251116037706570606031441FD81
:20A88000130405100607054806074817060703056003FD4004040616070807493817080730
:04A8A0000D06070D8D
:02000004005C9E
:20A000008C350234FD2312031201200130311122020324FD03246595140322040311FD02B5
:20A0200011A0A021018202FD034403024111600211FD121121320203A43354FD2303023122
:20A040000201A070FD21010252035453234202FD3121021122320324C395FD24320301805D
:20A060000180FD0112112302732223FD023201A0114041010203FD840223542303021201C2
:20A08000B00190FD2312041213031414FD0323120101102011010203030404030302012047
:20A0A00030FD01032114232204240546050402230524FD040302210102019000010201501C
:20A0C000FD0103130405142623050412021303014040FD010102022404130302504002116C
:20A0E0000103040515FD06050304020301021010020314141515040302022010FD110170F6
:20A1000060010203130201115020FD02041205360314230504031202030374146D0526373B
:20A1200000F8FC0605130425061708F908FC0746051605060716290706FC4804030415098F
:20A1400003FA0002013021FC04150607062A050302D930040647FC16150807360635170634
:20A160000817A9FC18072603000310BA03040506FC2705040204F90526270605FC02031457
:20A180000507086939180708061713FC0601050006021704050826F90706141536FC0708E4
:20A1A00029F918170675FC240928130519266A17FC18371908063715042508690617FC0633
:20A1C0001728061815072806040629070637AAFC081607030106021904070805060707063F
:20A1E0001005070519CC0714182517050608090A3A0B1A0908172B05070514141A08070BA5
:20A200003A06FC3819091A0A090906070006070808070608094A4B1CDB090A070904170060
:20A22000030804390716071A28091A090A060809100328060209030B07080C0809ED044A62
:20A2400008091A19191A0A091918070404070719080C09071B080407053A1802043702061F
:20A260001902060A18093B0A072904173A06051707061409050A17090C0A7D000B012C067C
:20A2800008070B060A1009081C1804075D0619172A1907496C19080706180502074B0706F6
:20A2A000061505060718083C0906080419010B05070906000807040906060A05080B060A60
:20A2C0000C071B1D01000A4C0618040719082A0A3D2B09080A0C0908BB6A26050706030955
:20A2E0002008170518081C1A192B190807080A050218030006050918080B1A2C272B8D00C0
:20A30000143A17081B0A090A06090C48183B190A4C061B180A070905081B070704061A16B0
:20A32000100B05053C001701050803052B0500060617051A0008070B39094C0A0906180143
:20A34000038D0607081829191A1A090908080C09051B0A062B08CC09080A060930070501FD
:20A360001004070209071A0908091B0718040A0606290301040626070A090B2A5C0307080E
:20A380003B190A3D073C0809180C0B0B070A19060802090A050A3B07BB381A26092803048B
:20A3A00009150A09060A0805190914080707110609080A05090B170AAC3B0817180A09095D
:20A3C0004A0A0BAC0B090A081800060A291B0A08090708DB030510000405070708080A0989
:20A3E0000B0A0A29180406001706071A010200050B0704FC06070509071A180B392C0B07C5
:20A400002A092A09180918078C080907180602060307071959061B04071A05081A090907C3
:20A42000070703000801080A030A6B041B05034A0406182C061B05070C4D061D170C050BDD
:20A44000010ABC081929080707000404070808290601070A04082B062603020A04100915D1
:20A460003A05060437163B081626082C1A08070B4D022C0405081D3A0C0C0B0B1A6A093B86
:20A48000383C050109060A00182B1519160A070917063A0706140507076B18090807060557
:20A4A000050707080509070C2A0ACD3B190709050802070509081A192907052C27070807FE
:20A4C0002B0805070728080A161927041800030908040A39060B175C051A0807190508CD8A
:20A4E0000609070806070708062705030509080A193B3A0C091B0809070A081009066A1547
:20A5000006010604070318020309051B1806072C070806060808DD060908082716110618F6
:20A5200003040A091B3A1A18082C06070700002B04021506051A030005146B10060307051B
:20A540003806170A08072B17090708090C091BCD382A172906050A273B09080A0C07084B93
:20A56000080706060407070806070A02020901040804020700000601040903080A04090B27
:20A58000071A5C060509173A189D033B352A0605072B292C1A0807090B06042A040003017C
:20A5A00004031B0317054A0704060517070306011B030505020C0008BD010A17090703059D
:20A5C00005070708095A0A1B0A093C0A39392B0748190A0718041509070A15070B091C00D2
:20A5E0001A060B08080A07030905001A1405000B06080C090ABD085B2906271A05291002C3
:20A60000080C07043B080209051800061C070804061B030015072C1917080B38043A011342
:20A6200007022B16070607090C087B6D2607000105BC070A1509180406290807190A1918EB
:20A640000A06092B08170617084A03061507030004050B06285C0200041907181A5D010BA1
:20A66000064C09480C0B3B1A070519033C003A0304063B0829070605081A06071708090447
:20A68000081605090618040012060B0A9C163B08092A7C19181B170A5B1805061907081A6E
:20A6A000190A1808081709091A1A0615090908170116020500000301040904090B170A0C32
:20A6C0000B9D067C0A090700030809071B020C060A0B00083A02070306020706093B052A01
:20A6E000040500090A0107390406131706281A150B062A2C0403180B9D5C19080501030BAD
:20A70000042A00012C08190604086B05030104060627071805056A06000501160001170231
:20A720000028031B170C0509AD001A06080B093C0A290B081A0706095C2808092817040629
:20A740002B070216132A17000638051901142A070328151B010C0706CD0007030805091740
:20A760001A051B07260A4B0504062C092A08171B19060A270709051804280616000418593B
:20A78000050009070B197C080A19191A08070B084C3D040703060C072B1B280A0A09070939
:20A7A0000A065A4B07050300050A0708090507082406070404000206060908190A170B0BF2
:20A7C0000C081C7D175B08091807050A6C17090A081B09080A061B170B090A0307090006D8
:20A7E0000801050300000402060804080A06095B0408100726010406082C071A08090B2DC2
:20A80000178C025C17060809071B091B082C061C08060B1B071A180A08191707080804049F
:20A820000000000504060905080A16090B3AAC031405290114070308172908AD056A0607FC
:20A84000191807081507060002FC17000406010102160600040106050522030130200101CA
:20A8600005FC050706080709081A197B3A0918172A066C04390516151800071B1606076AB5
:20A8800007223605160708070B0708FC0509070A08AB294A09182A07056C04690506170675
:20A8A000001B060804070A260409031801050007060108071509280A070B180C07FD000956
:20A8C000063A072829170648050403020349154D0706150817002C0806070503036B0701BF
:20A8E0000602151007041815FC0607071606172714280501132904066A08090AFC6B090705
:20A9000006042A151059160708065C18050607040401030402031B170115FC01000405076A
:20A9200006080509186A091A290918180717BC010228040005390605180807070606040460
:20A940004B2702040306050707FC02080509072A08094A3B2A090807090618050307AC1153
:20A96000064704130402161305020100025B07200607080109020A030C0905FD0607080856
:20A9800029092A4A1908171906080517060706162D04030700082C08170706062B07140680
:20A9A00004034A06001501100406051B0316062C00270507FD0028050426090807271807C0
:20A9C00008280908190938280D0C0A171B8B060A041905030800070318050105FC02180351
:20A9E0000409163A0506072905161802152904173AFC03060709161805051000050402008F
:20AA000001050707080609072A19FC4A6B09180A061907080806070708080616021C060744
:20AA2000082B2516170A020901290803070016010A161B0104072C021907080AAD036B0562
:20AA4000071908192A1706095C190708081706070806172B170806062A171505033906029B
:20AA600007052803042A1829090B2A1C0809DD173B0608092A2809060805090608000704EF
:20AA800018022C270708072B18050617032A000503040119050006141A0718030B072C07DB
:20AAA00018080929FD16187A070809281729080428102C0706040700060B01020A04040968
:20AAC0000601080500073614180009061A0717180B082C071908092ADD277B081718262AFA
:20AAE0001502291C08070B18071A0616050910180504011705000404081607190817091AA7
:20AB00002A080B072C04DB0506AD10030708071816012C181A06092B17080704051A0501EF
:20AB20000303090510082609131A07040B06164C000307172808DD01291405AA04030607E0
:20AB4000061817062C0919080608AB08170705043000011203050607170809FC104A04158D
:20AB600004FB010306171817060C052B0807051A0613FB0908011702000601071218050991
:20AB8000161A070B05CC100216BB0738270B090A0A39DB0A0908070806170504150013069F
:20ABA000050107451806FC180609172A286B07180405062A0516FC293558060402040517DD
:20ABC00004260817280807FC08A9090849081603180103071015FC03040000020303120068
:20ABE0000225050607071878092A9BFC091819382A07160908050704051C010200087B0139
:20AC000006000501041000021205071400FC0405060607470809CA0829BABC1908060403D1
:20AC2000090108100716076B36150405172601FC040715082906275A0627067B0405070837
:20AC4000FC771A090807060614150103000504160504FC07155804050605262917FA0516EF
:20AC60000507FC062510010004265A04000416FC29A82807061706072617062514FC12023C
:20AC8000132501020714180609171A06DB27FC08070607250210012A150209010803072C25
:20ACA00010020001171B020100FC101202051516060707381829362A077B06FC071817262F
:20ACC0001A0709161805070216130500FC040205130405154604051605071718060907CA28
:20ACE00016FC18093A0918170908080707051514DC020000010214010316341516030007E2
:20AD000003181600DD050616070817690849071805001728FC160723160400130110021431
:20AD200002011010111204FC0507070838097A29AA0908060405FC14052409180317140676
:20AD400023040302100001010600FC0701080559070839CA18192807FC183729060308301E
:20AD60000706050321021004FC0206030704081519242A01CB000204150110FC0225260AA6
:20AD800009080507011600112513040201FC03040607570809BA150607081928FC394718FE
:20ADA0000706040420120403060407030802F901FC0305060708995908FC0706050314B83D
:20ADC000010002030405060534FCF90516371657FCF928271617062706FC25F9040220137A
:20ADE00002051667FCF926050655FC04F903250657F8FC1807160504031526790706FC35AF
:20AE000004AA0304361706050409FC13980403050607160403190100FA020405FC0607050E
:20AE200011200527080A07092638FC0413890203020001040607AA2605FC00110004052471
:20AE40001938121409053A0413FC04A9200116010205143A0647FC4916274A060523790125
:20AE600014FC130408052726180706070516061704010806190708FCAA1918060738270966
:20AE80001805570415FC04050406020503060207043815060707061605070708FC060957FF
:20AEA0000A9B0615261A0706090408FC30070605460201041505040605070438060748071D
:20AEC000FC0300011900030A074B28177A061516FC2709161804270003143603041205061A
:20AEE000040703FC08047905071605260A174B0819081A17FC0905180001290301051A370A
:20AF000029060803050001012010FC01040716080907FA18190807061403FC050607080914
:20AF20000809160706042010040505070609376AFC060706070906080537200109064A08F9
:20AF4000091AFC091908070804170304150225040210060713080904FA05FC2706030001C4
:20AF6000160708060503019910FC1105070817380807060507030400050204FC100105013E
:20AF80000814090A054B070807160A55092809FC5A0708292809080607020520031001035B
:20AFA000050607FC1708291829080706080427120618070819695AFC27190810060504161E
:20AFC0001607084939FC080814060503101001050617070809294A0807FC0619050648034E
:20AFE00004160509064A07380905070325FC2008010A053B07280A0609140827212804AC6A
:20B000000506390708291A2809080306065B15041606070809094A07FC08190849060504D3
:20B0200001035A0607160420D9FC01041605040516270816070605FC0503040606080719C4
:20B04000182A292908071528061569FC02040314064A07380816060505101003FC04180774
:20B060000809294A18070804260304130507062907FC184A090807150903480001030607AF
:20B0800009284AFC6709780516050309044A060708FC09180908070706160401070308064D
:20B0A00099073817FC050405180403270214080709483A09150807FC1405030505070748FC
:20B0C00008092A2719582635FC790426050605480305160709383AFC090908070606050479
:20B0E0001010010707080809191A3A0908FC061509483325094A07480908FC0707050524DF
:20B100000413060608184939183857FC07181706170819183A1928090807051504FC030388
:20B12000010004030705180607594928182707FC260849070849080706080437030506276E
:20B1400008FCD91817050302101201134A05FC069709080716050637085935FC11FA0305A6
:20B160002706040204020405FC03306A110304150908043703021308FC05E97605040110E1
:20B18000137AFC0406080908192809080707066605160708FC79270625580403140517496E
:20B1A000FC08F90807061506380716FC0539021001581204060748F907FC15262706174939
:20B1C000060748FC08070607150627064708F956FC150401000416D907080706040516FCDC
:20B1E00037060518041279050728F9FC0807060402000102130405060708F917FC160503C4
:20B200001401000110010405F906FC070605040517381918F917FC76142304F915FC03029C
:20B220001405073807050617F9FC18070604020100030403040301020903FCFA0103051439
:20B24000150110011440FC2A02F9050614031206171807FC0440590405774A0918FC050756
:20B2600024360507074808F9171605FC030618377916150627FCF868071604230415FC29E3
:20B2800014FA13041503023014FC232A010295F903FC0110010305F906173827FC061403AA
:20B2A00010E911020517050320FC010225AA06170617050311FCA9140516071807060558C0
:20B2C00004021002FC05F90607282716071637FCF90817060402010507260533FCF90416FC
:20B2E0002726050435FCF90607182706050302010405FC069907480706245803040506FCE7
:20B3000007F9480706031003040668FC29081717361607280748F9FC1706050413051605DD
:20B3200016F917FC082706040213141506F927FC0605363526F90708FC174614051605140D
:20B34000F913FC2435162706F90516FC1516040504050627281908FC174706040506187788
:20B36000094A590614FC0302147A0517060403020903680514FC050718194908170608020F
:20B3800037111208063907FC08091A08172906041803022915074A080928FC09060804167A
:20B3A0001304020306060817390819381807FC0417030678071849790807080706FC0314E5
:20B3C00048050607060009034A240605091438FC031009014A04050617391605010802E962
:20B3E0000001FC04061708072807160148000307FC0809193A28090707153503010207068C
:20B40000280708FC491918170807050626171807081929082918FC17085908071607022796
:20B42000030617060308064A07FC06080908080407050604101001071719092A1A2919FC64
:20B4400008060410100502010007070A183B07180A030900080107FC021000063718091A7C
:20B46000081729080738030206050706FC082749080927281517070819192A2ADC28090876
:20B48000062020010100040719190A1A2B0B2B091A180A080309040028060609080A0906E7
:20B4A0000B0B174C4C0819070B1B261A0A080805040706050927180A0B090C094B3D0809F0
:20B4C00008070C19094A06080707130406070B07191C05370A4D4B06010C15090B180A071B
:20B4E00008160306010707070A181A0B0C090B2D083C07040C070B090B092819070608108B
:20B500000706050807060A0A071B0B050C072C3D0809071B050C070A0A0516391203010079
:20B5200004060B170A1C1B092D082C09081C0A1B090B080908070620060305050406020564
:20B540000909070B0B183C1C0A1D09180B0C0A0B27090A0608100608080906092A080A090D
:20B560000B0A7C194B28070A050904080B06063A0707080809091A0A1B3B0B0A8C0B0A1AB8
:20B580001909060701161005028B02060707050304020708091A1A0B2B1C0A091B281A0A87
:20B5A000080907050A06072B02160003082C052A174D061B190A0719050C48060B000A046E
:20B5C0000B096C0A291B3A0805030B16093A2804270709060A18090B0A1C072B091D0817B3
:20B5E0000A1C18050B07061A1500062B06180819090C2A9D08091A0B0A0909070704060308
:20B600000410202C06070602001B1601068C00081519074A0807040605092B0607170805E7
:20B620001A080039032B0500045C08071906172A187D192A080618040729162C19080927E8
:20B64000080B062A100608010B07070C290A3D1B071A010C05082A07020606250319000518
:20B660002A0607050506080B082A1C07093D073B080701FC071A06170918061709180608DC
:20B68000090706030100040618070809092A1D171C18190B090619080017041A0506020B1A
:20B6A00000082C012A06088D053B1607062A0708070905088C0704160607080807161617C3
:20B6C0000401064B0300010505061808091C060A04092B0306040700031A1301070B07090C
:20B6E0001C051807FD004A0405170529071808160608081A09072901040D00080C07071B80
:20B70000080206041A070138070B091C1A2B09190817071A0508075B0708060707282809F2
:20B720001C071A086D004B17080A090A16090C066B07030506171814070807097C060A072A
:20B7400009060803070609081A0907080B04021A0604050219060005031A0618070B050AC3
:20B760000C172BCD190A081902062A1705290304060805174C092A090817090B1A061A04C9
:20B7800019060B091C281A0B190A39090604000504061A030710040B06FC16090A074B18B7
:20B7A000091A0A090907181606100307050A381B6C0A09170806050102046B00060609174C
:20B7C0001A0509000A272B2A062C29070403DD07081809080707050500060709291A1908AB
:20B7E0000708050700063C0605170716061B1800011A1900060B7A091C1A1B190A0707101A
:20B80000102B040503060605FC0809394A080709060A082B190809030710033817AC181972
:20B8200009080406011802071906090A0A0B08090A010709000808020907000A06050C0510
:20B8400009FD031A0706191808060701150204040006071A19091808090507AC060003051A
:20B8600005060615000529270A381B2B1A17090A060905010A07182B1609080A1C071B08A1
:20B880003B091A38190A080B072A4C0605072B290B0A1C060B130A0B093A010806290726E7
:20B8A0000B0A4C3B070007060A0B25070A052B08071706AC022908090808190908081706EA
:20B8C00007190908085D062A190709081A073C0829060400081B020607094C042A17281BCA
:20B8E0003B1907060803070A05050B0629AC05171A090A0908050603040105030000060858
:20B900004D1019052A272C09060A15090B062A03000415060907040A08090B192A3C180BBF
:20B92000070A0B05071A040437061B05030C08FD04190706081809070603100005061600B8
:20B94000070A193B0607080A3C091707050603051B020007074C0508061907291A3B181895
:20B960000717060A010B0628AC03040609080A09090706060505030705050408094D171AB5
:20B98000462B2C090A05090B16061A0217160B0A28050B090C1A3D070509070A05090C027E
:20B9A000051A050016040B050A08040B19091C1A0A2B6B090A090A0709040A051B061A0597
:20B9C0000C094D191A48090A090C162B1705060A05000B02084C01290605071A083B0908E5
:20B9E000380908070A040B07392C0506071D031A075C09080807170504000005084D004ADF
:20BA00000618193C070808070705051B070008052C0706040407084D0309070A0109030A84
:20BA200004090C05052B10000607070A18050B090C091A3D0705190402080C08061B39014B
:20BA4000047C07062A091A58091A0B381A0B170A050B05094C032A08171B180B091A0728C2
:20BA6000060B040A16040B094C052A271B184B3A060427090C0A4D064B070500120C194BA3
:20BA8000260807000105074C041906170A1B090B1A1A0A093B0908070101040703FC1801E6
:20BAA000030A081B09381A090804050506080729280A0908FC0515040306040400050439EE
:20BAC00007250A06091007180504040002FC06280805080A1A0B2A290907070206041807E0
:20BAE0000809090A1A0BFC0A090808070705041010271607081819160819070607FC0106DC
:20BB00000508070700050209080A19399A0514030607FC0807090608141703060007052849
:20BB2000160307050806070406070808FC0907080609180A190206CA08060809081607082E
:20BB4000090C1A8B09090708020601270403072905FC0706081709081506170706150117F9
:20BB60001800070409081A169C7B0708270607041A0308FB0905070006021707060509098B
:20BB80000A1A3B19080A0619170814039B07080907080609084B190A6B7C09170607061A4B
:20BBA0000300090B04270A0609171A18060B050A4C034B0617183B1A06070906071A050259
:20BBC00018161B07000C0307AD011906070A091B182A050400190300281C07150B253A07C5
:20BBE0000517180B050A4C014B0307280B2A1A19082A0801050517065B030607090A1A3B90
:20BC00003B9C0A191A271908101615FB1402000606170709091A3A2B092A07080708030667
:20BC2000043B072808070909AC2A1A1B4B0A0908061A010409177B170501101204061607DE
:20BC40000805FC1906081A091A091719080806020000020306010500070819198C0A0A0B29
:20BC60003B0A09180A27297B0408050701031010042616FC49090A2B082A06070608040633
:20BC800005070606040006051907068C0A094B0A29080A1719082B1727047A201518140A9E
:20BCA000080B293C8B1A2B18070A001901050A5A0209040A271BAC194B2A291A081707246E
:20BCC000060B100A0926011A160B05091C021A072D032B172C082A06040B26292A0408090E
:20BCE00006070A17091B1A080C065B4D0006284C1A1A09190724080B030A011905000715C0
:20BD000018080908092A090A0A0B0B5C191C071B160A00091B0518040A06060905040A063C
:20BD2000081B0719080C070A7D054B071908072A05001C0819070B05060A3605090228118D
:20BD400007060A28180B0C0A4D061B08072A04000C06080B08070A19060903070800083907
:20BD6000061A170B099C0A1A4B1B0A091A081729082B05080617052A1015031B0618170CCD
:20BD80000A4D064B080701100C1A1B0400090A160709020A15072B08030707090C082A4D5D
:20BDA0000206082B07016C073A0605030129100B01073A060804070618050B030A7C064BDD
:20BDC000092A081A0401090B03061A010003042B0406000505090C071A3D00030B171C7C5B
:20BDE0000A0B192A08163903015B0608050906080507040805097C001A01062B0809082ADA
:20BE000006030B04080A05071907060808060907050A09082B1A091A4BFC0B0A290A090779
:20BE2000271503050004041707040505070608057C1904075A1809080708CB090608050750
:20BE400004061005070819090A0A3B4B0AFC090A07091408071000031507080209061A0842
:20BE6000072915040801CC0705082707360607030001020201060507040907188D181929F1
:20BE80000A09170807060103079C020403070605030708091A4A295B07080517160404074E
:20BEA0002804FC0605070618070407150809061A01052B07382A06EC08050704050606011C
:20BEC0000104070849190A0B0A07090808070301104B0005160607080807FC1909080809D1
:20BEE000391806073A290819090746050607BC1608290908090A1A0B0A28190604054B0007
:20BF000004130604011707FC286909070400044A17180909280718FC07070506062907051A
:20BF2000074A490907071516031000FC010305151607183829194A0807080708031714FCAF
:20BF4000031000010717180809193A0819090828170617FC04051500010420050709261A11
:20BF60004B180705070A06082C040706060408FB030605081719080A1A5B29283A4929FB24
:20BF80000707050616071807080A2A4B1B0A1A19098B08070404032706050709091A3A0917
:20BFA000FC2A09282917080718180707051807060500020306BC0707080609084A1A2909E4
:20BFC0000417020305161B000200FC03030205060818094A091A09072915030702081649A3
:20BFE000FC170807070606271501060729291A0A09090707080C08095B0416103802000741
:02000004005D9D
:20A00000FC19091A2A0B0A09080807070606020000031819192A0A092C280706088B06050B
:20A0200010021907050A090B1A3C296A0B0609120708060600010B0806FC4A190A0B0A39CA
:20A04000091704080209194A08090A083C2806070305043B0002041807060A2A090B0A3CD2
:20A060000B382A0B071A060313062B1801160A4C4B090807080B090A4A1A297B08095B0A6E
:20A08000191A9A291A0907050104050817090A084B1AFB290A071801051906030A06DB187A
:20A0A0001706107B0617090A095A4C1A0907062B05180110070A060904070A05091B061A12
:20A0C000172C2B1A1B7B1A0A08070210000101100005FC0709083A090A1B391A0908070619
:20A0E000081809080709191A3C081806080706050B01063A050516040107068B1A091A0B1F
:20A100001C1B0B1A1A0908083A02060009161A3B080B4AFC0A090809071804060907180527
:20A120000639050300050A04092B171806061A0710042B0608080719090C0A3D083B07100A
:20A140000C17090B271A18090904080A08290B4AFC0A0B0A0929281806071948281707FC84
:20A16000160807041602010510100503080609070A081B290A09080805FC051010050308A3
:20A180000609070A084B07060504033A0004052619FC08150708060707080909182A06070C
:20A1A0000904160003010010058C07071908070A081B192A18095B08040600070408000789
:20A1C000030904FC8A170809080504021019054A040506182C09051806087B070616030608
:20A1E000180708090A4A0B3C2A19182B080706041A2501071B19060C020A5D003B16180A8C
:20A200000709FC0918080737250638040300040906080509071A0807092C04180600054B61
:20A2200015030717185809FCAA060100040607284B06150C0A2B2719081A080707082B0433
:20A2400019150A4C064B17290B0A1A07190509010508100109050A04070B01080C100A4DC3
:20A260004B0507192C0A0A090908080B29031A02052B080609070A09FC193A2809070803C6
:20A280001702011510060417060708290918AC18170715161401040705080719085D044AF2
:20A2A00005041806091C070814090B053A010302070509060A0B000B4C064C08C90B0B1AFC
:20A2C0000A0909050400010609190A0B0B0C3C1D07001C06030B0B02090904060813051912
:20A2E00017050A06090B080AFC173B0809080A050904080506100002020407070806090831
:20A300002A093A7C091A0909080806070703022B06000815091C1707085D050A0609042AB4
:20A32000070802091C050804090B05060A01050920072A1A050B0B074C1C08271B0A260B24
:20A34000073A06181709060B0B054C4C03050608060B2B280A191A29163B075A0819FC0A0C
:20A36000291908080102000404022005041806030705080619081C17085D0609073805020C
:20A380000500044C070108060702010002015D00080409020A061B08070A1C0819170B0727
:20A3A0001A060305062B030816090A5C145B0516011B171A1A08290609042A011A04150B16
:20A3C0000B4C3C0006100B150B3A0A032905060B010A4C041B162C07082B092B270A0919AA
:20A3E00036181A09080B040A0C074B3D02200C05294B060704180006097C013A040618195F
:20A4000007060805075B080306100415030506077C0409070A082B090A190A0907080B1833
:20A42000061A0439071B08090C0A4D083B0918070A0C18082B07070616021A0018062B27A7
:20A4400029CC094A08070809082907180807270607063B080007040815090A4A020B084CD2
:20A4600039AB080B050A070906070201000505180708490AFC3B0A0A090828072807081957
:20A48000490806050308FC00070418061707182817190839280608033601FC140608083992
:20A4A0000918070806050314041200051607081709FC0A184B29180A09070804060204040A
:20A4C00026070809084A493C5B090708060704040203060601FC0707080809293A2809080E
:20A4E00005170210260205071708FC5908094A0806290211180406390718FC091808071724
:20A500001606040505161607170809080807190807081317FC0208100709062A08291B287B
:20A520000A29270819593C08190AFB19180806050430031608070A093B1A1B0A0A09093B61
:20A540000808070603050500FC0704080719081A4A090809082907180827170606FC051564
:20A56000160718482928070615071814590115FC030615085906284908070807081607FC18
:20A5800028071809093A3A190908080607040512131300CC041626070818390708090807DB
:20A5A0000702050004065B1004070509170A1B29FC3C280B060A04080306100204020604E8
:20A5C000080719683A4C090807095B0608030700061105070605FC0707080839090A293ADA
:20A5E0000816090508201706010705FC080819094A2A0918090706040210000401050407D9
:20A60000070908FC4A190A09070904080207201003051506070609176AFC08090A09081762
:20A6200009080505200100120506073908092AFC1A29190808072605070603050708291946
:20A64000081A09FC0839170614280706071406070506030000030415020007FC0109261A8B
:20A660002B271A0605090307100506120708040A074BFC0829080A06090408010420000332
:20A680000603080509073A08097C2A29090807060404030117FB000208051907080A094BA9
:20A6A0003A090A18090807051502053B0707080809095A08FC1908070509030804070316CE
:20A6C0000001070518060829093AFC180619040228100109050A015B0407080705060AFCCA
:20A6E0000209000701060205010405072808391928080706071106FC07056806075807066A
:20A700004725260849FC070849080706380301141905176A28FC0716091407061305140463
:20A7200006060817094A29FC0807090608220706050303050608076908091A0918FC08271C
:20A74000471809284A17460908070604FC070508066907081918070806071426030107037D
:20A760000804FC9915070605000314354A08075905FC010311144A16185905040503000601
:20A78000FC4A05040718091718060703050006052706070818E9FC07150402030405030089
:20A7A0000423FA24FC05020104070625020001203AFC0130A90102250617781614FC0536C9
:20A7C00009FA05060708270410FC02000115161907080617142816074918FC1706080406CD
:20A7E000010504040303040406072808094A190807FC060903080127030203080509065AC9
:20A800000708192809080717FC060536040506070738082939080706154814FC05165908BF
:20A820004918680705030204FC0506690708590817A80604020416FC0718F927060504012A
:20A84000100205FC161738C917060530FC01027A050607080706050309120726230705281E
:20A86000FC07082949180708150716041505060707180819FC294A080706144906050405A2
:20A880004A66FC094805030203A911050617080705FC04024801020425290605FA14020004
:20A8A0000120FC1405060502010309144815062759FC080938080704370302100803090594
:20A8C0006A0608FC1928090708040713260205070708184919FC0827080706160516370721
:20A8E00008F94806FC14010002140647F91627FC1816051426F90728FC07060504030203B4
:20A90000050627F938FC06350617083769060401FC00680315060708690748170817FC064C
:20A920002506050606370708F92867FC160748F917061503FC02210316F927060403100108
:20A94000FC05064719062408171366050708FC09FA0716740504FC353A0304F9250320016D
:20A960000201FC0003060728F907061302130405FC0415060718B9072604050617FC0849D6
:20A9800038071816070416030407051806075948FC07880605030204060708F929FC08076F
:20A9A00006040210030507084949FC780807062506791728070604FC0811370203040806F2
:20A9C000F9171807061514FC0504030637F906040211040607FC08290807A906052406078C
:20A9E0000817FC4808070605031704050804990507181706FC0512B8110306070899070637
:20AA0000FC04051378050708094A27F90502FC10030516370605042339FC145A05060706CA
:20AA200005040915680110010413090C02FD00140122150411030240011001030104040581
:20AA40001546FD16251504040303020201016080FD013201023121223033216402FD1304B5
:20AA60003525240403031201301102FD1101220201A00180010103FD230495140304139225
:20AA80003423FD1121708001024361FD02410201022302632403FD120201015040010102FE
:20AAA000020323341203FD0102500120011301021433253424FD13334202014201024301C8
:20AAC00012024111FD700223440103441302FD8103022102330223121312020121FD600027
:20AAE00021022103F40273FD322324340312031372FD623111F060FDB11001027352FD21CA
:20AB0000020140125301024194FD120364731352FD020190010031501102FD1121021332CC
:20AB20009403C2A3FD03125102212072FD110221314202213362FD64210302D001A0FD01AF
:20AB40001201124313A414B5FD130201123401D003FD0201C001025301FD0203A474232369
:20AB600012FD5211F02100110263FD500203048501122332FD04035201F01190FD20011281
:20AB800001310203043502033476FD35343523042301F002FD01D05001FD722132E33312B5
:20ABA000FD1112111202010112602142FD016231120311B40263FD025103120122B0110060
:20ABC00001FD00011223315412F3B5FD0413021201800180FD2101025273FD71028352228B
:20ABE000014241FD0112A02102211223FD01426471B322FD0342022101F080FD01120324B1
:20AC000041851211FD0233D42203E2FD131201501140110243FD8132118280FD613132029E
:20AC2000113332F4FD31222342C421FD1241E01332FD2160111201230203045255FDC32442
:20AC4000134243FD42025111406051FDE1424190FD0011020374013211030222FD01500196
:20AC6000403101022302B324FD23321302C362FD715220113172FD0203C443222103FD42B6
:20AC800022336354223331FD0201A002419011FDB291F31203FD12F31392FD030221620129
:20ACA0000261B1FD12111221621243FD31B462A123FD1261420201123121FDA02211123340
:20ACC00001B212B1FD8372FD7221B03342FD0101A212330201901122FD3361E41293FDF3A1
:20ACE0002291FDF00302131201120102FD21020110120131020354220302C5FD5132210415
:20AD00001223F1FD12113211125312FD3132324121323021FD012222532324740372FD03F7
:20AD200002010112803112B30112FD4312210261F0FD12412273001112FDA334130231028A
:20AD400001700201FD1281210233322201FD0201236032213122223303FD74B4036213FD29
:20AD600012A15112933211FD423221317060FD51010203F402033233FD0201A03423023178
:20AD80000102FD83325302230201126011FD6011120101120213036444FD63031201902284
:20ADA0000112D3FD411293020302FD01D022014243F1FD9413125101FD403011420102533E
:20ADC00093FD124122502142010203FD0401951223045304233202FD2111704253110203ED
:20ADE0005274FD31031230114021FD420102234374020302710312FD01A0A00122FD01029E
:20AE000031E3322190FD3233013204A52324FD030211041203120160017041FD1112020340
:20AE2000115462032211FD01125001020132012203346395FD1413025104030221F080FD1F
:20AE400021421122FD41218002311223010214FD13051286031203120102150302044303C0
:20AE600002FD01800201203101A21213FD3413122141505011FD1201230293048532FD0449
:20AE80000322018011F01112FD0354B0031211A0FD01020334010221D522FD530211041253
:20AEA0000302610170FD322143025122011280FD01300130012201023313A4FD5413222308
:20AEC0005162FD1231C31263FD3202019011B0010263FD011293646312FD61024332740396
:20AEE00072FD43310231903011FD321122035473030221FD22602112511112039422FD132A
:20AF00001203021123B0022130FD21411203A41243FD3203320160211201111202FD034117
:20AF200094221312337102FD114000314102237284FD51031201429011FD023331440203C2
:20AF40007443FD0231033280012201121121FD723203021131B00051FD023341F42243FD3B
:20AF600032B1F4FD028134632201FD700231400132311142FDA203E261FD1211930213423A
:20AF80002132FD70113211216212A3FD33025302610211FD321203F1643332FD21411201FA
:20AFA000323051010273FD32E332031223FD52628183FD021102513201229031FD1263113B
:20AFC0004254A1FD73D282FD211273F11211FDC21112B30102FDF14251FD7122D1C2FD1274
:20AFE00011B11233D4FD3213120122431112F2FD21B212FD01224111102231930233FD84A7
:20B0000002510322126133FD1211429201026111FD20220161D2120302FD11323143022148
:20B0200022322131FD429013021322011142FD420152A111D2FD32A3237442FD3103F20217
:20B0400001B2FD61121172020112FD2141026112F3021112FDB3434232FD3171220102120C
:20B06000A333FD02711211021231510211FD22021333222362025111FD229201A20132FDC8
:20B08000312132200181024172FD12718112A302FD0112F302032231FD12014390120322A8
:20B0A0001131FD6262010211331213027164FD438212016221FD5223D401320112FD31F048
:20B0C00053020170FD400102330152E4FD13144362B3FD33022112B00110110021FD1243DA
:20B0E0000103127302E3FD026112121353120122FD8211700102D131FD5251820213A4FDE6
:20B10000212211031202214130FD600142012102732241FD521211222341E4FD0201126149
:20B120000312125121FD620233F3123132FDF34281FD12117002413231FD33121322728127
:20B14000F3FD1261523331FD4260934152FD32212122800142FD3101022352840322135306
:20B16000FD3211020122C01140FD11022101320203F43102B3FD2422232102FD0112A011CC
:20B180008041010203FDF402039483FD13022142223111A01221FD7001025301021344FD15
:20B1A00084130221931221F0FD122332118030FD01023301124403345313FD025102116010
:20B1C0002243010203FD02542332430150025111FD3202035401720302211160FD020112C0
:20B1E000332194022324FD6303120140026101D202FD231201903122FD01133214550374F7
:20B2000004430301FDA0020140113201620122FD31B15011022302FD23641455034204039A
:20B2200002D141FDC2B0FD11000160110203010402A50354FD45A4748D0352230201F9FCAC
:20B2400005040322116011F9FC0203049596F9FC75F9FCB4252629FC04FA0102137413FCFB
:20B2600011FA901102FC1384FA95FCBA3413011003F915FC04733465F9FC36F7F9FC162581
:20B2800004F913FC1110A1392C1203F0FD2011426390FD12018001323113FDF2527374FDE7
:20B2A0004243736202FD51212222F303F4FD8384FD8423423301F0F2FD100241B1FD126124
:20B2C000D22223FDC42102214352FD020101029031022172FD210233B3F4FD22136444335D
:20B2E00033FD22223111C012110211A0FD218271FD4302F3421122FD23743312310322E038
:20B3000001FD8011223163FD921201400102311152FD025393325102FD0112805102712190
:20B3200042FDB2D111FD42502341E40203D4FD23220302010112A0FD015001220122F30305
:20B3400022FD432213030402C5010263FD42544103FD12023121E012411233FD5401D21339
:20B36000121140FD91211203940233FD222301702221026141FD5202F1311261FD328201AB
:20B38000228141FD0263120312431251FD028112736252FD03222131F070FD01020304D531
:20B3A00001021354FD43141312020111F060FD2102E3002132FD01423241034422B511FD11
:20B3C00002114201221403411211FD22F021521304FD239022311211510223FDA40203148B
:20B3E00075330423FD020112D0018021FD1102137204650142140312FD2101A0700122013D
:20B400000304FD01A502033403118004030211FD601122114112334202FD3101A0601102EE
:20B4200001031214FD13651413441423030202210190FDA001021301220485FD433204033A
:20B4400011218060FD0111021322045503044534FD043303220251016002730102FD2344D2
:20B460001251030201D080FD0102030421A5021304FD1302110402031112900190FD1101AE
:20B480002202131394440332FD0312016011601112012203FD140165723441030201FD12B5
:20B4A0004001021301142265230443044D031202010100F9FC0302014001020405061788DA
:20B4C000E9FC1706050402046805FC241504F9010304151677FC46F955FC16B7F926FC0599
:20B4E0001433F914051627FC2837F916050403020140FC010204F9062788FC1726F9050411
:20B5000003020122FC03041586F925FC1445F9362768FC27F90605040322015C001103145F
:20B5200001FD0012010223036434230302020111B080FD01320103A4030445FD3433031231
:20B5400002210190F0FD11527051FD021181220314D502FD135413821473FD8102612222E0
:20B5600043FD53E24201C2FD115221112250FD730102037424530301FDF002119011FD4208
:20B58000000172432201901100FD510122025313046574FD0403220301900160FD3101121F
:20B5A000120384B30302FD21020112800140110102024303FD04651455142304030102A03A
:19B5C0000170FD011201021303640233FD3203022101A0902D0101010D7C
:02000004005E9C
:20A00000E62A0708FD06051001100103130504020504161604030102030505060605040273
:20A02000FD2010030306040503040506260706072748161769FD16050304061A081909081C
:20A04000280604053916071D060708FC06060507070818092A290908071726060717280603
:20A06000056C07030601050607071808097905FD1607260418000499060516030405FD0477
:20A08000021028131701040805370201030508061907048D1800023907080726080705099D
:20A0A0008C14680605140301090203FD0002020506170718080706020100030607191908C3
:20A0C00008153716FD152606050440100102060508281908260708DD3907381A0749050324
:20A0E0000103150807001607FC0607082829171808195908070502266AFC59292A1809079A
:20A100000704050106040706081729FC38382907080A29BB08070819FC0807281A0716495A
:20A1200007190808170705081609FC0A074B0849FA081708070637CC063709060801150061
:20A14000050706080700FD0605171726160504020306072818070704050206041703FD04D3
:20A1600008052926080506030100000105071818060602040102050537FD26070818190670
:20A180000650500103063407FD38030609081A1909060610130404060507060827096AFD5B
:20A1A00004131625090807030601041000020526375D040308160908010708FC06070508FA
:20A1C0000729180608020701081619271A29060403083C101703081400FD050507061807B4
:20A1E0000819190828172617160507073806FD150709183A172619080516040617071818F5
:20A20000FD1617052806170503100001040406050503303002FD040726180603302005058B
:20A2200038071807070606051504FD26161517023600242703041508A916FD0300110405AA
:20A240001604080306100405010704191608FD040601050507170807050502021010010207
:20A260001000040317151606FD07073818070507020520100516271706161507FD06280717
:20A280002807060705040102051507880607060718FD0706030701062005064802300906CC
:20A2A0001A180907081D05061159FC000105179A180716070827094C060812160608B80350
:20A2C000FD14160503050627070606031200040507FD070806070516140706180514170543
:20A2E00008162907061A1779DD1507081918080606020100020415050109FC143805070891
:20A3000009293A0807090418010509071A2669FC172827381629070614180600FD08062992
:20A3200007380807060705060607170807050310000204050306FD0508061907181A0709E6
:20A340000407200001060107020806990807289D190807080817070303181C1000FD0205A2
:20A36000061727060506034510010314040305050606070708AD0607020500070609071AED
:20A380001809070814070600399C0104060758060401100401FD06050806190708080506BC
:20A3A00010150107070808070714050607073838FD0706012020030106030714482506299F
:20A3C00017FD053830290304052A0708070904180106090708FD06070504020305154703C7
:20A3E000100108062907080608021703054D0806071416000208FC111703080409070A18DC
:20A400001B070A030900080409161A1309080609FC077A1809FA191837AC060406081A09A5
:20A42000070901180006190800FD08040710060806190806080407020610052401020425F1
:20A4400025FD0403010515160313010404020300060109061A17090608052704FD020408E5
:20A46000063908170608050706080809291A190806080305FD10100303061527060706064D
:20A48000032302030405060607071818AD070705040103030606370716050502012009FCE1
:20A4A000180309062A0706031900027A040301000407183C090618050704FD0806191718B2
:20A4C0000607191908080715060727280507030605FD171606041503040607070808070719
:20A4E0000505010605080819090808070606FD0517060506042010051626152716041603E3
:20A50000042705FD1606050506170706060505040406072819080566020113FD1514250282
:20A5200005072708070608180908070506010504DD062507480607080707050401050307F3
:20A540000718080707099C06080509071A18090538241500FD0307040806290819180806C4
:20A56000070303001101021010140504FD0107053926070805032020030105040706080794
:20A58000290809FD080806470435061414050516163767FD150405180627492808363704A2
:20A5A0001D260008FC270516080709085A5939281608FC09171A083B19180A1719060825A9
:20A5C0003714081C250904FD182707080807270506030504161704080639050426FD58073F
:20A5E00006140307010604071516270706173806FD070627030403060217051415030200E4
:20A60000000101021000020313FD22243006070801290305163A070859297D2808060604B6
:20A6200004000128FC03010027011208032914134A04060705FB02FC040607084918070678
:20A640000426DAFC27180726050203091458023C01041500FD120102030434152602031713
:20A6600004032824F90506FD07280706051405467917FD0605028008070604230401050383
:20A68000041203FD021101033314150113200405017634FD0213010710480223F9040506AA
:20A6A0000516FD1706050403010223A904130425FD040203181207232602251311040390E8
:20A6C00030FD01023101040215030236030201FD1015021614070328010301F93002040503
:20A6E000FD04130546E914151605FD040110030504050856470605051304FD1312021101A9
:20A70000120203310405F60302010231FD020100110304460201020304470334FDF81304C5
:20A720003504030576FDF80504051657FD06050458050403122137030448050403FD0110AF
:20A74000570103150416031115041605460504FD01109702011003050617160605050404CD
:20A7600023FD0586121305161757161526FD9825161504571304030405FD5604050607F86B
:20A780001504050605021103FD04020104065805960706051403FD15044626271506045533
:20A7A00013040304050426FD350738061706D70504030405040304FD0516154406550506EA
:20A7C0004704020112FDF801022104050401020466FDD80513160504010012010750FDB65C
:20A7E00011100204050706F81706FD15040504010011030506370819FD4805010314C70348
:20A800000204150300010214FD0320361305022403120503061627072846FD190804063042
:20A8200014100407181807070405110405FD24160716580503110509071A18090606100255
:20A8400006FD05182607060507061807060704050203030506170704011000039D04071756
:20A8600008060501030206071818060501186C030629180618040504FD0717180516020528
:20A88000080809090808061702032836073817FD180706030200010516070807070606152F
:20A8A0000506160706041402FD050707060605070708182907060803770102050607060529
:20A8C0007D10060705080607040502040001181C000300FD04060607070606030301040546
:20A8E000050707080829070604081317043806FD27070405020404061637050403060204DE
:20A9000010010201040215FD0102060507063805040617190628030405190604081207FDFE
:20A9200008056917051305060805062010020516060420FD10030626070604050606077701
:20A9400006040516050403FD06000504070718280705060205051706050604040103020414
:20A96000031504FD030200050408051916280503051907061825070606070708FD060701A8
:20A980000602051000010615170618071859070607185D383707040508FC040703060005AC
:20A9A000030706080709289A0708092A09FC0809072806150914FA13063728FC070605105E
:20A9C0009A020608096A598C090807152804030400FD1004060107000801C90304051617EB
:20A9E00086FD48250705030301016060FD010302050106030704F8251405041504FD0625FB
:20AA00000402380405040389010001030104FD3608270523F604031403040311FD02040597
:20AA20000403022703042548163447FD0605262215010416650788FD030403010207103616
:20AA40000302032735580405FD0413C905040201000305020406130558FD0435040701057D
:20AA6000003602110205011413020103FD04150504160504250304030402050404131304AE
:20AA80001105062317FD0804F90302030201050403060402050100FD1329140208001712B5
:20AAA00026011325010311040513FD1604272506143505040506061715481605FD26271849
:20AAC0001607080717061728050639050416FD58250211071015026050FD010224040024D4
:20AAE00007060706280402071909070620100107FD150809063A08270802000003050706EF
:20AB0000080719080708050706085D170718080717060509FC0308112900027A1709080723
:20AB20001806080006040520032C00040500FD0707080809090A0A090817170501010507F5
:20AB4000281869091A3B5D080A160809FC030500010214110706181709080816171505018F
:20AB60000707190906FC062010070819090A0A3B0B0A1909170709190A0B2A6C9C095A0BC1
:20AB80000A18094B071606050504060605FC1706082909281A070812151000020203010416
:20ABA0000405060700FD09071A0807191828071806100004080A0A1B2B2A0A7D0909070883
:20ABC00006070415001437185C06040405080809095A0B080A0509030720260B060C07075B
:20ABE000FD0038041504290605071A080708100608060A084B29AD0A092A080602290316B1
:20AC0000081005046C16002708271806073B071406040006044C001604060708080A09FD19
:20AC2000190A090708160908100405040706082729082A19084B3D17180C0A0A0BEB090AFD
:20AC40000709050A083B0708190A07090408031714060318088C39190A09060703180601CD
:20AC6000070404FD574809083A091A191908281605175D04050908080717080609FC04284B
:20AC80000607060300040525030200060409073A08091A082814FC00060108080A191B2A2D
:20ACA0005C1B0A090B080A0709067C08000605081819092A1A0B0B1B1C0A09090B08060A36
:20ACC0001701190008031A1704050B06075C0118040709080806060708FD0119161A1709CB
:20ACE000040A065B07081908072A1302495D00030603011A002C07190604086B06060317B3
:20AD00000706060708080707064C040807071602040807FD0309070A060901080329040101
:20AD2000052A08092A1B0A090908040400DD05051707060520400607280411190600070C76
:20AD400002160B161A10032B0206050306070C0709FD062A090A5B090819180A0609140817
:20AD60000703060628182D09191A0C7A090B080A070914080700160104040B0806CC4A09DE
:20AD8000080608071906080805000001050618080905FD0A181B192C3A0B0A09090706013A
:20ADA0000302051010060717082D05230309FC27020410180109071A080708031704030127
:20ADC00000050606041000FC0508081A090A0B3B4C0A090B080A17091803010A074BFC2991
:20ADE000181A060509041813070206010000040408051906FC071A09081906070804060133
:20AE000007050A080B076C08192AFC090B281A090508072919281807071638050401FC09EF
:20AE2000061A080709031806051601070706030002050709190A0B5A1C0C2D2B0CFC090B4B
:20AE4000071A06070805070809493A590736BC051A07080907080609070804060608070740
:20AE6000020501060200FD03010006063908391A070906181817071939082D090A08090909
:20AE80002C0807070605082B030600050501CC08073908090A092707080400000105061888
:20AEA0001700FD09171A082B2A0A19090807060000012605020509091A0A2D18190AFC08D1
:20AEC0000806040202050738081708070110000401100007072918FC092A0A090A3B1B2AA9
:20AEE0000A090907070508070A085B19FC1A490A39180717160605050101041507125C0000
:20AF0000050502100002082807FD080A093B08290A081917080506010303041521065D0758
:20AF200006182719030708FC0616050708083907160428000604070008050A061B05067C1B
:20AF4000FC192A19080B060A0208200705040506071809FC2A090A19091818191908181616
:20AF60000703010005040601050008FC062A0708292B1A3C19382B0A07090208EC00070130
:20AF8000060317060709192A7A09280104073B0901180410071A060309071B0B0ABC09FCE5
:20AFA000080617051604091A0B080A050903180113CC49052418010609290A290A19073BA9
:20AFC00001060015020400FC0707090A1A5B08060708094C3B1A0B091908EC162807180771
:20AFE00005060208081909180708090717010308070B05061A000501180B070C0805FD59E2
:20B000000839070701000001281809091A3A299D090607101005042706040508001607FCDD
:20B02000080707150400060628070504170002080409183A030008FC2B294C0807090A094B
:20B040000B160A09030800070408080A093B1A5C0B0A0908080507060B05024A0001040928
:20B06000080A070B180C09FD164904011518031709070608081A090809061815097D061AA4
:20B08000070419020508000704080106AC06010515170118150703080519270AFD090818CA
:20B0A000070807061003071508170325181903050A084B092D382C1A0400094B041601073A
:20B0C0000708060907BC2708070838390708061908160809CD002A16276B050207182A078D
:20B0E000050C07181B28071A13070B06078C002904172816171904071B070618082C1909AB
:20B100001A0A8D4B3B0A0A090908070605FC1900041A1729050708080507030601051000FE
:20B12000030304110506004C0801290403050A087D192A0A2B0918FC190C070B010A1039B0
:20B140000103023A060518090507000604186C2719051814090506FD060503000002062829
:20B1600008071919080709091A0A08080605100005017D0704180107390807090606078C80
:20B1800004030106060715180207000804091717FD060503040418070507040805070005C0
:20B1A0000409090A0A09090718050649086D09180908180708090C05082B1004070604ECB4
:20B1C0000707180807070818091A191908071A1809071A08060B3B070C099D0A094A0807DA
:20B1E00008090809070818072C09160804020B00100A052B0002040107052C0607080609EE
:20B20000073D07081929084C1918080606050808CD053907083908192A0A1B090A07090500
:20B22000082C0604050500020B03100A050B06178C0407080809095A0A090806051B07090B
:20B24000083A2C1708CD060B070A061905010A052B17041A060509141A0C07088B080707E0
:20B2600008082919080717050308053C070628050405FD0507020404070729291A080729FD
:20B280000500064A080908090D07292C1907071B680302AC171809090808071706051600E3
:20B2A00001FD0408170708081909080807490807262A0708071B080D070A2C191927064B48
:20B2C0000116081704052C000603070608FD0229050607070103022604151406070308072C
:20B2E00019184A195D0A0B0A08190501082C0704060605051B1700022C0516070805FD0234
:20B300000715160707050402061507060405000302060507170809092A3A9D09280918070F
:20B3200005040406050500027C040000040306071808072706030B07030A18002B0609078B
:20B34000AA0A0C1BCD0A390849091805075C18161500050817094B1A0306DB07180A271906
:20B3600008030501161608090B0B2C6C2A3B1B09EC1B08070A03190210180619092A0A0B7B
:20B380000A091908060727AB060705050307061905020A081B190C0AFD1A3B19071A16094C
:20B3A000100506051716180706071408392D0302010C08086B0907080606000403060505CA
:20B3C0000406062C0418070809DD000A025B04080908392A0809062807065C2907182827FA
:20B3E0002B090468153A000403010B062C0707080809099D071A187B49182C2A1A092BFB98
:20B40000270A051906070803070108051600040806070508080A5A4B2BFC6C3B0A08060BCC
:20B4200010490204070808051401FC04050204041706051504051000020717090A080B09CE
:20B440006C1A1BFC0A192B282A17050901080307011500020601088B001714040006060783
:20B46000070608080A0A4B19FC08090A6C2B0C0B1A0B080906182727FC08060210000504AB
:20B48000060307070806170506060100040309173A153C040B080C299D3B0A291A093727D4
:20B4A0004C09043807283B090708160706032A0700080507010B05080C070AFD040B053A8D
:20B4C000040506174B491A08291605085C0704040507281806076B080307010805070408E2
:20B4E000071906050C0808FD07490826171A084B090A09170A02290100DC070602030607A2
:20B5000008180908070504100110020301070406000705FD00070528021009010A066B08D6
:20B520000907040506052A06080D07097C09181807060507070808090908084B0906070426
:20B5400016030005032C0118060709FD04CA1806070605042605070609000802090D000807
:20B560007C0707050838094809083B09070806070506000A28020B080C09FD05AA070918FF
:20B580002908071609030805091608276D04050405000403061407080C07053B08100617BF
:20B5A00002000C0506FD0117040729192808290702480005060719193D07180607070003AF
:20B5C000CC05010607080809090808071506270614080507040808FD061A18090707040679
:20B5E0000609293A0A090918080705100011163D0007160806CC5912000317180607070372
:20B60000030016160707FD000903BA05160517060718190927183D0714050602052C0802CD
:20B620001704054B08000711081700052C0516070807FD04181709086A196A290907181669
:20B640003D070005120400012C0700050400034B1501040100000106064C04070526060749
:20B6600009070D08096E001A06181B171A03095D0927182706177C090418060807070618DA
:20B6800008060605070B88031A01054B28090A0C0B6D063C08092A2B290C0A1B19082C0576
:20B6A0001A0889090B173A0603012B16086C0809071806172906080A9D013B0210034C17DC
:20B6C0000809060B0C070A9B08390704170706161705050317071C080807FD05080605047C
:20B6E000020303060417000309270A4B080A3B1A0D190A2C180603070B01100A020B040770
:20B700008C02080749060401070607040600101B0518070C18BD051007080109070A093B67
:20B720000A2B1A0A09093C0A050904080506011B07000808BC072929182809081707061264
:20B74000000507079D2008060705080609180A3B091A1C2B1A0B0928FC1806100002080790
:20B76000292818070609052800020039016C200A041B07080C093DBB0A2B0C0A1B09082A6F
:20B780000708070900060103FC070809192A0817190518030507000501080709094A080943
:20B7A0000AFC7B1B0A191A2A2809061604270708FC19081718060704010005050601070485
:20B7C00009381A29090A0AFC2B5B3A0A0919180806060507070816060708396C191A181965
:20B7E0000708080B07296A06120A071B090A0C4B6D191A190A1908BC0907180605160206EE
:20B800000818090A19EB280B070A0609040730051608050A180B0C09FD0A4A3B0A1909073A
:20B82000070405020420200304050506263D05130500038C08110601101003010502070634
:20B840001908FD030A074B095A0A1909180817170546140D003C0807150604047B1802011E
:20B86000170003080519170A081C19090ACD055B0839181A1709981605EC2908170627152E
:20B880001404020604172508FD100708035906077808271617070616FD050707060604158F
:20B8A00005060304000605170301080439030205062815FD042711100607125804271809B2
:20B8C0002817FD050500020305041000010504040305071738060706060215014C081006FD
:20B8E000070106000701FD00150406080839194A08161019040800060317056D0106041763
:20B900000605150416009C1705060603100217010008052A0708FD017B0607080928171AC6
:20B920000809071816070416100D072C070515167B07011614120005171608082C071908C4
:20B94000090A7D069B17190819BC2A2A190709161805070005010600024B06000705061071
:20B960000508064C07082807060409070D08086E0109020A071B281A07095D091718081747
:20B980000718040C08069B19020318000309152807051700065C06490817080A0A6D086B61
:20B9A000090A0B0A190C0A0A2BFB491A090807050606050501030606170301380400016C96
:20B9C000051A170B082C191A9D3B292A1827090807085C09051806050601040406064B083A
:20B9E00000070508071705072C01280407DD031907060A076B181908190A1809080707FC98
:20BA0000190504081004150410000506060304000706080507060828290C099D061A05064A
:20BA20007B18090A0807065C091A0807090527104B060305060707060507068C0507010654
:20BA4000030806290506072A18AD052B0708093C18290B1A0805092C0808070701046B05EC
:20BA6000011605010403071618056C0528070607391809CD051A03046B08092A190A070995
:20BA8000050801070C07156B0807040500040417060308042C060607040805FD011603014A
:20BAA000070518060509076A08095A0928090D072C0907080607054B2800010007010856F4
:20BAC0002C1608FD00010407060807070808290908293A1A2919082D0806050500060C0788
:20BAE000156B180607000604280605072C072818FD00290304179A06281927091508170D54
:20BB0000032C0805070606054B28010504070208262C06070927FD0607080829393A0849AD
:20BB20002908280706EC0907181607100305050300000415170308061907063A08CD0103D4
:20BB4000056B0605170506072A06030009FC081807060603030205040300000105050602AF
:20BB60000405070718060709182A0C09CD036B0205681A090707041600EC08001601030422
:20BB80000000020406030500060618070509065A070607CD0001056B181908170A06090439
:20BBA0000800072C082306044B17000418060409052C2837FD2106070618070509282A093B
:20BBC0003B0807280A19070D04082C0806070504013B37000501002C0406170504FD001783
:20BBE000050208042906142A0605047B0605070806040D003C080A17090802261B171A38E8
:20BC000000022B030009062C182809FD2729182A07083B070407282A07091508070D0105EC
:20BC20002C0702050400106B030405050101020727183C0729190A2ACD18196B081917088E
:20BC40000A1629042C0827172B08041705061A1800012B0704050007042C06060704090601
:20BC6000DD07180809092A2A0B3B0A090A092A1805092C191807072B181617043A02180665
:20BC800014072B06071706053C0518070809090A9D121B066C0807080916080B1C1A1A0BCB
:20BCA000DB090A181907070505060605100003060403000505181605DC080829090A2B0A82
:20BCC0005B7C0A29DB1B180A06190506080206000704060101021606050506008C1704051B
:20BCE000080829090A0B2A1C7D4B1B1A091A1809072C0A050916087B090318060506000548
:20BD00001507050107165C0100050517280809CD001A05060B073C0607392B062A01000C3F
:20BD200007299B18062803150604052707145C02070306040807290809DD062A08094A3B2B
:20BD40002A19080906180500072C08150706044B28000403070008025C04110005060705F8
:20BD600008060907CD150809070A186B090A29282A0C0A081B9B07060A0519060708150756
:20BD8000080617030501FC060005010706181709182A092A6B7BFC0A19271A09061803043F
:20BDA000070304001503100004051603FC04081619270A6B082A4B5A2AFC290918081617DC
:20BDC00005050104040605040305161704081729FC08392A6B0A190A193A0A29FC29080707
:20BDE0000528000302170004080217000618070609572AFCCB08191A2908370A19FC060889
:20BE0000131705160001280403062908672ACBFC08290A2908470A09080705FC2604060513
:20BE20000406051806030904BA05030607060718FC096A6B08170A0619070608140728FC5B
:20BE40000513290605035A0400030604029B100607FC08096A0A1908291706280507064705
:20BE600005FC0708071808170728081729284A190AFC9B091A19080405062A030607290615
:20BE800017FC0806171705050306040703040007061904052A18090B1A2CFC09381B4C17A8
:20BEA00008091B180A05080007040805070006BC0127140504201004030000021616080391
:20BEC000FD0A098B0A092817290A291802070308000D06060C0307FB04081709182617073B
:20BEE0000303100406041802072A0A0B0C0BDD5A1C1B0A0909382817091A0803291C080724
:20BF00000B08064A07010826098A030900080109071A08091B0A090C090ADD071B195A08DE
:20BF200006020305061B07082A170529FC1807070406070708062715040601070508160990
:20BF40005A0703002C040001FD09175A081918090708041705030601172516063D050504B7
:20BF60002605049C1914083006050405030707081809FD0769094A0928485707162D04065F
:20BF800002050036AC080706031301040400020326160807FD0018010629284A090807293C
:20BFA000290A190819082D06280504AC2817061702040803170116280205FD010600040525
:20BFC000170706060718080607070808071714280500040906FD18052709181809280718B0
:20BFE000070716180427000310047D06050710060704061000020204AC080016130501040E
:02000004005F9B
:20A000000406050703080529070809DD161A077B280908275A0604004C18072906059B0844
:20A02000180706072406250506060717084C04080609170ACB08FD010647060301201A0282
:20A0400009010810170DAC08150705023030030506260708FD101704280614590503060768
:20A0600006057A160708FD071614190608021614040002020403030102032415FD06160744
:20A08000160506070515020506030301140513001126000127FD0201032804112904032649
:20A0A0006A1827095D16180507200625FC28061407180604070518070507062807142906F6
:20A0C0000506FD03181409162A173B050005062A05172905073D052803060527FC29052832
:20A0E0000607150708070705060628070204290611FD26050405282719180809096A080757
:20A10000090807486D29281706075C19060708050604070506106B1803070006012804037F
:20A12000045C040616070807290809FD042A0708299B2A09080705140A0901080D00072C9A
:20A140000806070505048B084007060504051206070308052C0506072708FD00040806093A
:20A16000171A187B190A29182A072D032901002C082807067B080617070616045517082C5C
:20A1800006070806FD10180329274A0816071659071405FD032802040127020501060017B3
:20A1A000030006020704180102490504FD0203112803021600030510000101404002FD012C
:20A1C0000410050603171508031901029A030527487D2907060508041700DC081607060413
:20A1E000040203010110000311050603070518061709FD03180507190809084A6929282856
:20A20000075D270506052500149C29010512280615070806190503FD0416160507071806B6
:20A2200004490604010512280501270205FD14162607061727061738060708270748668DE8
:20A2400017060515040306CC29140368150405362927FD13080419150A107B030507182775
:20A260001A06092D05280300FC081707060514141101040415150606071706072828FD013A
:20A280002912059A010207060507060516290516FD280506042600041000020403100002DA
:20A2A0000404110013040302FD04052606050607070626050716031607160406070516026C
:20A2C00006FD07151607071816492708072818270718BD05071608070506160706240506BD
:20A2E000042010039C2800040207002805030129050605FD060617050658170839093A18B6
:20A3000039296D28180726150415FC190608052704050105001604100326040105181709E0
:20A3200006FD06170708182907182A07166B05070806255D0A19170806071506DC090108E8
:20A3400003070405010204050604030004040510000205230608FD0005030606071718181D
:20A3600059070809186A290A8D2929080706080407021601DC180506070405030415061155
:20A38000010605051000020203061608FD00080349171605180105290706081A19093A1A02
:20A3A000BD09080905080307040610010304041020149C280307062605070510001405070A
:20A3C00005FD00281537190829380A19173A286D1719184A05142C181917084B03062517C5
:20A3E0000816BC0514130605070638080706150908040908FD1719090A1A4B090807060AEA
:20A40000051904034A1607083C0919170801059B0301050707181807061401041716082CBC
:20A42000011905070AFD027B0400060706091A1A190917281829190D4C0A272916080B097E
:20A44000032A080047040509020A070B084C0109045A060708CD0005174B091A081A1709E6
:20A4600003081209080C08031B09000A04AC49050708090808062501050300000606FD0006
:20A4800008073908191808070708081A092A0918080516163D0204030706080106CC06003A
:20A4A000040436163507080702081519041A08FD1A1B090A081817190806280406040700BF
:20A4C0002602030608182D1719060C18073B3015071C06040800FD02061607160508181972
:20A4E000091A1A190908080606030505060601059D020806391708191A08090518000C0749
:20A50000073B0804070215102C02240708FD05271809091A0A090908070515010207050895
:20A520000709091A2A091D0819064C19381806070B18043A030701010005050B07080C060C
:20A5400019FD0014082705070504060707180809491A4908095D2A1A09090718030C0806A4
:20A560002B0905080717061A10050B17070C08FD0549070501162805070207042906050126
:20A5800008002902046D062A08090829070806082C08170601054B0400000316160808FCA7
:20A5A00027190A083B191A0A094907020100062A08095D284B07180A1C1A09080B5B050A7F
:20A5C00010180116000601FC17060708093A4A0B0A0808060500020405060709090A0A0B07
:20A5E000AC2B4C0A191B08090A0808060501072B10140400BC080509070A194B0705070609
:20A600000A010903080207075B0505040817090A080B091C1A0A0B4D074C0908100C060B2B
:20A620000B080A0A2909090808070938090A1A0B0C4B7D0527080A171903080C07063B087F
:20A6400020050205030C06077D03080709090A1A3B390A1C0915080B050A3410090A140B9D
:20A660000C15077D19093A0A4B09070C080A0B17080A0509160107000817070A090B060AA2
:20A680000C070B4D044C07281C091B270B0A0A0808180607041609050A07083B090A0A0B71
:20A6A0001B0C4D1A3C0908060B0C070A0B06090A14070810071009070A01080B030A0C07D5
:20A6C0000B5D035C070A0B0A080C290B0B090A070968050700050108080A090B0A0C0B5DF1
:20A6E000064C08091A080B0C07090B0106090403060100040305071508090A0B061B0C0703
:20A700005D015C060807160C190B0B0A0A08090807060406010605070906090A070A0B087C
:20A720000B0C094C5D08090A1B0B1A0A0C080B09040A0801290600050406060A17091B0A19
:20A74000080B1C064C093D1708070B0C190A0B090A08070907010805000906060A07070B4F
:20A7600006090C070A4D050B085C092B2C0A080B0B07090A04070903050800000702010913
:20A7800016070A080B070A0C190B3D3C1A090C1A0B1B0A19090A0709273008090A060B0885
:20A7A000060C19090D0A3E010B063C08051D09070B0C08090B07060A0502091110070900FD
:20A7C000080A13090B0A0C040B5D033C08090A090B070A0C69090B07090303000004010596
:20A7E0000709092A0A0B0B1C5C2B3D0A080C190B0B090A0808090707161603070915090A28
:20A800000A0B070B0C084C3D07090A091C0A0B190A0B090A2807081006030902000A06056F
:20A820003B09090A0B1B0C4D1A3C19080B0C090A0B08090A1708080407250509080A090BF0
:20A84000020A0C050B5D003C06080A091B060C180A0B080A37050800070306060808090A2D
:20A86000290A0B0B0C0C4D034D1706000C160C0B0B0A030A09000806020007050309070525
:20A880000A08070B09090C0A0A5D093B0A1B0A1A080C09080B3806090007011600090209CF
:20A8A0003A070B090C0A0D0B3E173C05010D080B0C190A0B090A07070805100604080312BF
:20A8C00009050B03080C050A6D001B08091C0A091B08030A0C06080B04040A0011091108D7
:20A8E000050904090A270A0B0B0C0C5D053D380C060B0C180A0B090A05061803200409053C
:20A900000A07060B19090C0A5D080B094C1A08020C050B0B010A0904080803070505040687
:20A9200006070907090A080A0B090B0C1A4C3D3B1C0B1A0A0B090A090707281003140109F3
:20A9400006080A09092B0A0B1B0C3D1A3C09060C280B0B0A09080707060604020420010812
:20A96000080A090B040A0C170B6D3C1A0B0A0B080A05090C07070B04010905201806070AEB
:20A9800008070B19090C0A5D080B094C1A09060C070B0B050A0A00090803071302030307F8
:20A9A0000804090A010A0B060B0C084C3D090A2B1C1BDA0B0A0A07072002000407090A0AEE
:20A9C0000B0B5C0C3D080C090B0B080A0A060809040606021000000603050905070B0109FC
:20A9E0000C160B5D3C090A0B0A1B080C190A0B080A3802280003060A09190B1A0C0A5D09C2
:20AA00000B2A3C09070B0C090A0B1709090707060410030001040804080A05090B070B0CD2
:20AA2000183C4D092A0B0A0CAB090B080905030010110708090A0A0B0B5C0C3D1A09070C0B
:20AA4000080B0B070A0A0309080507051110000703060A11080B0A0C060B5D053C0719074D
:20AA60001B010C070A0B08093A0727050406090B070A2C040B075C094D08090806000B0CBB
:20AA8000060A0B02080A00070801010500000711050A080B15090C0B6D023C1809180B0A09
:20AAA00006090C08083B0904280002062C0719090A0A5D080B293C07030B0C080A0B070868
:20AAC0000A0607092505070006060906090A270A0B0B0C3C5D0406170B050A03095C080759
:20AAE0000605020011020507088D10090A064B091A09080A06090C07070B16050A03091569
:20AB000010080907070A28080B090C0A5D063B27030A02095C0807070525110407077D0485
:20AB200009160A0B075C28060C180B0B0A070A19060903070804050903070A17080B090C5C
:20AB4000060A6D003B1607060A040900084C0806070216010307029D04080709080A290B76
:20AB60003C0806030B000A0C14080B060A150309000806020908070A19094B0A0A3B2B0AEC
:20AB8000FC1A09080907080407010612170709290A0B5C0A1B0A091C070B080B0A072A09D4
:20ABA0000208000605490408070A290B0C5D073A280619055C0907080627041508076D03B7
:20ABC00009060A074B092A2C0B1A0A28090B063A1307060117060B08DC0509070A083B3938
:20ABE0001A080709060812072606079D02080709180A3B29080A070904080C17060B030A1D
:20AC00000804391905060A086B190A4B4A19FC190808071726180709096A0A0B3C1B09FC08
:20AC2000080A06070120200506080809194A5A090806FC090508110718000209070A085BFB
:20AC4000090A2B1A0A09090807FC0530200506080809497A080706050913FC2804020906CA
:20AC60003A090A3B4B0A09080A07080304004C0011110606085801FD060706072807060798
:20AC80000706050402130300020406070818097D1A092A19180908070504086C0304200192
:20ACA00010030604080603FD2516070638070516070405200310010506080719087D191A98
:20ACC0001A29190808050608FC050604011010060308063908194A0A2908091728FC060584
:20ACE00009071A196B0A2B1A090A0809060704050C01074B00080109040A050B06CC6A074B
:20AD000008191807090608150716060708088D0009040A065B270501000A0C07095B0907CA
:20AD200008060602050407070808DC0609083A193A29091808272708089D0109020A035B95
:20AD40000607080706050A02090C08083B0907080407010803FC0605080709186A091A1954
:20AD6000180938070605071919BC7A0A4B0A090908070703064B06040506060707080809DC
:20AD8000CC073A08093A291908072805040509078D04080609186A39072C09090808060600
:20ADA0003B08300708090C0803FD04170708081939180707060503012020050606070809D2
:20ADC0006D594A0907081C090737060B102A14080B17060C087D021906081A29190808062D
:20ADE000066C09010810070601080709080A096D080A394B08060A0C08090B19080A0519F2
:20AE0000080017041A0608080B070A2C063B08093D07082A06057C09090708040603150005
:20AE200005080809090A5D065B093A0C2B0A0B091A074A05071001060318053B070A091B6D
:20AE40001A1C1A1B2BAB1A090A080906280501030A060B070C085D4A0A4B090C2A0A0B09AD
:20AE60000A08090905181802060907080A06090B070A2C053B07093D272A060C08490B3973
:20AE80000A09280A1A7B090B0A5C0B5C0A0B290A0B090A07180801170409060A16080B0A02
:20AEA0002C026B07093D1806040C080A1B090908080A59061904070A080B090C0A6D070BE7
:20AEC000493C0B060A0C18090B070A06010904001A000404050B15082C09081A094D073B37
:20AEE0000918060A0C08090B79080A070904080609080A090B0A0C0B4D074C090A0B0A0C28
:20AF00003B0B0B0A0A080705035A0000030205060809091A1A7B0B4B3C0B0A1A087A060831
:20AF2000020300060209060A080B0A0C0B4D094C0A1B2A0C0B0B0A0A7909080604000501F6
:20AF4000060309080A190B0C080A4D063B1809070A1C090906080B07060A0502190606073A
:20AF6000080A06090B040A0C050B6D004C080A1B0A0B080A0C19080B053A082006051706A7
:20AF80001B0808090C070A6D013B07080A090A080904080C78050B003A010607080B0A0C69
:20AFA0000B5D033C080A0B0A1B390C0A0B080A052908012702051A0818090B0A7C076B0988
:20AFC0000A1B0A09060A5B07080507040605130618060C086D0609090A0A4B1B0A080C69D3
:20AFE0000A0B090A060904080209050A060B18087C1A192B0A2B2A8A0B080A0609050804C3
:20B00000070008030A071B085B090C0A6D3B0A0A080900080C06053B081006070108030C0C
:20B0200007076D02080509070A183B07060C090A0B68090A0809060803070509081A0919EC
:20B040000A0B0B0C084C3D06081A1CAB0B0A0B080A05080007030604070709190A0B0A4C56
:20B060000A4B2B8A0B0A0A0909080705020005030815090B19090C0A6D070B082C092A0B1D
:20B080000A09090C2A060B011A00390109020A171B1A080C0A4D083B29080A1C0909080870
:20B0A0000B17054A01050316060708090B090A0C080B5D005C06090806000C040B1B070A88
:20B0C00005090A0608192507081A09060A0B040B2C034C08091D172C190B0A28090B073A19
:20B0E00005470105070B091C0A090B4D084C29062C080B070A05090B07073A0801070038E0
:20B1000003040B080C096D040A065B090A0907000C050A0B06090A270829060718080A0A29
:20B120000B090B0C083C6D06090A190B0A060900080C06054B07020601151007059C060888
:20B140000709090A0A3B3B0A0A0908084B090507010200000203062C0109060A080B4D0704
:20B160004C2A090C0A0B0B690A0A0909070705060608070A090B080A0C065B4D0007080965
:20B18000080C0A0A0B6B090A070806050210100506069C0809090B1A4C2B0A0B191A6B08A4
:20B1A00008040201000501060208180AFC2B090A1B0A290A0908080617050303000201056D
:20B1C0000306060708091AFC1A5B1B1A09280A190608040702080619170ADC083B390A0867
:20B1E000081717060504070628140703FD38060749270608051704050604072738085D19E4
:20B20000192818070609FC1718050601070618050109174A150706190405080007FC060896
:20B22000074908090A7B2A090809082A1708FC09060807192908194A070807050904080597
:20B24000070100001206FC05060809092A0A5B2B0A190A090818090806070408BC0709188F
:20B260000809093A0A190A09190706080507087B061605141009030A060B094C08FC1A2B7D
:20B280000B1A0A08090708020614070600070709192A0A5C0B3B0A19160A6B091508070154
:20B2A0003402060706FC0709080A090B6A4C0B0A090908070603050417167C08080A093B0E
:20B2C0001A1B0A0A191B0B1A082A140938031900041A17090B08091C071A098D064B08198A
:20B2E000180A0709080805065C080207012806070809094D260A3B07052C081A0704097BA3
:20B300000717160613030607180809091C181A8D045B072807161A01085C48060504150924
:20B32000074D06080709082A192C1A1919084B1618041600012C000504060707AD01080637
:20B3400009073A291A39090805087C08160706030404030506080819095D072A191819053A
:20B36000082C0705050400021B0410032C0105061608AD06080809094A4A390908078C189C
:20B38000180706040402050607180809094A4D0708060501090C06073B18060416102C04B3
:20B3A000260708DD0218070809393A2839070218030107AC28151619050A079B1817060B40
:20B3C000001A030209010803062C06182704FD072808391918284909180708050703061258
:20B3E000BD040110000203050506160718072506070609FC05380406050209050A00AB01DB
:20B4000005070869FC0A2809180636000210070409072A093A1B9C0A190907070503100081
:20B420000301040407081904FD170A3B18170A1609080104401310260502AD052707180688
:20B44000291807080507060303064C1001031104050500FD080709182A1909080807070563
:20B460000404101013040605070609270AFD190808070704100001012010010405031000A4
:20B480000304120503FD0307073948080506010420200506080709060A481B4D1A09060A8E
:20B4A0002C0409020711084B070009040A060B180C0AFD1919080807071606040000010417
:20B4C00003030404110114040103020606087D1819191A1829070408FC2817051601051871
:20B4E0001709390A3B08070A06090517001C030801FD00050406060748081718070708088C
:20B500001907151804070006047D470607081905180603077C280605031701022826FD0390
:20B52000280607081919071806050710010003220506080319028D053A16081909080807E1
:20B54000070600042C0600050400024B05000606080819090A0C084B6D040618060A0119ED
:20B56000007C0827160304000503080709080A8D033B08091A0A091908060700052C060063
:20B580000512030B07003C001603050707087D005A060719070619057C0807151612040615
:20B5A000062718FD0409073A08091A190908080605012020030506061405BD06060505044E
:20B5C000040305161705082609082704028C28061806170206181709080ACD003B05062845
:20B5E0000A09062803040207152802DC0826170301020606080819090A1A3B092A7A0B1926
:20B600001A0709100809040A010B19070C0A4D083B3A0A0C4B080B270A09070500FC080502
:20B6200009061A03048B06000307080607192A1809FC090608070908080606050708181942
:20B64000190A3B1A180A06090217FC000618170A294B0809070A0109230807050008052ADF
:20B66000FC17281B2A0708070913081915080709191A3A29FC081907082A0908094B0A0966
:20B68000280A06190706BC08031702072908090A2A1B1A190906083B10061712011C0708EC
:20B6A0002905FD07282A162907060802070708090908080707150617044D16082701000899
:20B6C000FC060704030005150608080A091B0A180A0907070311040715080906FC0A178BC6
:20B6E00018295A2A39090809FC181809070703020100061619080A4A1B1A090805054C04B8
:20B7000004031010071602FD070709082A29191808060602050528080706060110005D046E
:20B7200003170604060507021608FC150003070508070A091B1B0A1A0908080303000004F4
:20B7400003070409071AFC48AB291A08193A080718FC29170607100306070818090A1A3B0C
:20B76000290A07081306FC0410000403080509060A17FB080716071508FC070416040605AA
:20B780000B041A0104091017110809000A024BDC0708090A090A0809170804100014030165
:20B7A0000505081805FD0709094A3A190908080606040706062415060504DD020304060532
:20B7C000030010030614180549070605060508077C1716041010031306070606FD08091984
:20B7E0002A2A091709080607050603050607173805130D0718FC05060705040100000616D0
:20B800000809070A091B3A2A09082716FC04060008065A08090ABB19081418FC0605070A87
:20B8200006094528070837291A08074905FC060704050A06FB14160403041617FC1605040C
:20B84000032B01130A162907180809491A197C080805061607040300060300FD16060707C6
:20B8600009193A08170904070004011503020706081779FD061506040201084007060410E7
:20B88000031100020605073D060615101707FC0408072908090A7A4B0A0908090516020497
:20B8A000FC050100050508070A060B054C080908160B030A4008050400FC060708081939FE
:20B8C0001A1918082707060809191A0A4B1BAC0A09080A0408000701050003040608180511
:20B8E0007D0709394A08060909FC18080506101505170708084A192A0919180817FC15089A
:20B900000619180A294B18070A011903020701060508AC08191A0A4B1B0A09080A04080087
:20B9200007080B06090A040A19060B091C081A094D084B090705000C160A2B180502161AF1
:20B940000617080B091C060A070B4D044C070605000C060B0B070A0A6909090708060908DD
:20B960000A190B0C0A5D083B1908070A03091C070805074B081007080309060A070C0909BB
:20B980004D381A2B062C080A070906074B270406050817190C094D071A08192B082C091A9D
:20B9A0000806082B0704060508071C070808095D064B090A0908060A2C08180602071B1677
:20B9C00003062C0209061A074D034B0716040C080A1B0718162A06050706082B0109040A49
:20B9E000060B4C054C0608190B3A1B1A0A0928067B0709190A0B0AAC3B1A0A090707162696
:20BA0000040608087D071908091A0A091908070801070C04030B06040A1701190328070A5A
:20BA2000090B0A6C070B094C3A290B2B0A0938071A05070B081C0409070A5D064B180908E0
:20BA4000050A7C1809080704040005050818090A094D194A0807010C06080B07170A1809AF
:20BA6000032809040A070B0906FC0A084B0A1B1A0A09090607050510100406070809090A43
:20BA80000A3BFC4B0A091A0806090138101109071A182B199C080A170908050510010006FF
:20BAA000160700FD080709083A0908090709050811171016050706280716FD1925280605C8
:20BAC00007122605010300020103040403000202060515FD04050616070605170615060776
:20BAE0000616050604050606010303170503AD0605070608081907282A0609140807076CF8
:20BB000001040005030817090A090B2A3C8B190B071A05060801060004BC0109050A040B9A
:20BB2000083C490B090706060001014B000305060608081A09FC0A4B3B0A0A1909070713DA
:20BB4000162007090A075B090AFC1B0A180A090705100004060508172904030A158BFC08AC
:20BB6000090A09080704026A01160417083906FC050204180305290605171A0829070807DE
:20BB800008050704080509FC060A050B064C0809280B173A0604009B030648FC0706070A64
:20BBA0000429160508030704080607020603073C05180706091827FD0718180715030406F5
:20BBC0000210000105060607080809293AFD0807090607040413050300040526070809072B
:20BBE0003A08160419082C06080306074B05040306060704080707FC0809091A4A1B2A0932
:20BC0000070910160402000406080809090A7C0A0B5B3C0B190ABB0908070100000106057C
:20BC2000080709090B0A5C3B0A0A29090B080A06094804080209040A060B080C07095D01C5
:20BC40000A054B070806047C080A070905070305000302060618089D0509080A293B0A095A
:20BC60000A0809070800060C06303B180708062C070809190A4D094A1A09080C09090B3A55
:20BC8000070A0409010803062B0408071908FC190A5B2A0908070A01090308020701060228
:20BCA00007062908099C0A3A4B0B2A0A090819066B02180405070308070A080B090C0A0AB6
:20BCC0004D081B291A08090C09080B2A070A0429033904170A0B090C080A4D045B08090AB6
:20BCE000090C0A0B9B0A0A0908070704161008010A070B090C0A4D2A4B08050C080A0B39AD
:20BD0000090A0819140A18051B0619070C096D060A075B190805000C180A4B09170806159D
:20BD200004052C02180708097D040A173B0807060A040900080C07070B18050A011909001C
:20BD40003A040A070B090C0A5D083B2A090A08090C09180B0A095B04070006040706280884
:20BD600009FC2A1A4B1B0A190A07180405070110101617079C09092A1A1B3B0A09080A06F0
:20BD800009076B080506011004070109070B0A0C0A0B5D082C19080B060A01090C06074B77
:10BDA000070200000305040616081C0A080A0C080E
:0200000400609A
:20A000008C3515D8FD040506070615160504010207310615FD0602070438150413075624FA
:20A0200005061735FD5836470504032468050617FD060507242613350130062701037805BD
:20A0400006FD2706274706150436020103040705FD5806079827060534F703FD0203021089
:20A0600002032423170102062405FD0403151406151726682706250746FD0412010503663D
:20A0800004050607B80726FD0503020110F7010304052657FD16359716F716FD25041102F1
:20A0A000002197120110FD110304F8030425060504050413FD021001F813040504330514ED
:20A0C000FD35782304050412F723FD041514030204151605B70415FD040514030103040220
:20A0E000F8241524FD0536050617980506140503FD0235273708170806070405010204100C
:20A10000101503BD051707080607150407382809090707084C030501041000040500FD0704
:20A1200006080719090808160706000304060604050217051104071618FD171908080707E6
:20A14000060504020311020104050707180809090A28193D080616030205183C140905085A
:20A160000201CD050606070709181A17091A3909080708021708FC060505030402070609D6
:20A18000083A693908380706FC0205090608000603080719180A293B0A093A070601FC0066
:20A1A000AB04160400051718070A16090804060305FC0506070809092A08090A2919081889
:20A1C000141906270A7B09FC0A1B3C1A0B091A18091607080817060708EC0807161605024A
:20A1E00001110302500130020504081702FD04080729191A3A190809061817160406070768
:20A200000508BD06190706080409083A290809070805050108FC0307040606070859097A94
:20A220001A290908081527FC06071918080709182A07183B0608290A49FC080716181507B9
:20A24000022601030405030605070406010704080100FD0306060705060618080606070836
:20A260000806070718080707060508080A091B1ACD2C1B0A2B0908072A06090A2919070A3A
:20A280007C0309020800070408060705061605079B0326141315142601020706003C07054D
:20A2A000080709084A05FD071918190707030502040110000204100005171708FD691918CC
:20A2C0000706050803170401150003260600030909FD0A2A091A091908070806070106004B
:20A2E000070308061907165A175D0607051906040706FC1010010302050408072908190874
:20A3000008060605021000111600082C0609150801FD1716083819080617040316020307B9
:20A32000050827199A08FD17060305040206072906180809191A0769065D08090805010874
:20A340001C080707081B060604073A00060208060918085B07060101020307050806062C5D
:20A36000381801FD05070106031701020807390819180829294A5ADD59590807080507042A
:20A38000050109FC0408151706080709080807490807081928080908050727FC080607083F
:20A3A000081907050A073B192A0A0909080806060310102C03070601FD0705051010030612
:20A3C000050706080839290708050603040202040306FD0507060807072515020304050654
:20A3E00006072728062908173AFD49090808070705050223130505280706070908085D0608
:20A400001717061300020507FC00061508070408072908170A093B3A0A1909070805AC06EC
:20A4200002030001030507070908081516060705080604FD270708190807181607030504FC
:20A44000071716180702040007051801FD0309169A08494A192809083D0706040500040879
:20A46000FC050716080623030500000506071516060707080819290829EC7A1A091A2809DD
:20A480001A061914080306074B050602050006010802070C0500FD26051705180607091946
:20A4A0000A0907082629070A393B3D070A0509020AFC01090408030700080619170A094B86
:20A4C0001A4B0A392AFC1729080608052917080A2729060803170005FC0817090A081B1A19
:20A4E0000A0949080607082A3A090709030C18055B170928180707051A000004051B07081F
:20A5000006068C0709090A0A0909061700031804080A07FD1B090A3C0B0A192B18270A09FD
:20A520000805160004070508067D09283A0705090308000708FC06070518060509276A18E0
:20A54000071819070808170516FC0817051719081A1909180809090A180908070705060068
:20A5600004031C050504071B000501030C0500FD1605084849060701102013020727190A19
:20A58000FD283B890A0907050617086A09283D0604000907FC1806042700140606282807E0
:20A5A00009083A39090808FC06060402100007071858092A3B092A0A09190C084B0517001A
:20A5C00004180304072C16181720FD0506050704061507160406282709183A092AFD19096A
:20A5E00008080707061605042705020028140639080718FD28271716081707281829190720
:20A60000180618093D08070705060004061C020001050B20161A030B0100DC0406260809E8
:20A620001A0807290516181409050803090727FD4808371918080605000305050604070645
:20A6400009279AFD08291807261908021704030500060517FD1618F806276807066D3717D5
:20A660000605030004080C16098B1815372400180203035C01040205040725080906FD04B2
:20A680001715080419258A06470617D9FD060504110204061738680706FD05041207034622
:20A6A0000211020107036805041310FD031700016802031502130700060205030210100DF1
:20A6C00001287C0214070106141703080511FD020105041715280637F91637FD060738172C
:20A6E000D916141526ED17060504082507062414030102101158CC0504050304032700010C
:20A70000020604070618052600FD12070538060708C907160411000206FD0403050318044A
:20A7200005170401280223F9040617FD1817081708273916152804FD03010700060205036F
:20A740001402342302131102100001011202FD04130526040544F553FD44030412031201FA
:20A76000020404052506070814F9FD0627487919FD380807062507060504140302023001AE
:20A78000100707F826FD050655130200023801FD0213F70413040524031211FD03148705BD
:20A7A000342302A800010203FD140554F7130445FD0403021403F804020325040335FD1346
:20A7C00014F8330403020403FD0405030203000198020122040312FD112720960102131430
:20A7E000053457FD1534481513F9142516FD150403012009027814021110FD02074316A5D3
:20A800000201020314150634FD570223F8040504251635FD1416F817160504030100FD3158
:20A8200010480112010357040322FD11F802032203041110020100FD01F80203041102407F
:20A84000020415FD034802011012C7030403041234FD11D8020021031504120517FD2706D8
:20A8600005070808190704280302041905015800040516FD0137021617080703040005054D
:20A880000603050507080817061708FD0505040605051001140210030403050204030606DC
:20A8A00007050606180827FD07181306070506000105160605051606050110000727080757
:20A8C000FD080807070606050503040206050817390617080607070818174D1908060803EC
:20A8E000071009AC08013905041638051605091705ED06080709083A090A3B093A1A0909A4
:20A9000008070706190C03FB0108040710041701000805190604080009060A278B08075B4B
:20A9200005040507080C098D3A0A5B09281A079C09190827280207000805290708FD030AFA
:20A94000052906080708030702060005031706171606140516162D0405030401056C083016
:20A9600017050614070806FD04280605070906080417060404031616030500070609081AA2
:20A98000092AFD3B09070A0609100807011825170646040607182D0719050C38063B03055B
:20A9A0000407002C04151703FD00060302302006050817097A080706071607DD06090218E9
:20A9C000050214000506020401072618390501004C08080707060607070806FD0117050614
:20A9E000180809292A0839071908180706070406057D051404000002040606170706000265
:20AA00000C03103B1402050007032C040606050816FD000115040506070738081908172789
:20AA2000080706082859FD09080705085457030604070616040608075D09060A183B07088A
:20AA4000092CFC07182B17060A011900046A163708099C0705100001011010040311000577
:20AA6000070700FD060405010100000303040102000605041000010220000203010402055A
:20AA800014FD06070719180A6A3B0A091809080605010102053D0616070808093BFC3A0A6D
:20AAA00019190817070806070306052706050819094ADC4A090906080509071A19091808BE
:20AAC000070706062B0000031707FC08291908080704020003040808090A3A1B0A090918FA
:20AAE00018097C191A0829170518030706FD4808093A0908890706040507280718BD062799
:20AB0000092808071706070605000313060508FC06090718030419021018047A1849080939
:20AB2000FC040810097A010405060708090809073806070605192C0603082020FD0115043D
:20AB40000004030705060007021904050A086B091A19FD380A1917282827190508170908C4
:20AB600010060D0708FC0604040505100005040606070728090A5B591AFC18080406051810
:20AB800006142606051404051103140004070609086C0A0909060703260506070700FD1817
:20ABA000010609396A0839190808050716081705DD0728092A095A19081605090018030828
:20ABC000FC0706160706000501080309100AFB0103270817CC06031014162B0201000A0188
:20ABE00009000A6B01092008170106200700AC010105252716180209041A050608FD2719BA
:20AC00002A393B08093A0A0918B91725FD0607180708060813070500020104101001FD03A5
:20AC20000002040616070604070708050704182627070615000408074D390605060018086A
:20AC40002C06070006057B1502050707180908051610002C010504080705FD160709078AB9
:20AC6000060201000215161900012A10FD066B072806132A1115291607041606FD041000CD
:20AC8000041105062607260725040503000001040402000003CD130402040416060707489B
:20ACA0001817060603040209CC03080207030601051306150014170008331906FD1802117D
:20ACC0002900012A0405276B08070502040AFD16D9042300040504064518FD0607051616A3
:20ACE000140526050302170501060027110408002708FC060879292809070510000325163E
:20AD00000827AC191A0819090848070605042601FD1007051807287907060416077A0839AC
:20AD2000FD0807060903082007060715180609073A060718FD191708060704060202302077
:20AD40000102050416051617042D1602002508AC1701150001361002030705080400FD02ED
:20AD60001304030404550301230416250718162917FD38FA370615060768FD2A0907080646
:20AD8000070505030301101003021403052516FD1706051616050414131200021503020670
:20ADA00014072602034D0505030301040000187C010407031500121603080500FD100306E5
:20ADC000010700081189031506A7FAFD050312030204151A0627498D06050608040711067D
:20ADE0000300A9FC44020003010001082327000602072C040801090206FD1007080279041A
:20AE00002504020330F80405FD1213050410130428259916FD07080718173898270615FD34
:20AE2000044715040304062355120312141355FD04031213B60203140302010312FD03056E
:20AE4000010370220405062701020801290205FD04EA0506176807051409FD1628042307E3
:20AE60000604010160002113141103FD000401150201261302770403040524033604FD05CB
:20AE8000343705061615170604061527031488FD0125060514E903040504031403FD0403B6
:20AEA000020301000378042506050203071116FD032502240403150200040206131704A85F
:20AEC0002506FD150605060706271705C616041523FD1112235725266827FDB8271615221F
:20AEE000031724FD26030445831607F8020405FD0405040213020314155803040302FD2034
:20AF0000071601000701F8750301FD1001040546F857FD567837064527FD14460513040502
:20AF2000530445022401020103FD02140301030325040103260403151703281423F9FD0449
:20AF4000160514021331030904D8FD25060504031203020304152704FD35563415132412E8
:20AF6000030102030304020511FD061720F80102040516073607FD1605F8041231020314A1
:20AF80000312FD21F8020304254605FD06050498232415040507F616FD0514035201120172
:20AFA000560211FD3047011301A81001030415FD2615F93605140324FD0504020468051496
:20AFC000150413F702000102FD0302140204031203010712560314FD2577140302030413C2
:20AFE000F804150304FD2324051605F83625FD04230405240813F7041506FD2503040504CE
:20B00000050625770455FD06960514032223270120FDF80113022305261746FDF805040337
:20B02000220314130211FDE802332203154427FD03261403450211120601F702031102FD38
:20B0400003041516050657F80605FD46150423281203970413FD04050433F8103130FD014B
:20B0600040F81112031211FD12032506F83504030113FD012223F80433020120FD01030430
:20B0800043581203143713FD02F801002104030011000120FD01F8020302111001102104FC
:20B0A000FD0314F8222100110263FDF83475FD3498050413021304F71514FD3304032001B7
:20B0C00044F715FD141516050465F7FD03140204350405040705F826FD0776070615B82481
:20B0E000FD2514100102F7032433FD040311000113B701300140FD11F80405164706FD05F0
:20B1000034A8051615063504FD270301104601040506270768160532FD6701030405663864
:20B1200007C6050413FD045524F70204030102FD01000244250788060726FD140516190435
:20B14000781004060738170706FD0605051606071718061725160625072804031702FD03C9
:20B160000601051304050506160705101007161805070125000501FD000024050408181A89
:20B18000170908050601050207050600040203100002FD2516081709070418070606051795
:20B1A0000603031000050608071908FD091A0A09070510100501070309073A06071809064B
:20B1C0002803053D0407030605010307FC010505081819292A0809070806070516100804E7
:20B1E00009060A084BFC098A1A09080705090428060709393AFC0809160807030000110316
:20B2000010000716180709191A4AFBFC0918193A292AFC080908291705280406050706B848
:20B220003706048C010001042529001515FD0607182907180A2906172806070505100006B4
:20B240000619AD172A280907080605020203111428FC0335090A0B079C1908050602050812
:20B26000190A0C05098B03080406100008081A191B0A0929CC0849280708060703040205D8
:20B2800007271804FD08060700041306100004050311000506073708490607FD050804094A
:20B2A000071A05062B494C18070B180A09070AFC04190110270604030004050606050502BD
:20B2C0000406060513020605051104FC26121407080609071A187B490718FC0A27090A2934
:20B2E000030706080519060408110507170819080918FD1A05290405170A0B094C0A1B0A8A
:20B30000090B072A16040D19296C4A270419270B0A080907040710000103030307050409F3
:20B3200016261A280B080C09FD072A083A190809060814170204000606070506130506064C
:20B340004D480708295C0A08091708070606050807FD150809084A29181907064814050026
:20B3600015295D04071A0816090A0509FC1818070525060706000301070709291A291807B8
:20B380000805162C0605010603FD000705060201101001030606080739080708490827FD33
:20B3A000060802071106023010010503080609370AAB05019D1004010005165A07041C18A5
:20B3C0000B09091A6A0807090518060507030502120B079C1906382A090728160739009D0F
:20B3E0000304272A094B2A0BFC0A0A080907080607050626370728183959FC18A96A0918A6
:20B400000718061719FC187A092A390908071616030500070308FC0119120B074C08090ADE
:20B420000B0A0B180A09060603020606083809EC2A07392504280506051703051804073929
:20B4400001FD04070808050707080807060508071906073A39092808FD0706273516260714
:20B4600016181709480A0918FD05150406021000040103040606070706031000060719086B
:20B4800007072509DC0807040120100403081719060801170004080704FD38061415070663
:20B4A000162705162815290400027A07FD08092A0908891716070614036D1800031904205F
:20B4C000181708FC0708061703042816081919087A291A09EC3A092A0918092A39090808C1
:20B4E00007270405073B0210100715051C071600FD020705080719080708052703150506BE
:20B50000062807050709082807FD18160506050401011414050607080829094A3ADD29194A
:20B5200018280958360705070006082C0706060214075B1603000711080902080C0401FD02
:20B5400002060508374926080705050103400230FD02040405120405040300300103040635
:20B5600001070408061907084A29FD3A0938091807070606050513031104054006FD07F8E7
:20B580000203141302030506070819FD380807084727060506040501032010041315FD0214
:20B5A00026030204172608790708A918FD0706050478020002040324171336096C580305DF
:20B5C000060500FD02130304150504130203011030011001131501070518FD160907AA257F
:20B5E000000116474906FD140518140703062005041501021634250203FD30013002040132
:20B600001503020604B7051637FD0604030425A806050405040335FDF9260718073617261D
:20B620004D190508140706297C05134820010200FD001101042405041505130405051603BA
:20B640000427050405F80605FD1615031012040504167715FD040133F8010203044625FD13
:20B660000607384847071616050405FD1103020201010202040305120627030412280412F8
:20B68000A903FD053615042548040203071426FD03020501141302020303040203010404AB
:20B6A000251526167797FD16F706350615FD06040302011201170201F810010304FD051446
:20B6C00005360503148801040524FD0302F9103211140314FD050605490403100208040762
:20B6E0001506040413134040FD01030304020514260315371402360405FD332714B803026C
:20B700000301000130FD12F90002030001300102010003FD05591605020012F820011433C5
:20B72000FD1422F7030120110425FD260716374516451625FD0303100001011000020314F1
:20B7400012250302031604020704FD281506F90504062708270617FD06070629142328022E
:20B76000B70405230201FD02312602030105021614050536060576FD05040302141237111C
:20B7800010280201F920FD0103046504331918FD44071685032203640627FD03F8110203D9
:20B7A00001030405160516F7FD5716052301030704FD2602041335140326040211270011B6
:20B7C000F80213FD04052617181706D81514FD050415030201020324071603550201FD1212
:20B7E000031404132501002602031257010304FD35F8267726FDF805042301500103FD14E5
:20B80000F803121332131221FDC802111214230201025723FD0221C60314150405030203CD
:20B82000FD2177020314250802F9000123FD2426070615044915044588FD0405041302074C
:20B8400003161425034414FD050303240413351506470302040301F810FD0104050413022C
:20B86000231412F80003FD1586050403C80201FD24150415040312B703020104FD1526D7DD
:20B88000260504021103FD12135604030221351211260213FD270405242853F91415FD360D
:20B8A0000403155814030465F7FD1403110203942726FD25130411031422051603010700E9
:20B8C000780102FD231523F90476FD1504010009012842F70150FD0150A7030415F6FD2625
:20B8E000250423360223FD170403F80112041697FD78260534F7051402FD030415B6F7FD21
:20B90000351423010051B7FD1201030223F80405140514FD5514F805160706050403FD02BB
:20B9200003040304030223883564FD8755D604130403FD02040304268705141224FD03F8E5
:20B940000102040534150405040304FD13F82413210213020110FDF80102130201101102C5
:20B9600003040311FD6810010324F70504030445FD34150407136602114357FD34480302CE
:20B980001421F90325FD1605060504050402030904481513FD24F70311321001000123FD0F
:20B9A000770413140504F8030405041311FD221445F896FD1504032861170635FD1301564F
:20B9C00022030201270334F80526FD0726252428030405D713FD01200102231504F80301D4
:20B9E00003FD041304150615240338020100FD014703041314F82504051435FD040110287E
:20BA000001032417060305022403020325FD143346041377042526D8FD672605040302C7E8
:20BA20000304FD13042301021403F802011405FD06372625281405F714FD03010334054448
:20BA40001507B804FD651432A7010224FD0301101611970204052627FDF826050403020345
:20BA600004020150FDF81200011001030213050657FDA80614020102038754FD03424601B1
:20BA800013F754FD1332000102770314030415FD24D8252627A8FD2716052427052416235A
:20BAA000050413FD140203210415120647030435D856FD05222177020304030402FD1178FD
:20BAC000100314368915060504FD0514780504111051F702FD03241516F71726FD3504059C
:20BAE00004021107960011020130FD010702F803354607FD261508B6370605040301020385
:20BB0000FD020731F8020304151635FD4658040324F703210204FD02000102140334F7154D
:20BB20001637FD76F705041314FD354417F8152605FD7615381354F7FD03123301020314DC
:20BB40002713FD02F801020301500102030201FD02F80425240302010203040554FDF805AE
:20BB60001415340504FD0338120102F724252415FD64F7353412FD013067221331F802FDD4
:20BB800043140536F895FD46258814FD25242703149603320324FD97030100110314050443
:20BBA000F843FD741302F841FD0304154625F81695FD04021108F71201FD300102130110EA
:20BBC0000103B8040314FD0301020102030203B704131426FDF72615140566FDF72503129C
:20BBE000033506FD15C70402010223142504C803FD020112030405061778072625FDF724DD
:20BC0000130203341312FD03F7140504650423FD1407F802031513142536FD05F804350331
:20BC20000120010213FD0201681001020314774514FD1246031204F713341546FD079805C3
:20BC40001401040300030427FD130548070617060714160302000516060727188D071506C7
:20BC6000080739060708090707084C140605030101050701FD18060819090807070606055F
:20BC80000103050606150507070605030607071806FD2719080607040510000101000002B8
:20BCA000050707180809090A28193D0805060105000327FC02061705071908090A1A4B199B
:20BCC0000A1B2A1A0909FC08080606031410070509079A080918071807154C09031700051C
:20BCE000081703FD070616141806040703290704051A1719164835FD060715161607060450
:20BD000004050606013020051417FD051807060704080507010502260504050706080709E6
:20BD2000185A090A6D3B09072A1007FC29040600070118050116020405000401354404018C
:20BD4000035C00050306020806191706FD18070809193A28290506122806050601010606FB
:20BD600009FD084A190A0908090708050601020003032726260504FD0507373806070516EF
:20BD800014350001000107050610109D01051601052918091A0A0809060809AC07181607E9
:20BDA00004060303202021060700FD030401010205050302020506060505020607080406B0
:20BDC0000308061903063A0807FD05073B090A2B1C0A0B091A181905073A09171D06090846
:20BDE0007C080707150506070726060705389B0112112704051603040706005C0714080972
:20BE0000073A090A08FD2909180806151503000001040410000406150708076908FD172849
:20BE20000707140215160207050806692706FD0506074A08090817692605060524186D0729
:20BE40000105000402050506000106FC1001030310000413060706391807061802050907E5
:20BE60002806282C2620FD07080219148A010315140706259BFD070816070305062A0405D1
:20BE80000609041701044805022D10081C070706088B0506041000010605081719020800AF
:20BEA000032C030705080605FD27070618080616050414000307052816140708061917FD04
:20BEC0000A184B494A084709080706060505FD030330200105020100000302020001021669
:20BEE000050402020606040201CD050606051010020717192828070706060409FC03180454
:20BF0000055917060300040A171B054A040537FC4B0809180A0609014803050617070808C6
:20BF200009194AFC3ACB090809080718270839FC5A180907290607040800190604080719E0
:20BF40000817FC180809494A480908061509072A0807AC06090418020609080A070803063B
:20BF60001427000205FD150809081A09180908070403001505000203061615080869098D9B
:20BF80000AFB080704288C071817041A18BB09071716040400060418030009060A075B28A1
:20BFA000FC291A07062B07180A0628050705170305088C0629280705021000040408060262
:20BFC000FD05030210000503070739396A0807191807FD09140807010505060605050407BC
:20BFE0000618050609183A27090518CD0607170608080707061808070614040515040606E6
:02000004006199
:20A0000009FC0418060707160605070809190A4B1A19080A065910FC030104020803190680
:20A02000081A0908080504000103040201010220206C05061807060607080906FD4A070977
:20A040000A193B1A495A0706044900FD02031208012700120604170506060717080725169B
:20A06000FD04030606050300001203100015040204041707060817090805055D02020416A7
:20A08000070604050003081C040601083B0007020505070815FC59061706074A1809080705
:20A0A000090518000609280AFC0BFC171806170604050608090819FC2C17160B0A07090623
:20A0C000070003030505040606181709281AFC1907183A3709080517020008020A169B073F
:20A0E00008DC07000106270A06090406100004050703080523FD0604150604000304060599
:20A1000004030505160403080619670A4BFD160A090407020601150204170605060628176C
:20A120000809FD09281807163605030517170828192A0908065D29050807080607021608E1
:20A140002C051100063B101403071605DC0707181809090808051606070516030507160689
:20A16000083946FD1817090806070706031030060709059A0708FD39081605190406081363
:20A18000370501052816FD08C9070406030005040567684D06050108FC17070604035001A7
:20A1A000200120121411050417361C0800FD0207030804F906070859180706FD2599161724
:20A1C00068480796FD070605340207036805140300DD0103170204380302040527041505D6
:20A1E00012140109CC2518270215160224170815190405FD03171418160905FA04030001ED
:20A2000004150410FD04452A030102A9241506079D0605030208030704060314110300298F
:20A22000FC0312281114270502150003061205070418050610FD17010804C91517061511DD
:20A240001347FD282706071656272837F9FD1817080718370615091804FD0507040503146D
:20A2600022033403021303120201011000210102FD0313040504160312850304431264FD93
:20A28000033403110203100204010602170324081903FDFA011516276867FD0A09080706AF
:20A2A0000504161305020311017050FD0201010402150002261415B7240204FD150637F8FB
:20A2C00025030201000403FD310405B80617250476FD17060557160526260504033502FD84
:20A2E000042516244505060714F815040315FD06070635060428025327FD56040302031104
:20A30000050602171028030203A9050305FD072614255806050405042715FD0416150502E1
:20A32000142113132411050316142735FDE81415061706350413FD77020110030403F824D5
:20A34000050435FD16072675281706050404FD03113012231100040206031712880102046A
:20A3600025FD269905163736E8FD3503100100126027FD06170102B603042332031407FD63
:20A3800013F80405365526FD6805F62706151402FD0112060701F8603102FD030415D83670
:20A3A000350321FD0203B724020103120301206602FD04053607F805361756FD1524282161
:20A3C000F70001030455FD1433F7151615FD06150401202721F8030425FD06174605040399
:20A3E000381213FDD704024001020304030403F80203FD0403041586F845FD23022112039D
:20A4000024F7FD0342011304357734FD1314F803114213FD1432D814050604130150FDC7FC
:20A420000120011003120403FD02F83100130475FDF804252607060506051605FD06F8059E
:20A4400014020103020304023102FD03F7140211000204034504FD23C7140516F70605FD1F
:20A4600004030203051625570402040503F804FD1335043605040504B823FD04051425166A
:20A48000D7151304FD25261524061503141215030256FD0112030201571213012048020384
:20A4A000FD11F9131415061504030120FD090328247705042301502675FD01020314050610
:20A4C00014570504010213F804FD051415660506F837FD160504021103120100F80233FDBC
:20A4E000021110011324F80304FD0504120102010011020311C80321FD00010204150402B4
:20A5000033F70001FD03010311341127040322B8FD04150301000407060417030508070948
:20A520000808073716FD0708080707040616371716061717050403060707FD18080707048E
:20A540000502160501100005040301070709080807060504021010FD04160603050406012C
:20A560000400061518061908072705070101001403FD0203040506040502040408080909E4
:20A5800018180706050504031010010506CD2717081809180738390706050304084C1006FA
:20A5A000080419030505FD04040105031602000704081519062A07286B07184D17060A02A3
:20A5C00009030A2C0207000211074B0200160401071603FC0504010104050808893908168E
:20A5E00007080A090B5A7CFC19081B06050A04190504081006080619FC07080A093B070838
:20A600000908DA070500052715BC0607050304090118000116000317040600FD280502059F
:20A62000090608020705080417001508071006080729090A3BFD1A09080A07092507061787
:20A6400017161605030404050536063D0718000304CC0002030510101606050508070906C4
:20A6600028050604090506FD060817097A08170827051802050710031606FD0404060758D8
:20A68000180908070506030310100201061407080509FD160A2B17063A0417061905030836
:20A6A000000702060105030100004D01150617060004030C10243B02000502012C04050238
:20A6C000070500FD040103020404050607073808191806142900035A15FD16041209581185
:20A6E000030223072805121917CD0A083B0908093A0A19081917080304189C010469272873
:20A700000918087B06061527030228050002070C2500FD0302020001011404010115051097
:20A72000500130020105FD0206030817090A080B093C380B091A1809060702040305AD06A9
:20A7400007170809083A39081805030728FC16041700010804070009061A08291B0A181907
:20A76000291A2C19282A3B190907071A000501070B07064C18180707160800FD0311020496
:20A7800002050507081909080807070404010303040616070602040103FD101001081709D2
:20A7A0000A483B2A2719162814BD16091805070918281907381628FC09080707180805062B
:20A7C00000050308073A08093A093809FC8819080706020005390839080518000C1402FD1C
:20A7E0000405160604000003040510000305151308061904062A17FD386B070604055A045E
:20A800001103071829193D26180708FC061707050100040205000601080309040A057B0659
:20A820000839FC181A1709010702181627050605150203132000058C06070809090A0809FA
:20A84000013800150700FD18010209088A0918170908070609020705280602ED0409168AB9
:20A86000081918150609031805010607FC0508060710040705080309079A1809CADC09187A
:20A88000174819080707560502077B16040301040536060723AC05062617081819094A1A24
:20A8A00008FD19091A3A09FA19080715030104FD1506040305091008070115000406020364
:20A8C00000150301060518FD0705070418060507062807151906041802071938182D0607CD
:20A8E0000016071C0302078B100205050706190705060004010705031C04071700FD0208DB
:20A900000659181706073A06050705390136FD0A6B1708070501102A0100290306021800B6
:20A9200004BD071002150300062508270605060004021608CC07171806291705080209082E
:20A940002A093A0B0C5B0B080A0609040700060100DC060617081908060815070603070573
:20A96000182629040205FD0517060709182A09AA091807050758FD19070816172506171110
:20A980000617040208253907FD061815070305011403100002140506173806000649082DC6
:20A9A0000603083C07280402070B06041A000003012B16060707062C080807092817FD06F2
:20A9C000060301302004150708010905FA07081908FD07040110042708371A09380605FDD6
:20A9E000041669042738281706050603033011DD0204022615160706241503301028AC0245
:20AA00001137020001181319020302FD023413450302140405052606072807084949FD08ED
:20AA2000DA07060411030607180928FD090708060704050102203001020325151637FD05B4
:20AA400016060415050312001304010403160502050106040720161D25289C0306002501E9
:20AA6000100704181620FD05060803190401FA10010413050736FD170615DA163506051465
:20AA8000CD03110970080705140301100129CC010305280605242712060714181610FD072E
:20AAA0000108047935031410F8010015FD0102140504000314252826F9FD48173604132934
:20AAC00010FD0208042735160405020401430213243255FD33965402011315FD12044040FE
:20AAE00001010202041425050616073807FD08E9991847FD080716060505040301603001FB
:20AB0000020101130210FD02232225040305061655D70402FD031225260617071506270680
:20AB20002448FD01030513F901100485FD0314891310011021281017FD1226030405231444
:20AB40001202051416050706981526FD0716071627071526062505067524FD12632657046B
:20AB60000647FDA81817160445570403FD020603150403440213041525062746F8FD1513AC
:20AB8000040304052615042803FD21072602030427351813F9140504FD030401020302132B
:20ABA000010001080417021306051104FD60600212040301040415030216040307FD120805
:20ABC000F9000103050617060706050614FD05137934033598041304FD25166705140302BA
:20ABE00001061065010001FD03220423010354040506572504F8FD052625540130F8FD02E6
:20AC0000042516575698FD97170615042613FD112503024443030131301202FD0101020470
:20AC200004050104032505040526162707F626FD1504026112066533FD11221627030201AE
:20AC4000A80001031415FD0645F926050403021304FD05040304680534032117261203FD72
:20AC6000B7020304110201005116C70001FD0304022102030415F80405040304FD03241547
:20AC8000060736F81726FD0524350411F80324FD130100011215148803110211FD1031F77C
:20ACA00040110001FD04254704150415F8161716FD150403020120F80104031120FD0103FA
:20ACC00004130201125804055327FD2604050445030211020611F703010002FD030415367D
:20ACE00067F806FD4706050423F8121170FD110021F80231FD0203300132F81110FD011008
:20AD00000315061506F8150421FD10110302131238110002F723FD040586051327FD022130
:20AD2000F80204031402131130FDF80123023100130204FD25F8040201700102FD13F802A5
:20AD40000102135425FD3498050403021113E71514FD020021033001F8200102FD041314C2
:20AD60000504110302F83304FD120300011304030103180200D9010304FD0504130201122B
:20AD8000010425A81403FD04151413C704030103140311FD000113F6021103041203120447
:20ADA00003FD111216030712F80405261716FD051413049855041524FD071601251002162B
:20ADC00004050716F807161504FD0220110426280706F705040211FD033403010024E70535
:20ADE0000413FD100415142506481726FD370516180807072506072806273906050308FD02
:20AE0000112714080509060815371301381305041702CD0336020413100005470706270442
:20AE20000507FC040406061805060A293B1A2A490918081727FC050409082A0908190B2AD2
:20AE4000061709053A070501000BFC034C0517180B03090108021905060A187B091AFC08EC
:20AE600017080A1709080606100107071908092A2A090908FC18070516200809010A079BAA
:20AE8000181918060402FC100A290105071A092A290907080607050100001105003C000618
:20AEA00016180701FD1807160708080A2A0B0A0909082807060509071A08091B2A8D0A0956
:20AEC00009052700151604000416FC03060504020506383817070505130203060508040909
:20AEE0000506FD0607040816190508062907150A06290114081006070509FD173A18270993
:20AF000008070605051406070718080707011010ED03050707180819290815082917182A8F
:20AF2000090407010C01053B02041000060807FC19081A1A2959280708050610100527180B
:20AF40000C05FD1807040505060601100002021000010606070708085939FD282A06086B00
:20AF6000190A0B3A0A19090808050D0618FC1716051607130004162503160706010504062A
:20AF80000304000312FC140005030700080309171A087B290A09080908EC2A060806290105
:20AFA00005010706080707060400010506071708090808FD1919080817091A08090B0A3C38
:20AFC0004B0B090A1519184D2A0705090018072C06070105050B02161A0104070902060871
:20AFE00020050706060805010916020A050B17080C09FD002A040819291A080917180606C1
:20B000000115150303000403075D070838092A06094C090718060507020805FD0417050752
:20B0200009292A3A09082709082807040529168D071A090809170A090517040006DC0610B0
:20B040000001060607173808090806160203070006010806FD040500040407050501000017
:20B060000103050606270708290605075A182D0706007C07090608050703160205070708C2
:20B080000809FD03FA082928060706041704170D2A2C1907291B08070A18060810060917C7
:20B0A0000A041B06080706FC480839171809392A09080809091A1A5BFC3B0A191A080907E6
:20B0C000280607060704060507170809FC083A09BA290807060400214905FC16185A098A27
:20B0E000191715090018FC03050703080609031A100B064C18090A090B071A060408FC10BD
:20B100000709063A0829096808070807261705172C18083904FD05060808060605170704F2
:20B12000040507071805180A0904073088FD01120314F9130211100305FD0627060514093D
:20B1400018050407050604051103021010FD012103050602273348046689FD051413381444
:20B16000020307140615030204210304FD03300203010201051316242715F8040506FD0593
:20B18000140103040103040334272336FD01208701021435D80415FD1627250260F9FD112A
:20B1A000031405140506B93516FD150402010008020703062214014040FD02020401050259
:20B1C000260300023704030403260224054615FD06A725140514051408F90302FD05040131
:20B1E000030100120304030204165905FD04010001080337040314A815140324FD03120744
:20B20000030604350304051614772526FD9706251413242603044030FD0102020101030244
:20B220000411030404150305060717063768FD38B92716072613FD0428020304B703240588
:20B240000403140201FD02260123152536360516351504FD035602010203040507141803DB
:20B26000F912110305FD0615463419183507A6FD0331021304030720F80112FD030403047B
:20B28000153607B806070655FD232711122604032501043304FD25020603150113260124A3
:20B2A0002703C8020305FD162718A7270697FD26050615061544044355FD0211000401057D
:20B2C000021601225744F805FD16A716F805FD04134001020435F803FD62331203A80402EE
:20B2E000FD1304050413121744560201FD0015010336010234350302260100116702FD03FA
:20B3000004250802F9010304450637FD0605045912110324B812FD13040504010021270395
:20B32000261402140103FD03020204341556130433B7040504FD0302111302F8241506376E
:20B34000FD161524F80220011405FD46450706150414031415052606FD17679806350716E3
:20B3600004010530FD031213010324040516150704F803041504FD05040314130405065759
:20B380000879FD060514280504031714061235040506260788FD57060507040603040180A8
:20B3A00070FD0103030504062647B7060524FD03240548060708597908FD07060508030736
:20B3C0000205010210210102020304140506136704FD05064506052414030514060703A825
:20B3E0000223FD0405061706150746042302152114FD0005010602071508A90617060536F4
:20B4000035FD0807560403050667050403010204380526FD8705040304362566060738FD0F
:20B4200005040723260427250604050303010102030405FD050616B71514150607063516CD
:20B4400007FD1608A927060504055608170516FD041547060706150615141605262715061F
:20B4600005FD0403030204041505060647050403114804062717FD0645060506276606159B
:20B48000030405370627FD06060405020403030405051606370706251606170708FD1689AD
:20B4A00005021002042508070305100211010404FD06250798040304050607080706070403
:20B4C0000601140001FD050306052756063507980627266D27070606040401094C03380254
:20B4E00004050700FD5604062738173807060547130506FD67F8381706254D08040703067B
:20B500000005686C06040305061700FD060217040508163947080706055504130546FD048E
:20B5200032070811A914030405060708FD170806070505040402030102020303040405156E
:20B54000061706270849FD180705080407030470600201040406FD06270708792617380805
:20B560000707060505030410FD400120010202040406060707083839170806FD0604051156
:20B580000201042235110604072508A9060504FD120406072608070305010310301203018F
:20B5A0000503FD060407050806590708190807080607030601041011010230FD3001030327
:20B5C0000505063677050607083918FD07060815070604251312062703050608155906FD0D
:20B5E0002706080506040301201004041545066506FD0778061708491908170807060503C1
:20B600001D2300484C0104050600FD05040606270738080706070506040413010305060677
:20B620009757FD18070636150607073838FD170706050401404004030614075806070839B2
:20B64000FD07040802061004030205544637050657FD06155608693708160705FD0410022E
:20B660000401050206032704153806072807060705050303FD02021114300516070238032F
:20B6800015034701020435FD68140526070504022020040405062607FD28275918070645CA
:20B6A000780405FD36392508B7041314031203FD050605060405020120100104020605070E
:20B6C00016681728FD27070605160201052013051206572405FD03002801020199040506B5
:20B6E000172817080606FD0404020301010004010502060377120304053626FD053405048F
:20B700000506150738264507362687FD47260604040302304001FD04030604070548160708
:20B72000F827061513FD040506250477031102030425F8FD1607060503010001020405168B
:20B740004758FD0605070406030502041003140103450526FD0734E81605160536156D1763
:0AB760000403160203170405070D89
:02000004006298
:20A0000093251909FD380829294A080716F90746FD07160501040501044901000405369AD1
:20A02000FD07180716011903040810040512060716FD081703242806590708096A0807080D
:20A0400029FD3B18177A0615060714091308060014FD010203011010040406150708140909
:20A06000FA020002050607FD18170605060706029A0001030618FD091807090688050605FC
:20A0800014030436070604FD050607076818062405C9060718070503FD0004050617080869
:20A0A0005909FA38FD071827161A25092804071849FD0708272826172718171516040505B0
:20A0C0000426FD0504073A0A091809074A080617051903023A14FD18290708070806170477
:20A0E0001516030000010507160809481AFD290608130708564918150701030D00181C022C
:20A100001701FD06080709089A09380706170629050602AD18000409051A04062B0708058F
:20A120002A0400076C091028050609185A02FD06483B290A2908070538030427FD0504094A
:20A14000063A04061709050701000001161308074A1908FD194907030400021A03067B07D0
:20A16000050100030528FD1A17090805061010010617180809193A0827FD391604080027F7
:20A180000507060604050747086906FD15061A17091628150926AA040310FD0316040339EE
:20A1A00001020405480618491908FD063814050709181A0739050103350A5B06FD07080731
:20A1C0003A06001139030204030830052001FD03061608290718083717281589160420FDCC
:20A1E00012160A6B08190715161A046B06FD070601256A020100040605260908060205FDF3
:20A200000400050309071A18291706081417070806070718081909FD1808060505040400DD
:20A22000060409281A19070607010110000607071808FD19091A08170918051619082A096E
:20A240001A0909080805060305FD0507271809181A07290504022A0506172B08270AFD093B
:20A2600018063739181A0909180869190817FD0605080106100405050616150707080919AD
:20A280001A08290607FD48080718277706171608281908FD07070516030407030804090686
:20A2A000CA070510030726FD1705060905080327000506080809090A1A0907890627FD080D
:20A2C000190807280605000704080709090A3A1907FD0519144A0708090A090906070405D0
:20A2E00000061205070609170A2BFD280A07090618050707080829190807050501020505F7
:20A30000070608FD0809291A19180705060300000205070709191A1A09070903FD180013E2
:20A3200019072A0809080906080305100100040508070A182BFD170A0508030601170708CA
:20A340000809091A1A09090808072605040608FD18090A09191807040410000504080609A8
:20A36000080A291B0A180908FD050603000205170728280727061728090A2B091AFD0909F1
:20A3800008080707050500030407070808392908180706071808FD0709092A1A0809070741
:20A3A00002011010010707080809290807050813FD0706070818090A291B0A07090408202C
:20A3C0000310030706082809FD180707050601050506080709080A291B0A07090618010338
:20A3E000070408FD0809391A0908082705040309160A2B17080A06080305FD2006080905D1
:20A400000A071B08170A0906080317010309070A083B19FD08060A0318101904052A08099F
:20A4200008091608060105020301070709FD081A29090808050410000404080509082A09F1
:20A440000A090907081126FD05070809191A0809070806052010070709080A292BFD080A66
:20A4600005090207100809022A160709040806070404100008160A3BFD1807050A20080368
:20A480000503070419381A090708140706FD050708092A0A0B0A0909080705041202070756
:20A4A00009092A1A09090808FD0503201005070829091A280907061908092A0A2B0D095C56
:20A4C000080A050902180105090808FD392A090808050600070509383A0608201005FD06D2
:20A4E000080809092A1A0908080417010006040808090A0A190908080706FD050001020640
:20A5000008083A1A1909070701000003140709072A090AFD090807041200010303060709F3
:20A52000091A0A0909080807160400070409080A1AFD2B190A0708100100060408050A06D9
:20A540001B07080A06080101000205067D0608080A191B080A070905060018FC01030A0783
:20A560004B0A2B0A0A39190A3B2A090A4C070813060705090807FD09092A1A090908070760
:20A58000050604070709081A2909070806170405FD080709092A1A0909080707050300007A
:20A5A000010406073828072715FD0608081919AA180603040708071805FD09004802050644
:20A5C0000728090807050502061307080609081A19FD09080827270838091A09273806077A
:20A5E00009081A29FD0908080706011000010407074908090A090818070809393AFD08099A
:20A6000007061110050407070809191A080907280506FD17092A2809060705062607080998
:20A62000071A083909080706FD181509081A19090818070506000501070709290A19080878
:20A6400007FD07141008053A3809050410100706080809091A1AFD09090607201607020953
:20A66000082A19080907080317000308060A072BFD0807060A05090118020509082A290951
:20A6800008080706040503060608FD38092A07090418000309074A1807060409001802FD43
:20A6A0000619382A0709051806084939080705020206FD06080719181A09080907070506AE
:20A6C0000607170809082A1907080204FD10020403070709191A08090628011009020A061A
:20A6E0001B08070A0509FD02072010050609082A091A0909080717040509071A082909FDD7
:20A7000008070806170305080729092A0807290401034A0617FD06050801050006050807BB
:20A7200019181A190907072506071807FD08291907070304000601080609072A1908090672
:20A74000070506140507FD0709091A1A0809050714061505070709391A090808061714FD7B
:20A76000080709391A0908080607030604080709083A19080609FD01180005491827080600
:20A78000070406050817093A28FD070905180738390708050400010407072908091A1AFDE1
:20A7A0000809053802140609071A2809070703160103080709291AFD0908080726060507F9
:20A7C0000809191A0809060805060405050406050807FD09283A0705290605071A180907EE
:20A7E000381605060908FD1A391908080615010508084929080707041505FD07070808295B
:20A80000191808070706080709482A0907031010FD0605080609382A7907050305061807FB
:20A82000080306FD0007030815090A061B170A06390504110A051B180A0709FD06080517B2
:20A8400012080509074A180704031901050A071B08060AFD070906080203000001060708C0
:20A8600009192A1A080905070106040706080729FD2808170715060706080729082908170A
:20A8800008075838FD0928265927280817091A08FD09290809080706000003050707080858
:20A8A00009091A1A09090807172606FD070809291A0908070705061004070609391A0908DE
:20A8C000080506FD1004070709092A2A0909070610100406070809091A1A09FD090807170D
:20A8E000150817092A2809040711060705080609072A19FD084905040103061A1909080785
:20A90000050603041000050508282AFD19090808140607070809092A0817090607030205D7
:20A92000050807FD09082A091A090807040101020503070509081A1909070705040303FD0D
:20A940000504060709093A1A0907090528130709181A07091438FD03020709092A0A091715
:20A96000190418010009062A181719FD0508030705080709290A090818070606000504086F
:20A98000071A29191D080805093C100809050A0609FD070A081B09080A0609042805060705
:20A9A00009281A090707040400020204FD05070709082A190809072806040509071A380907
:20A9C00008060710FD160308071908192A080789060201060728FD260819173A090A090939
:20A9E000080706161705080809090A0A19FD09080807062010060609080A071B180A0709F3
:20AA00000518040609072AFD18090908080600000203070509080A091B1A0A0808041201FD
:20AA20000500FD060509081A1A09090808060510100308083A090A0908090528FD200904A6
:20AA40003A1706050901171009033A171809FD0706050306050707080809091A0A09090860
:20AA6000070606031010060709192AFD08070906081005070109072A280907080404000283
:20AA80000408070A08FD2B091A0A09090406010704080609082A0A0B0A0909070703060182
:20AAA00002FD00070609082A29090807060405030606080809292A070905FD082027050816
:20AAC0000709381A09380726290829FD08070806061010040507080829091A08090708156B
:20AAE000270607FD080829190708060715150706080809091A0807491503FD04062A191872
:20AB0000190608030500070609083A2907090616FD10080209050A062B17150A09030801AE
:20AB20000700080609073A28FD07090608050706080709482A0907072425070709DD082A51
:20AB400019070913180607070809091A1A19090807092C0417000404FD0609082A2909083E
:20AB6000080617040609382A090707041002FD0605080809092A1A09090417010408061947
:20AB800007081A1909080807FD0705150003080709192A1809060802160407070838091A1B
:20ABA000FD09070806070406020400070509072A090807091628050609081AFD091A190946
:20ABC00008070510100304070709092A1A090907180211FD19062A091A09090808060603F8
:20ABE0000500070409072A091A090908FD28071509072A18070906080307000601070309F9
:20AC0000053A0618FD0709051803054907182918080707160405470607FD08C9161506076D
:20AC20003817080516FD0103080509164A17051049060708191A0709FD050611041010071A
:20AC4000070A182B07061A03041902063A0809FD1809070720100305070709091A3A09081D
:20AC60000469030638FD07080607141606070839092A18091817FD17082908291828170540
:20AC800007010602070508040911AAFD03020405460709060715151403050707DD09192ADD
:20ACA00008271918060709081A0918190608083C0604020707092808FD0A1B190A080806C2
:20ACC000060507160809081A090A090908080706041000FD01070709093A1A09170908061A
:20ACE00007080809292A08090707FD050414020306060809293A0705290406045A0628FD5B
:20AD00000706290405031800010905CA04050708070607FD0605001415090806070505007B
:20AD200000010405073708097AFD0517161709060805070304100001050607080809091A71
:20AD4000FD0A09090807360617080809390A09180706040000040507FD07080809591A0941
:20AD60000704164A180908090708050603FD031001060718092A29090818070509074A18E0
:20AD80000908FD070905080307001601050818093A29385929FD18180617040506040506B4
:20ADA0000628170619381819FD292808070705040105030705181629180618011409FD5A42
:20ADC0000507180605092608171708190807280604FD0217000409081A092A1908190703C1
:20ADE0000805490708090A09FD0808060604040210000507080919BA0807052005FD06175C
:20AE00000649041005060A072B18060A04390104FD164A380709050702140003050407063E
:20AE200009171A0649FD04030407284A270906080507161607050816FD6915060708192A95
:20AE400008071906153821FDF9021506050607282746FDF947161748FDD9070502000406FC
:20AE6000170807050607161808FD4939083807160507040806E92718FD06031607084908C6
:20AE80002708075848FD1717060825194A061715390304FD05144A050605043900151418BB
:20AEA000274908FD3908172806010309164A030416F91507FD15071819080604050310493B
:20AEC0000110FD04AA0504020506072827F90605FD260210040708473918FD4918071628C3
:20AEE0000527390617481617FD0609084A191807090407110617030109064A17FD060706FF
:20AF00000904181509161818093A07050605094418FD4937181849060526180709183AFD4B
:20AF200006050309021800011905062A17083907084728FD170607080849090807161801FA
:20AF40000609081A3909FD08162805164907590807080708160708FD07171509081A1909AF
:20AF6000480806050607395808FD0706296828070809192A080659030105FD16041805020C
:20AF800017000508081919083806150609071AFD0819090808061705060817091A18090501
:20AFA00017010608082939FD08060815370403040816790718091AFD090748060708073815
:20AFC0004919080716050407050803FD09044A06071807390618160817281609071AFD0851
:20AFE00007090618050217100904AA06170602000215FD14590301050627DA160504020364
:20B00000FD020314030203E9051728070503FD04060708F9080603100204150302FD010286
:20B020000608E919180705020100010406FD0708F9580918170605FD0302142915BA041309
:20B04000040506070837FDF9060512131506072809FD0817182607060737088908070514C4
:20B0600015FD4A26051689151617164825FD26C937060516050413FD5804051617791899D0
:20B0800028FD670807060504250809FA062706FD0502600104EA050637FD061504010304EA
:20B0A000000249040210012803FD2519047A051627060509060805171408FD23F904061774
:20B0C00028290817FD06F915041103040304060758FDB907161412030204059A040607FDB8
:20B0E00038170859070605040603081007080249FD0506270A180B0A076916001100136A95
:20B10000FD00140306081907083A0916072905172804FD0610050727080718081607181852
:20B1200009091A3A090807FD29162578120503061707060807690605FD476A58390918078A
:20B140001805FD0607030100000405050607080807470617062708097A08FD190817183BE6
:20B160000918096A08070605164D150908030610096C38030503010703081700FD1508097A
:20B1800004FA5607280918FD1908AA072608390807094428FD3703010318041217000602C9
:20B1A00007072818070716FD2615071638075807060514490516FD350AFB0607080705044B
:20B1C000050203050201FD0203101B040A061904034A0617060719161815FD1704061817DF
:20B1E000070606050504030302042003050613070805A906FD0403000105171615080706BD
:20B200000817690514FD0204072A090A4909384A09AAFD09081908170629050728BA27FD38
:20B22000062807060509032802130700050416063707FD060706050310100114032616058A
:20B24000110012050300040307FD05080307100809034A060718051903021A05062B07088C
:20B26000FD09FA0807061708291A091806FD073A0806170906180526191A080729180708E9
:20B280000527FD04050406020000041707080809491A190807061605087D08495718160A24
:20B2A0002C0901080000FD03050507080809199A0827250703190406BD08030701080529EC
:20B2C0000608091A1A09090708080606084C011000030404070702FD080509072A08090A0F
:20B2E000294B1A090A0819170703060507FD0608070500060509163A071809050710000298
:20B3000006110709084A0AFD190A0909073805040216090A087B1715066D07290A09080890
:20B320000707093C0507010502082706FD0709083A19183937080327040607040500FD0632
:20B34000060807690817050401051A180906280503010905FDAA07081603010206070604D8
:20B36000091348050603FD0619272A28090816051307080509071A18092708FD17080809CC
:20B38000395A1A09390847383D0806070015083C170405081703FD070828290438020507A3
:20B3A00026078807060536FD0709080A192B0A592A0908290A5BFD070507166A140306074D
:20B3C00006050904080304200100FD08071A18291706080516030607170607180819090800
:20B3E00008AD07050004010000040609181A170908060400181C020506FD18070829091A5F
:20B40000080907080507160809070A191B0A0A190907FD06020301040707181609081A07DC
:20B42000052913052A0708292BFD180A091617382809291A19171A5819FD28070604020243
:20B44000000304260615070709081A09080906FD08055906151716480504361708082909C0
:20B46000FD0807080437000204050807194908276A38FD09280908060603040006010803CC
:20B4800009060A081B07030A0149FD0517481A09081706050600050208050A182B07FD15E4
:20B4A0000A0900080409071A08291B0A070804060004021501060808FD09092A2A09090726
:20B4C00007160506070708082919070603030000067D05070609081A091A090809070809BC
:20B4E0004C060815050708090908FD2A091A090808140607160809081A090A0909070806A8
:20B50000042020FD070509083A2907080416011718092A0A1B180A9D0905070215010608BF
:20B5200028090A19170A2C0109100801FD06060808090A1A1B290A09070603100007160865
:20B54000292728FD130009051A08092B0A0B0A0A19090807060500030607080829DD390833
:20B56000060802070108061907090A1A1B080A0509083C07170604080706FD080819291835
:20B580000716060407071908092A0A0B0A0908080506092C0418010306FD1708290807062A
:20B5A00008010710040606080709080A291B0A07090517FD03040605080809192A08070934
:20B5C0000308010600070509180A2B19FD080A050802020004150608070A181B160A090525
:20B5E00007010500060309080AFD092B2A0A08080712050703080409071A1909070706050C
:20B600002020FD070709092A0A0908090607101001070609080A291B0AAD0709060600050D
:20B620001506080809090A0A090908080706092C14170703FD09070A192B0A090A07091088
:20B6400007160106082829161705FD02101008180A2B390A08070504000202060508082924
:20B66000091AFD080907071406050508080A2A1B0A09090706201007050A5D082B09180ADE
:20B68000060801094C001802050A080B191ABD1A090719141A07082B0A0B0A0A0708084CE3
:20B6A000070605030006051908CD091A2A0908090617000209083A291809FC07030206054E
:20B6C00009080A093B0A1B0A0A39080706080A0A1B1BFC1A0A09090808060608080A0A3B85
:20B6E0001B1A0A08081506080809090AFC2A0B1C090B0739050405080A0A1B1B1A0A09097D
:20B70000081817FC0A090B0A3C1B0A090B050902080609080A390B1C0B0809CC04080009C3
:20B72000140A0B073C1A08070B050A10180607DD080A092B2A0A09081715080709082A192E
:20B740000809093C0706010500070301FD0608090A0A1B190A080805051003070609092A99
:20B760000A09070906080407FD03080609080A291B0A080907070410000205070838091874
:20B7800007FD271607083909AA08060205181708FD09060702060527060708281908050572
:20B7A0000004010610080A051B18FD0A060924081706080809191A48090807060509072AD4
:20B7C000194D080907080006062C050406070804FD09072A08090A090907080609084A09AC
:20B7E0002A090906051010FD010605080809191A0709042802060709081A090A09090807E3
:20B80000040601FD170405080609182A07161912180509091A0A09090808079D0705040036
:20B8200001050609391A090808050618CC01050A083B390A07070305060809090A0A2B0984
:20B84000FD0A090A07070101100001030708092A1A0909080717150808FD090A3A1B0A087A
:20B860000905181009052A090A090908080606020000FD0104060848091A0907050501067B
:20B880000409073A1817090607FD0406060718093A19080609021805073939080704FD10BE
:20B8A0000005070838090A1B060A0108000703080409050A061B180AFD0507202006060926
:20B8C000091A1A0909070706041500040808090A1A090D0A5C0909080806060205050909E3
:20B8E00008FD0A292B080A0508100709062A092A0908090708150708FD0809492A0907075E
:20B9000005060607383807062010FD040707080809291A08081337060809082A190708012B
:20B9200006FD03070509070A081B090A0A0908070604031000040708191A08080502FD20EC
:20B94000200107060A281B0A070906071305060708093A1AFD0908090618040709092A0A35
:20B960002B09080A050800070308171926FD18070502100005060838092A07090318020628
:20B980003938FD0807050000050509180A0B071C08090B080A031900031805FD0709181A19
:20B9A00007090506202005070809190A0908080605031000FD02060809191A07090508034C
:20B9C0001610070109060A082B690A09FD0807191A080906180503060205060709190A199C
:20B9E000180807060D11181C0705FD0838390708140504070609280A2B170A1619FD480A08
:20BA00002B0A0708201006150709072A1806090508FD02270104052827050101000503088C
:20BA20000609070A391B0A39FD18170A081B190A0808170705050406050708391908AD076F
:20BA4000080607000602080609090A0809060805070013171C0700FD09070A082B090A09C1
:20BA60000A0809052806070849091A09080817FD27082918190807081527061516060707AF
:20BA8000061601FD140739060507065A070607093A190809060700FD0506080819090A1ADA
:20BAA0001B090A0708051604020500070609070A08090708FD050420200208071A29090831
:20BAC0000806060201010308080A092B1AFD090A08080301000005060808390A1B0A07092C
:20BAE0000207000605070708FD2819080703201004160709081A1909083727FD0808091A98
:20BB00001A09080605040412000307070A092B0A190A08090505FD00060508072A082709C5
:20BB200007051010060509070A081B190A0808FD01100002050408070A191B080A050801D8
:20BB4000040202060008070A092B1AFD090A0809052802040809190A0907070206200504A0
:20BB60000607091A1AFD09090808070615010207050A481B0A09080606070509081A1ACD79
:20BB80001909080807061000060609390A19080605073C0004010807090807FD09091A1A20
:20BBA0000908070514030405070709291A090707040401030405FD070709092A1A09090847
:20BBC0000807070605070609071A1809070806052010FD06070819092A0A090809160806FC
:20BBE0000407060837092AFD06290507081A191B1A0A09083715020609091A0A092D09082E
:20BC0000080606082C030200060600FD080819091A0A0909080706050706080809192A0AD9
:20BC200009090707000104FD060708091A0A1B0B0A0A08060100000202030408080A090B1E
:20BC40000A0A090908060D06082C040502070706FD29091A08090707051404050507082983
:20BC6000092A0807091118FD0609083A29080907050401060407070808091A1A0909050734
:20BC8000020D0608AC150608080A092B0A190A0809070700080505FD0609382A090707018E
:20BCA000060209080A092B0A1B0A0A0808000002FD04060508070A091B1A0A090807050355
:20BCC000021000040808391A0908FD060510100207070809092A1A090907080517040508F6
:20BCE0000709082A29CD0908081627050608071928180706092C0418030601FD07071809AF
:20BD00001A190808050610150107060809291A09180816FD17070808092A0A090849070640
:20BD20000405071A29091808FD0706110005070809292A08090707020104150709060A0899
:20BD40002B19FD180A090708040603080709082A2909080807071606080809FD392A09081B
:20BD6000060610011001060509071A180907060512066D070008060A082B19080A0A3C09DC
:20BD800008060501070605DD0809092A2A09090718020409083A19080609082C0706160722
:20BDA00000FD07060809091A0A090906050004040606080709081A1A09090807070503FD89
:20BDC0001000060609082A09180906080204000605080709282A0709FD0408020620030015
:20BDE000070409071A1809073816050709092A2AFD0909080704101005050708390A1B0A63
:20BE0000070914081906FD070A391B0A09080705011010070709092A1A09190817FD08077C
:20BE20000808291908080706060111000305070709380A1B0AFD061902015A061819180924
:20BE40000807050401030515162607FD4805061769083918080707031000ED0505064818BA
:20BE60001908070705080719282A19080A4C0718060517010703DD09093A1A0917190308CA
:20BE80000609083A19080709083C0805070608070900FD0A063B090A09080A16690839076D
:20BEA0000805071014FD04070809096A1A390808050500021214040708FD4919280717165B
:20BEC0002807060709481A1908FD07071606074718291608191718060509061800FD010945
:20BEE000061A2819070806060401030407060817991816FD071627180809194A08070605E0
:20BF0000090108070909FD1A2A1809062814051906052A2729061808FD1616070706040543
:20BF2000060809090A0A09090808170604080309054A0617FD051119051A0607490605035B
:20BF400000050A171B060A0409FD0138020627071606050403050608081A0908090628056D
:20BF600012FD09060A171B080A070915180609170A1B08070A0418000609FD381A19070713
:20BF8000053504031107031906055A060708FD090A09090718262905374A18090507040665
:20BFA000FD031704010805490608291608190706080407062828FD09091A0A0909080807CF
:20BFC00007160504072609AA07060300FD0306170615F90607381706FD05261799081705BC
:20BFE00006073808FD07170605280607082929180847070607181817FD37060412080659C6
:02000004006397
:20A0000007081705043803050615FD09FA060718070411000114030104FD05FA0340020512
:20A0200004010204050728FD2A1749061405049A0224050605FD06073609082703040826BA
:20A04000093A07080709063805FD040205892716050405064A050617FD16F90503010215E1
:20A060002403040647FDF91504020406171899FD3908070648051315990637FD061514CAF9
:20A0800023152617FD040103F90403020305070847FD060514A9150627780806FD0405F95A
:20A0A00026151617060778FDF90706070615161504FD1349051708A92817060536FDAA15FD
:20A0C000060716051310290103001AFD0406290304053A070605041906181A0628030502D9
:20A0E00007FD0418050309053A17083929081807190908080709FD0828064807050714055F
:20A10000083809181717091B0B3D090918070607000C00062B070A0A0C0B3D1A2C09050BFB
:20A120000B060801000007050A0B081B0C091D081C090C6A0B0B0A0908080509070B090C7E
:20A140000A5D082B0907051A01070B1E063C082D0A09170B0C090B06070A041009010A00FA
:20A16000020B01050C03086D0009030702060504060207050907DE0309080A291B0A0609A7
:20A180000318040709181A07190600085D080707060515130600071C080607050B18015AC9
:20A1A000000601070418030019010B060C0A080D0909AE040A078B095A09080A0D0B090C11
:20A1C000DC080B072A0605040902073003200106050806091706FD3808170859890A090852
:20A1E000161808FD791908060416076A08091A0907064903FD02209801061716040301047D
:20A20000290615FD8A1405171807021904064A071827FD393618171906880504000102051C
:20A2200016FD07490809180738064707060516041305FD181717060528061409070A181BE5
:20A24000050A0639050607FD183A5909084908070604181009020A05BBFD0615040304283B
:20A260000605020A012904050618FD040609053A3609050702040106160728070605061062
:20A2800002FD040301000004051707060615070817390809080805170206FD4807092A0646
:20A2A000490516473A084B09FD070503022A050807190809080817171908071A1939FD0810
:20A2C00009080628040503071010020706080709091A3A0908DD07090418000659480618A9
:20A2E0000704060011063C07070808091906FD091A0A19096A18160708062905070317026A
:20A30000068D28070809091A1A0819070608084C0610100402060502FD1606080859091AC5
:20A320003B1A0A09091818052601049D0707040000040719382A0209075C0800070319047A
:20A34000050A094B08FD0704180A0639010200021A04077B080716176D091A0A090908088C
:20A36000070A2C0509100800FD071719080A391B1A3839060704260516FD040100070708EB
:20A38000286907050304061A08060930080706FD0806391807083807182919080807160666
:20A3A000051706FD04060618172908290806080406020704080509070A180B0AFD07290532
:20A3C00003040A066B2829380A2937283D0705094C0408101601070500FD060727091A06A9
:20A3E000090228030607070506062737153802FD04000109050A078B0819270401062C1713
:20A40000FD043B1605006A0201040716050904080002011000FD050809190A09281807079D
:20A4200004050206170705080609071A0817090D0ABC16091805080A2A1B1A1909050801D8
:20A44000070203FD17070818091A0908090608010600070408010A072B19180A08FD0502CC
:20A460000000030617180609181A072903142A0708392BFD0A18091706382809091A1A098B
:20A480001908194A08FD07160907080606020200030307052804030709091A1A0909FD173A
:20A4A000084908161708161715061706121605082719FD08060602020004010610070905EF
:20A4C0001A172906157A37FD0807160905070302000503070509070A191B080A0559FD0447
:20A4E0001708091A081709081517100508040A082B19FD080A070905080109071A08091BC4
:20A500001A0A09070704112000040707CD09093A2A08090608000703080009052A060709F7
:20A52000FC0907070605080709080A092B0A1B1A1A0809061800010A040B08FC3C091A0892
:20A540000B163A0708092B0A0B0A0A0909080717051C00090508FD070A082B290A05080242
:20A56000030007160809090A1A1B090A080906065D01040003020818090A291BFC0A07083F
:20A580001506070809090A0A0B2B1C1B0A090A070905070300FD070408262903281001091E
:20A5A000071A090A2B1B0A190907FD070503000005060818092A091809060805070319170D
:20A5C0000A091B1A0D0CFC090B080A03081007060509190A2B0A190A280908091A1A8C2B1A
:20A5E0000B1C0A0B180A080407100600FD05070629081608040610020406080809090A2AFA
:20A600001B0A08090707FD05061605070809092A0A090809070714150608080A392B1D1A72
:20A62000073C04080007061909FD0A0A090906070408060905080009050A060B081C190BD3
:20A6400008090608051701FD03080509061805080A0A0B090A0809060701100004180713E6
:20A6600006070719FD1908280708190908080702101004050701080009050A185B3D050413
:20A68000060AFC080A051900082A0A7B092A0908050A001903FC053A070608070810050ADA
:20A6A000050C083D0A2B0C0A0B081A03FC011900160A6B29070504072C0A1B0B0A0A090966
:20A6C0003B06060000011708FC0A0A2B0B2C0A090B382A3B29070A031800BC060A070B09AA
:20A6E0000C0A1D0B0A0C090B070A0509010804090808CD292A0809070816050609093A2AD6
:20A7000018090C06062B00050218061C070A0809FD091A0A0909080717180619171806059F
:20A72000160001070309580A3BFD3A0708090A39290806060437060708FD291908070500E0
:20A7400000031405070709091A0A0909080627040205BD080709291A0907380503000409D2
:20A76000073A090B6C0A0909070701050207070903BD3A07090A09090718050709094A2AF8
:20A780000B6C0A0808050706080709090A1A09FD1A090709002802060809091A1A09090602
:20A7A00017111804050907FD2A291908070806170507091A1A08091607061010036D070986
:20A7C000090A2A09080709010707AC0508080A093B2A09090602000005080804FD09080A88
:20A7E0001A1B090A050710200107060A081B09080A060902070004FD03050708190A1B1AF7
:20A800000A09090707050606070709091A1A0909080706FD031010070609082A29090806DA
:20A82000050404060709283A07FD06090307010605080849091A090718030509083A091852
:20A84000FD070903101006060818091A090A090906070005030706080819091A2D0A09079F
:20A860000708FC1616070709090A2B1B0A0A09290807080A2A0B1C090B4C080A06090306EF
:20A8800000070705FD09092A0A1B090A0808050504070809092A0A0908090708030610047B
:20A8A000FD08050A062B0807080A070904080309063A0807080709041010FD05060838092E
:20A8C0000A1B0609011600010704080609071A18080510FD10040308060A071B190A080833
:20A8E00005060115000208080A090B0A0A0908FD07050503030100040508080A191B080A64
:20A9000007090507100507050A081B29FD0A090707031102070709092A2A090907071005C7
:20A9200008064A07FD060405040910170409073A082909170706080819393D18060A1C02E7
:20A94000080003FD06080819090A1A0B0A090806050504160506070809091A0807090406DB
:20A96000FD10020101070709091A0A090908080705050101030508081A1A090807FD0705E0
:20A980000501010000040108050A062B08170A162904061A091809FD17170505040707095D
:20A9A0001A2A2909080610000307083939FD08080505000402070509073A180704090008D8
:20A9C0000309073A083D190819062C1307080701FD080409081A091A091809381738190826
:20A9E000070400000304FD0607080809092A0A0907390503100A061B190A07091208ED0718
:20AA00001006080309084A190806011900040A081B09081A0A4C090908080307060900FD8F
:20AA20000A062B08090A0A090806060003010603070729080908080707051601FD040806FB
:20AA4000391829080708055906150607051810ED09024A03011507290507081A09181909B6
:20AA60000807091C05070401FD170709090A1A1B090A07080207050604050608092A1A0982
:20AA8000080804FD05031000050609092A0A0908090607201008080A092B0A191D19072C0B
:20AAA0000316000500FD070609092A1A0908070704050607080809291A090805011000ED73
:20AAC00001070608070A081B190A1609080717060708091A0A090807094C16080710081ABE
:20AAE00006FD382B0A07081000050509082A09080909080806110005075D0809190A1B1A66
:20AB00001A083C042800060703FD09081A1A0908070402100003040609090A2A1B0A0909A1
:20AB200007071606FD070709191A0809140817020008050A091B1A0A090908080716FD14AF
:20AB400008072A1908091708050402060608091A0A1909080806077D010000030708090A45
:20AB60002A09080709085C071000060609080A0A2B09BD0A090A0709012702040709081A60
:20AB800019090706093C04180204090707FD09091A1A0909080807071506070709081A0938
:20ABA0000809070806051010FD03070709380A1B0A07090508160607180839291728FD08C6
:20ABC00019190A1A0B0A090904070318010009060A191B080A071D090107064C03000105E2
:20ABE00008090A0A2B08BD190A0809040700080309073A08190709083C07060608080A0901
:20AC000009ED0A0A1B1B0A090801202007060A191B080A06090007062C1503080907FD0ABC
:20AC2000291B0A0809050613040105050838091A090706100506FD0309183A19080805016A
:20AC400000000504070609080A1A0B0A09080606030D0517FC000509080B192C08070B06C9
:20AC60000A041900070A093B2A090A2C080804070702FD09081A0A1B1B0A09080500000142
:20AC8000070408070A091B1B0A0A09080605FD20100708093A1A0907080304000004060857
:20ACA000073A091AFD09080805061001030206070809391A09083707160808194D19180874
:20ACC000070604082C020701090607FD0719091A1A09090707041503040605080809190A2E
:20ACE00009080706060401FD000305060609291A090837270808092A0A09180908FD0703D9
:20AD000000010108060A382B0A06080100000305070609080A291BFD0A08090707050400FA
:20AD20000103070709082A29090708060702080509073AFD29080906062010020108060A91
:20AD4000081B09080A063802145D060A081B090A0A190BFC0A07070000020508090A0A2B25
:20AD60002B0A0A0919170A093B3A5C0A09081607080803FD09070A091B0A090A07080005C0
:20AD8000032607090A081B09080A070905070310FD0001060709292A080906070500030373
:20ADA0000706080829090A090808FD060602042010060709191A180917271609083A2A3D72
:20ADC00009090606073C0302050608080907FD0A091B0A090A0809040700080109020A0759
:20ADE0002B19080A070904061000FD020508080A091B1A0A090908080717050709191A18CD
:20AE00000908070604FD0202030506080819091A0A09090807150507074808093AFD0605C7
:20AE200009030600040316140706081799050604060728FD19280806061000030507071935
:20AE4000481A090607026D0806290708191A0809094C080717060006050903DD0A092B0AC4
:20AE600009080A170908050708081A091A190918073C0406000704090608FD070A092B0A41
:20AE800009080A061904064A072806090507031510FD08050A072B290A0819071618074993
:20AEA0000819080718FD0605070103000402070408050933AA2617FD0607050902050003D4
:20AEC000011010060709092A0A090819170805075D0808090A2A09070609080C08062B068D
:20AEE0000008070A06FC0B082C0A1B0B0A0A08290708090A0A2B1B0A0A09090808042C06A5
:20AF00000207080907FD0A092B0A09060A0309000702080809091A2A09080805022010FDEA
:20AF200001060709091A2A0908090608031901044A08290809FD26180715050707391829F4
:20AF40004A48396D07280817170505181C020403ED05070708081929284A171809070805FD
:20AF600007001406FC03070709080A092B0A1B0A0A0939080908090A0A1B1B1AFC1A09092B
:20AF80000518020819090A2A0B1C092B0702044C06087C290B080A0709050803070400FD88
:20AFA000070709081A091A09180908070708494A0808060603FD031110060609180A2B298F
:20AFC0000A280918392908FD08070705050606040103040605280605070908080707080803
:20AFE00009090A3819FD08070501000002030605070608081909080716040618081949FDD5
:20B000001A09080807071505160709170A0906080507030602040008AD060A083B1908072C
:20B020000A0509100809050A042C8C08190B070A060905080406031808FD091A2A095809D2
:20B04000081718292908270725FD0809060A082B090A080A0309002804060709091A2A19E2
:20B0600009FD080705202001040708291908280706071908194AFD280609030712061503EA
:20B080000606080759060506070809FD3A1A090709060805070416210708035904160506C4
:20B0A000FD27EA25023011040504FD1903227A040617160907081607480728FD49070526FD
:20B0C000080409074A08290809170806FD060515000308064917080908081707161804099B
:20B0E000074A18FD1706090518040549470826171807FD16092A2808010504080809390ACE
:20B100002908080617052608FD07080809193A07060509031802044906052718FD0304095A
:20B1200006080417050608050600070509083A090807050902070006FD010816092A0708DE
:20B14000090928084907061718050609082AFD09171916070104050809091A0A19190728E6
:20B160000603064908FD092A181909080806060204050604010002070809090A0809FD0692
:20B180000804160204070509063A0748090869190817FD05000A051B08090A0809071816A4
:20B1A0002917061814070306FD04070709090A0A09090808270706070809090A1A09080923
:20B1C0000507100506FD01080509080A09090806100001070609172A16090338020110FD30
:20B1E00009017A151708090A090906180103291237FD4A1909070804370304031719182AAF
:20B200000908FD09060817190508000725280709190A0907070504011010FD02060808C926
:20B22000290807082908060302FA04FD05061706050310010406287A07FD0405060728095F
:20B240000708023700020406082819FD180704071126040507175806150405390839FD18C1
:20B26000084707063708F908091A1918FD072837F906053617FD0615060738191708070688
:20B28000060705080609FD159A061728170609051804030702060107FD0508072908091ACE
:20B2A0000807090528031109064A3716FD7905071829086807060514060727FD06050316E1
:20B2C0000201071408F905060706032506FD07283969780817FD2706070848095A0755392B
:20B2E0009A01FD1002040506370958060301031409FD03FA1504020415040100012002FD80
:20B30000034A0547092806051609FA17060402FD000113021301200A033905030105090D6B
:02000004006496
:20A00000393011FBFC705150FBFC3160FBFC41421342FBFC6314F3FBFC3374FBFCD3FBFCA7
:20A0200014132253FBFC12811041FBFC6061FBFC3041F0FBFC1001E0FBFC1120FBFC21125F
:20A0400011123112FBFC830453FBFC64D3FBFC02A1FBFC1221222392FBFC13023162FBFC6A
:20A0600011621312FBFC21206150FBFC2132030261FBFC62A1FBFC12032233FBFC12230424
:20A08000E3FBFC140302311253FBFC1231022102FBFC5302011263FBFC4211320122FBFC80
:20A0A00011F0FBFCF0FBFCF0FBFC31125322FBFC23040324A3FBFC342344FBFC0314F3FBAC
:20A0C000FC43122162FBFC61021132FBFC1110510291FBFC10210231FBFC201112F1FBFC96
:20A0E00082FBFC536273FBFC32012011FBFC322120211221FBFC02131241120342FBFC9168
:20A1000012FBFC1312F1FBFC4120011041FBFC02117221FBFC324112B1FBFC123150FBFC2B
:20A120000102131241FBFC223332F3FBFC2364FBFCA3FBFC241302111273FBFC023172319A
:20A14000FBFC3091FBFC3011203140FBFC31003170FBFC01105150FBFC01127112FBFC5137
:20A160006223FBFC1203320372FBFC430221222322FBFC316283FBFC1283FBFC32332223A9
:20A1800022FBFC1112730211FBFC2221023140FBFC51F0FBFCB1FBFC32213283FBFC22A3B5
:20A1A000FBFC224332FBFC131221520322FBFC41121112030211FBFC107140FBFCB180FBFF
:20A1C000FC21D0FBFC314011FBFC12132211121354FBFC4364FBFCF3FBFC2342132233FB0A
:20A1E000FC3201123332FBFC031221126302FBFCF1FBFC408120FBFC5112013061FBFC6210
:20A2000071FBFC1203024132FBFC0112C1FBFC22211001221302FBFC61020112011223FB61
:20A22000FC023132330211FBFC12733211FBFC1211120102010231005B5C01100200014941
:20A24000FD20011408070346040617F8270604FD021401020110030406A817060401FD30FF
:20A2600002015902131401A8120100FD110305374706050220880104FD050617F807062704
:20A28000060504030120FD0215280405042702241605170402A805FD040627C80706050206
:20A2A000030413FD04670102030405063706250604072638FD170726150405051617041889
:20A2C000070637022508FD264907261815272626071604060707FD0606170726160515130D
:20A2E000040101000311040504060607170607FD1808170718080717080908080709180A34
:20A3000069071807486D18070704060002289C0405020701180410072904000405FD030285
:20A3200001030515160657271809183A071829FD26080509171A051B08072A0304122904A1
:20A34000060815174D06050110000128CC0607060717180507062807041529000311FD1078
:20A360000301060417062708090A183B06182A042519ED171A061B182A07380918070704A0
:20A380000002010508FC10075811020004050704060508060704061728040500FD010102A8
:20A3A00003040606180718091A091A3B292A170629BD05081908093A0A081909181806069B
:20A3C000092C0507040605071B01062500FC010417053718061708160306080706040716F9
:20A3E0001815090C06FD060817090A185B090A292A1806280115077D070839191A08191774
:20A400000AFC060915080704013020030706080829390807070106DC0407050000041717F1
:20A4200006080709082A090A8B0B1CFD1B0A18070A16590403271A1829070D062C08180757
:20A4400005074B28050403070206036C00080509073A49092B1828060A020B07174C010057
:20A460000806290708FD041A07087B093A18070A0309160A1904170A5D09051A070529035E
:20A48000052C2918070B0A050A8B03090208000601080609050A071B391A8C19170805060D
:20A4A00003283610FD05010704080009030A073B080708060A3009080506071918CD0A0A31
:20A4C0000B192A4A093A090809040808FC07070505130305251608070604150502000001D3
:20A4E000030300040127043C010419050106FD0509171A081B190A180907170506181709BC
:20A50000090A1A196B7D0A18590A0BFC0A0809070806370315060614050610101403040696
:20A52000060707FC16040607040500070519160A081B299A281AFC0BAC0B0A094A090B0837
:20A540000A07090507FC00150104061504050707181649181927180600FC00010404010199
:20A56000000606190807082829071A190B2AACFC1B3A290B070A0309010810130605170241
:20A580005C0409075A190A6B2B390A28080A37050800040108080A08090B070A5C030B05BC
:20A5A0003C060406051B1B07087C2C07090A7D09060206042B0003000A0C04095B072806CA
:20A5C00003052908090C080A4D023B1706010A1C080907080B08161A29182B080506030A5E
:20A5E00017010B080C08196D01054A0709080908081C1904087D080A092B0A1B3ADA0C09C3
:20A600000B170A090406000505080709090A0A0B3B9C3B1A0A08090618040606052B070104
:20A62000060017020C07FD00080509071A39190817000509073A08090A09090808291D1958
:20A640002C0A070916180B000949030A081B090A0C3B6D18191A08070903082C6807180B06
:20A66000040A10090A060B07088C14090A073B0817031A02060B4D004C0719082C092B071D
:20A68000060B083A2A172809090A0A2B095B0A3B2C0BBC0A1A180804110006080807051086
:20A6A000100103070600FD0702080409082A17050900080409080A093B1A190A051804DD61
:20A6C0000606011010030401050509092A1A0909081817092C0528164B000613270104068E
:20A6E0006C17080715041718081900FD081A4A19081729180A090907180607070314007D9A
:20A700000609090A082B091A0A090808098C070806070401060809071706270807DB030495
:20A72000051707040100050409050A000B060C0AFD0B1A090A07181607000504061502050D
:20A74000080609050A030B084C5D2908060B030A0C08091B29181A052A084B390908370827
:20A760000A11090A061B040705083C001A070809090A4D080B390A19086C0A040925080677
:20A7800007080809090A7D052B17082C391B0C0A0A1BDB195A084909071705070605000121
:20A7A000050704FC2807080A293B1A0A2918051700021900050A09FC2B0A0B4C2C0B0A1B50
:20A7C00009080A1729180809191A3C0709031805076B0503040707080509060A080B196C0C
:20A7E0007A4A094B150908100506012C05150709080D0A0A5E091B1A1A090619026D091713
:20A80000080706150508070905088C180507070503100007171818099D3629181507110578
:20A82000060217005C270205040610001708CD0A093B3A1A091719100809051A070C090929
:20A840001B2A08072A1129070B190C07BD002A050807090508020703061005070619070697
:20A86000084C090708060601041005ED00080609082A19070906280504064907091803072F
:20A880004C080607040500070608078D0719181A19090827060804004C1801160918050847
:20A8A000FD1509080649182608050701030005041707180809090A2D0828150C08061B19AD
:20A8C00003062C0819190A4D174B0503048C0809051807030304060707081807090A6D18A6
:20A8E0001B094C080601000C060B0B050A1A070928081902040A19080B096C072A08090834
:20A9000009270807087D0009060A081B1A0A07190200087C060707090808050606280827D8
:20A92000096D1B091A4C0905000C030B0A06090701020000000503050805070A06090B0186
:20A940000A6C036B07080708192D082C491C0B0A0B081A080609081B18190C071AFD04102B
:20A96000090A025B16380A0409070A06090108000702080D00072C0706080817050B011A29
:20A98000080509091B281A0C2B3D17001A030C08084B06000404051320083C1A06070B0868
:20A9A0005CCD06071807066B04270504000A2C06190400080B05173A060829490B4B4C17A2
:20A9C000010A2B001811060A00000905070A07091B050A180B0C5C9D07091A191B08170A00
:20A9E00019062C0807070804074B1605080809391A5C3B081A1A091B3A190A2609083B0744
:20AA000010000206055C080709093B0B1C1D7B1C0C0B0B1A0A4B4B5A0A0A18090805050603
:20AA2000390608090B7B6C0A0B0A198A0B0A1A190806000303080509070A081B0B0A5C09F2
:20AA4000FC0A0B0A08070B010A001901030800072708010309151AFC060B084C194A0B0A46
:20AA600009090807110105061603063800FD05040689040306073809080826060705FD1101
:20AA80000114021011010304061617071808071604060705050003FD03060505010605299C
:20AAA0000706277A0809080708070914181D000AFC1129164804150100290605074A08160C
:20AAC000289C090A092B3A7C69BB1B180A060810170208041907FC084A092A2929080817F7
:20AAE00007050400000103070609070A1C090B1A3A9D5B29171A040907FC08040703060118
:20AB00000200030607081839293808190819095C08180706170300080107FD0309000A0652
:20AB20004B080718072A0617090518060506100305FD041705040807090618150610020082
:20AB4000010505040000010505042010ED06110708063A0807090A3939170809050708FC88
:20AB600015171406070709080A174B1806076A061708FC07164930010A084B090A2B2A1ADE
:20AB80006C090808060727060302080600FD05051614070608051703041805010705480701
:20ABA000183907FD160805070415000407060817090A180B0A0709080806061010FD14012F
:20ABC0000316051707060503100113040001064658BD02011903064A0706190809071808D4
:20ABE0000709FC0508361706070809192A280B0A041803060905080000FD052808070819BC
:20AC000009083817161605070818070819090A4D0A09191808040408FC0205001704020870
:20AC20000709090A0A092908090806050507170806062819FD0809091B3A2A09090806075C
:20AC4000050803072508270705AD040403000105050400030508180908060205030707CC93
:20AC60001000150601000205081909080A0A2B3B0C9D1B1A0A390908170806170703044C2D
:20AC800008000601270605065D02493600062C16050701021B040006022C030301001707C0
:20ACA000FD19090A0A1B2B2A0A0909181807170607060420408D0200060817391806082CD1
:20ACC00018060806054B07000816094800062C190A7D173B08091A0A290908FC19070808C3
:20ACE0000727050608081906082A190A1B1B0A1A190C09074B180003390200032C061A0414
:20AD0000067D59190A4B188C191A0809111800070106000507087D001905070A181B051AB8
:20AD20000300097C072606070410000617080706AD011906080A194B2A082A06030C060948
:20AD40004B082817040706097C002A0306081B09380A1B3B4A05162A172B28090A7C1B072A
:20AD6000087C07091A9B1B0A0B090A0819060717030706FC180709290A3B06170A10090818
:20AD80000307100004051906030A8C081B197C0A1B1A293B0B054A005A030605071B190C74
:20ADA000090A2D071B09082A1C09182B1916080A05030903000A04071B0818090C080A9D25
:20ADC000061B080A2C1B1A1B090A0619050C18074B1526060705082C001A01060B2D024CEF
:20ADE00008071C08070B280B1A1A095708050707091A0A090B0A1C081B094D075C0A0908CE
:20AE0000050C081B291B0A0A491849270A081A0B070C040B4D104C0406070C190B0B1A0A63
:20AE20006A09070605050717080708090A2B1A0B0C0B4D2A4C292C1B07040A2B0219030048
:20AE4000071A2506070B091C001A035D004B08091A280A2C1806051B070008022C040100A1
:20AE60000004062D021906080A4E040B060A072B182D091A0604091C070706080B28040AD5
:20AE80000009010A29061B170C08194D04070A081B390A2C1908074B290506052802062C14
:20AEA00019190A7D281B2C19072B02002C051A0301080B04040A05000B01062C1007060742
:20AEC000084D0209060A082B295C1A180905180604071B060505062C041906050A5D011BD9
:20AEE000175C19084C0908061B07360A0B081A172B051800030A1C001B052D002C06072C92
:20AF0000091B380A2B1907080A160509060A17291B162C2B090A4D094C0A0906042C092B40
:20AF200008070B163A0A290417090A460A1B1B0C2C4D08171B060A2C08180603060B051076
:20AF40003A0608070918180B0A1C061B077D064C090A09182B06030C06091B080807062A5C
:20AF600008032702071B19080C070B4D054C080704000C031B1B07050A0A010808140709F1
:20AF8000281A05030B040A1C051B085D065C090A0907052C191B060A1B0849162A04021BE6
:20AFA000031A050C010B4D004C0607162C071B00010A0B05182A1419060927080A0A1B1B3B
:20AFC000280C5C4D1908051C191B0B1A0A1A19790908081906071A08090B0B4C0C082D0135
:20AFE00006072C091B270A0B082A161707060918030A081B09192A0C0A7D3B3B0A0A090980
:20B000000808077C09050804060025030103070508067D0609180A2B090A080A15190C16E9
:20B02000042B000411031A060028071B090A0C060B7D014C07080908070B061A05FC090900
:20B040000808172706140809010A031B05075C080908140B052B0A04090508140A07090824
:20B06000050A1A041B150B5C0C07FD01070908270B0A090607020430020110010503061524
:20B08000077D080659281704072C08160703101B17032C15170709FD061A182B090A091AE4
:20B0A00018090708040602040101101005053706AD0708194808290708030700080C060363
:20B0C0003B071006070406000C10078D1907090A1A1B193A0806FC09290807041802050925
:20B0E000061A05069B1837062C0104000A4B0209000815070507062C0819090A0AFD184BA4
:20B10000060305160A190405080206000402050516030498178D0516051617077C19060572
:20B120000802060004030828090AFD594A290817080606132502010606080809BD27280647
:20B14000071006270104050604140500204C0604070608070908FD074A18292928080607E6
:20B1600004050303101005061718BD2819081607060505022403010315004C480304160739
:20B18000FD054908096A0806051409150806020300041406FD070608080909080817070613
:20B1A0000502100003010505060605040201012020FD0407170809187A070605040304151D
:20B1C000090801072206FD050606081809281705052020010335140502FD201006020801DC
:20B1E00009063A4839071808070716068D040400000304072608091A080709DC091808071C
:20B2000007061607280718173728080939FD08095A08270519060708050601010004030619
:20B220000007055D09181A2709080604AC09012804050369040305160708FD1519077A16E2
:20B240001807061709050803070406030300055D06080809172A0806094C19170806070414
:20B260000823FD1003150415060736182903044A2006ED0709061807060705150003180501
:20B280000409071A1809161802054C280315071408FD00050404050507361879040601028C
:20B2A000030506280507BD0407100506060705060608493908077C190305081015041715B8
:20B2C0000806FD0328060759290807061805162708070445028D030500071908070A082BDF
:20B2E00009072C181A15094B18060706040505072C0309061A07FD013B1607181A16090829
:20B300000516030604100001031015028D08081909081A4A09080702092C16070802051B09
:20B320000510062C0003040407067D052908091A4A0907058C090908180908060717080777
:20B3400005060708097D151A084B090719080A2C09190806074B1705070604030006050C9B
:20B3600007087D0009020A274B0908050AAC18090806050406070704030005050818090A5E
:20B38000096B7D181A0907060A02092C16070802054B05300608091A052C191B0A4D1A4B35
:20B3A0000907050C060A1B17190A180709082A27290B080A1C191B5D074C08070809070B0E
:20B3C0002C08190601082B0507060804061A060507080B081A1C170B5D024C030418000B4E
:20B3E0001C040A00093B050601170602020A26010B072C19082A2A7D2B1B1A0A09090808C5
:20B400007C19050608011200030401050407067D0419180A1A4B0908060C07091B280807AD
:20B420004A00070408063905040B092C1A0A7B0B1D2C0C0B6B0A0807193A2A4A0929080791
:20B44000280A0B0C4C3D020508072C092B05030B052A0A070B050A060819050717090B1ABF
:20B460001C03080B5D173C091A0B090A1C0A0909063B08000706080507023C01160507079F
:20B4800008087D061A183B1A09080A07090C18076B150705000102050617170C05097D00DD
:20B4A0001B02054C0826030B2C07190502084B04071509080009140A2C2B08094D074C03D9
:20B4C0000006050C170B1B1A064A0728063804020B072C09080A074B093D0A091A0CFC090C
:20B4E0000B080A0709060703180604030005050706080709080A391BDC3C17160B031A02E6
:20B5000005090006030407051800050A7D001B05071C292B08070A2C09190705085B0707E5
:20B52000080807050404050707081C0309060A5D007B010418062C0807012A1B06170A09E8
:20B540000906080A05091B071A180C0B7D073C08090A090B080A070900082C0606030500F8
:20B56000043B0600171308068C070809390A0BFC0819080B171A08080305040606050400CA
:20B580000507091A1A0B2C0B3C3CDB0B0B0A0A080906080137000402061907080A094B07B3
:20B5A000FC180A192A1A0929280704140507171809FC0A4B1B2C1A1B080A04090108020755
:20B5C0000006021704030828FC090819092A0807184B030607082A0607060900073C03089E
:20B5E000060907080804FD0A183B091A0A0909070805050202502001000105ED0501000001
:20B6000001040507070305040808092708091A080518140708FC16050728180A0A4B3B1A41
:20B620000A4909070605FC06080409071803042905100A052B0600164C050608FC070B0559
:20B640001A060409100709061A07080B2A3C390B0A19FC08172818060708080606040717F0
:20B660002804060A080B060A084B1AFC190A0A081917080616010729090A0B1A3C09FC18B7
:20B680000B170A190605080419061007080506000515071906030AFC182B07291C2B0809F1
:20B6A000080A0419130800060109092A0AFC2B3B1A190A09082817060907080006030805D0
:20B6C00016002C04070609180A4B0B2A2C1B4D1A0A18080907080C08053B49040706080CBA
:20B6E0000A7D183B090A090A080907080507AC0924180705080605010617080703060408CC
:20B70000077D05080009064B081709080A2C5919080B170A2B182A090C4B3D092A0C1B0AC4
:20B720000B0909FC27082608270507020305370706020709091A080A4B1BFC2A0A091918FB
:20B7400008061500070909080A090B2A3CFC09080B170A091518040905080007040805057B
:20B760000116060707180408FC2A2A2B1B2A1A0908070606070706060308081A2AFC2B1BC9
:20B780001A1A190908080716180709081804070906080106FC0208070918070A4A2B1C08DD
:20B7A0001B04060A04091007080719FC06070B083C0918290B0A1908073826180917FC0697
:20B7C0000808070715000629180A4B1B2A0A092918FC061805281A5B091A09280A0907389F
:20B7E00018098C080719180826071804060005FD0719180A191B181A090906060400030333
:20B80000060105000605180718ED1719080608052702041506150617070104140706084CA7
:20B8200015060807191608FD482A1B060A0509060805070105000704360206071807ED067D
:20B840001707060505040001041626170708080705031016085C15060828190A4A28FD09C8
:20B86000080917180607032601050415050404153504FD0203060607040605070618070682
:20B88000071708070402000302012010FD0705080109064A2809082907060508011700013F
:20B8A00005000402FD05030404150205060405050706180718190908080617070501103060
:20B8C000FD0210070619170A183B15060A0409000801074001FD30020414050605180706C0
:20B8E000290718281706042D01101408FC1607081819090A2A4B1B1A2A090719050608FCEC
:20B90000151717280809295A4A192928FC38470709192A0A1B3B2A0A091918FC08070704C2
:20B920002806040009012A0406287B190806FC05032A00011009080409061A05060B283CD6
:20B94000091A0B1AFC1909072815040702080509034A040618194B08FC292A0809080806C9
:20B96000170706040500070719190A0A4B3BFC0A0A18090807060100020306020701090655
:20B980000A059B0628FC19081A091A0809090706041706030300000608190A0C0B1B0A0CAE
:20B9A0004B3D1A190C2A092B070629021A00061B0817090C0808DD0409064A080918090936
:20B9C0000708280908070406050700044C07001806041701057D051908070A094B0A090849
:20B9E000060C38093B180507002C01260607ED0018060709083A0908090A09290809080861
:20BA00000715050600032C07041807041B2902072C191A0A4D193B18070A0C19080B160ACA
:20BA20002A090128032B05001905FC071A08090B2A3C0B1A2B190A06180407070501040508
:20BA4000CC07171608082A2A0B3B0A09180A0129057B07030700081619080A092B17FC09B3
:20BA60003C0A090A3B0B0A190A081807080616100804FC1902060A094B0A091A091A0807B9
:20BA800009030700160605010604181C2602ED062707082A292B0A09280A090706021200F5
:20BAA00008FC0315000518070809090A2A2B1B1A0A090908080505031405FC10100501071D
:20BAC0000308060A081B194C1B2A0B090A1809FC0807050604070618040609091A2A2B0B6A
:20BAE0001A1A0909070704FC2501100714180609172A08297B0A0B0A19FC080A27190805FA
:20BB000007060818090809093A2A1B198C1A080709050701160304050506081700FD02081F
:20BB20000629384A1708070906180706050204010503FD040001010517170808191918282E
:20BB40000704061205014030FD03110506000803290506184A1708072903040D08FC08140C
:20BB6000170518120A173B090A3B0A0908070A25193C180100090205FD00060108141903CA
:20BB80004A070403060709161807070404031605FD021400042706040549070607180827E4
:20BBA000170405030605FD051000020403151208061905034A07060506070905070308FD60
:20BBC000050610400310050618040509083A37090418101D0707FC06061717160809271A4B
:20BBE0008B290A2908FC271A0904380204050309062A18494BFC280A190717141801000946
:20BC0000010A031B04035C160709FC08271B0A14180507040606070819990A4B9C0A09080D
:20BC2000080706062517081700FD04480627084907082918180706031312ED011000020525
:20BC40000617050649083908080706050403094C04380304060700FD0602070308157906B9
:20BC6000181706052804050107001603FD0405050406051716084749060804070306010333
:20BC80000000FD0101041003060507161827391808172706012500FD03101003030505062E
:20BCA00006080829391808070616050404FD0105031601100507041806273918184727FD66
:20BCC0001818170706050503041203202004010504070508063907FD3808070706060504E2
:20BCE000140302031002050407150809074A38FD27090807050401130301101005041605B6
:20BD0000060718FD3807060557040301021605020313150206050707AD08080709384A198B
:20BD200009181807095C051814170305080700FD1604072718291817080706060411000119
:20BD40001010020305FD04060207052806050709083A1718090718060407010603050D009B
:20BD6000095C0238110305090706AD080839093A280908070706040508FC0406001702102F
:20BD8000080A059B07092A190705240A6C0938031507094806FD070839070817081716059C
:20BDA000150002260401051706FD05580607082916080705050201301001040205FD040602
:20BDC000050706080759161715080407013600110418FD27094A1817160908050714060538
:20BDE000020331020100FD03040505061605163717561603020103070408FD02490304059B
:20BE0000167A04000305040112290416FD08050703050203010000011102010203050546A3
:20BE2000066713FD01034804050607382715472607FD2818293928080606040402014040D5
:20BE4000FD04020613070814491503011802017702140301FD03050618070889092807267C
:20BE6000051816FD0704054030040305020605070668073807FD0637152308490615060456
:20BE8000480305040004FD79060415130605082417261201140002FD060637174806071841
:20BEA0002717060513142020DD050406050707C908390807060509FC080706083407280624
:20BEC0002908196A0A3B8C0A19090808060604030506170700FD080609074A0819180915A9
:20BEE0001807070424010403100002FD05041010052406070826690809081708060613FD93
:20BF0000140411000216010007042826290806074A08274D0609101708FC0501000203033A
:20BF20001000050409170A0B065C181908271BFC0A041815051000060509060A070B297CAF
:20BF40001A180C177B0B160A090116000412000400FC0708280A0B4C0908590B1A08171753
:20BF600005020000FC0606180809090B2A3C3B0B0A090A1809080707060503FC0405021050
:20BF8000000105050606080829093A0A4B392AFC080705280306150708180A1B097A3C0BEA
:20BFA0001AFC091908170807030202040501000001360708090A296BFC1A0908090A0828B3
:20BFC0000607050603081619070A092B3AFC3C283B17060509030806070401000203031095
:20BFE00002FC050309171A180B4C160706041B05070A0119020618FC1009051A07080B2989
:02000004006595
:20A000003C4A2B0A290908160C079B0607070505010606080819090A0A1B3B0AFC2B1A1A5B
:20A020000908090216000410002107090A060B193CFC0A4B1B0A290A090808070005030761
:20A040000106000806290401FC040A173B083A3A090508010706060000062628FC080A5AFF
:20A060001B4C1B0B0909040000010505061708FC09081A19090808060604050007070A0A7D
:20A080002B091A0A29191A0AFC2819081005080109000A030B083C1A3B0B0A090AFC0609B2
:20A0A00003170104010004160503070709182A093A4B1BFC0A090804040303010007071810
:20A0C00008095A1A090705000B283CFC190B080A050800070409070A083B0706180A070991
:20A0E0000528FC0405080A0A2B09180A060801050218080609080A0909150809FC071A19F7
:20A100003B0A3B1C0A0B0708201106051908091AFC0A090908072704010509093B2A093AED
:20A120000604170906FC1A0806080209062A0706080B0A3C091A191B080A0508033B060464
:20A140001706050802FC0904080209070A093B1A3B0A190A080907171610003C020706053B
:20A1600000070700FD0612050708191A081B192A0819090727040603010106CD07050404C1
:20A1800006071718080709090A18091A0907090118081C0707065B00040307040600080533
:20A1A0000A061B2A07090C2A6D191A0B0A191908080C29273B080307002C1605010806BD51
:20A1C000060707080809092A0A291B080A0709040800067C040002060505000204082809CC
:20A1E0000A0B7D043C18090A0B191A06090C28073B0607060104002C0105030307068D01B4
:20A2000008061907084A09081907097C09070705061010140504030706AD0009150A0B07B2
:20A220003C080708090B080A070903080C07063B1905060811073C03050404060608077D0E
:20A2400002080509073A3819068C09083807050001290506080A096D081A092A4B09081CE3
:20A260001A0A090B5B080A26190804070520FC070809060A083B192A2A190908481605025F
:20A28000FC062908090A1A6B2B0A190A070915080713364C1403070601FD07050807290864
:20A2A00029180807060505040312110304251608AD28191A091A091819060800170108FC3B
:20A2C00005170405180410092A040507FB2807060415FC0002130005165B090A29282AFC90
:20A2E00015290623180904080009061A0807FB2806FC0504020405040203040106173B29CA
:20A300002AAC18061905070805070418160705082704FD06072838F906150306072504FDEB
:20A3200005063528160603140401100001012040FD01000504070308051917080619180876
:20A3400007492819FD08580708071605170304061103010000010403012010FD0301040364
:20A36000160603030206160706040706280704072A0807181D7B3AFC19080A1519030812B0
:20A38000170508140708070928FC1809091A08061B07054A041700052B0806087C09FC0796
:20A3A000090A0907180B071A080508100706010510040606FC181709081A29290A092808F3
:20A3C0000908170708291907AD2A0908094B0A0918070A03190508FC07160607031600021B
:20A3E00007271809284A19072904066C031701060807070608092A089D07094B0A091A092F
:20A400000A181909FC071715041000030307160809084A192A0909071808BC0510000402DC
:20A420000500030108081A090A0B5B1C1B4D0A190A090AFC08080707060110100305051747
:20A44000070809196A2A0908BC0708030502060405020200050409060A070B091C1A4D4B33
:20A460001B2A0CFC080B170A0904061204201004080709060A054B060728FC0A0619040523
:20A480000810030004171708091A1A0B3B4CDC3A1B0A0809160806010410100205040706EB
:20A4A000081702FD07280819070705060605050201000003011000010617050709097D1A1B
:20A4C0003A4B0908051A089C06090308020700050336050607082704FD020508060702144E
:20A4E0000015050101000606070705082829294AFD080918190708050603050002140503D6
:20A5000003042646074D0805000002010307AC0006050706060503060709181A0A2B1B7C74
:20A520001B4C0A0908072B05030B045A1A06052B0003067C041B01042C0708071B03050A8E
:20A540003B061805060604040A07010B28171C085D062A090A0B1B5C0A0C082B0608074C3D
:20A560000B082A07080718053B10120501070C100A4D3B070807010A2C05080419054B1775
:20A5800008090808060300020C01091D021A075E024B39070A0D09180C2A0B140A3B09066D
:20A5A0000800070408052C07180809094D071A182B292C09060805070B04000A16052B0787
:20A5C000070516060C097D011A00080B3A1A2B09AC1A1A092908090728151729087D044A91
:20A5E000050608090728100C05012B0702080517021A0139071B08060C09AD081A07094BD1
:20A600000A1908070A05190703174C48060501007D041716080809093A08130C17282B087C
:20A6200007071A2806082B1907290A2C1B0A7C4D0829181C070B180B1A4A162904002A01B8
:20A640002B05061B044C073C040106050B2B081A0908081A1707082B061905060A1C171BA8
:20A660008D045C093A191B060A0C07096B080806070506030306071808090C074A4D0217B8
:20A680000807092C0907080816064B000402270504061C080909080D08097E061A07082B7F
:20A6A00019061A0400080D06040C28053B00011700042C0506060708094D043A07061809A0
:20A6C0002C0907080806060B03000A06032B02160405082C041A07080B7D066C080A1B0924
:20A6E000170B0C09090B5A080A06290403060A170B090C08094D054A08392C180807060BD4
:20A7000005000A06122B110004020C07171D0407087E011A06082B1A080A0519000D07172F
:20A720000C083B09020700060107042C05170708094D052A07381B2C190501080B00003AD8
:20A74000030107041800050B09291C0809AD082B090A1B1C2A0B1A0808050700065C060066
:20A760000503060518060509075D062908291A06091C080817070B003A480103100B271C74
:20A7800007082D072A090A4E182B06041A062D0A080917085C090006110516050407067DED
:20A7A0000318060709181A07190200080C05041B17150A08030929040A080B190A3A0B2BB5
:20A7C0001C7D094C1A0908060B031A05DC081806043715011519070A084B19680B2A1A096F
:20A7E000190809172A1A060B052B1C07088D054C490B081A070308CC0806070415210407DC
:20A8000006080709082A0A3B192B0A0A49190A1619272A1809091B3A1A0C4B7D3B2A0A097A
:20A8200006097C0808060703020110000406070708085D024A07180706091C0818070B48BE
:20A84000053A030506050B17082C19092A0A6D3B3B0A190A0CFB080B170A09062817082930
:20A86000090A5B0A3B0A1A096B080902380013050900FC1A06080B1A6C2B0A190B180A09E8
:20A880000608230716FC07170809580A3B1A1709040700161115002C040807090803FD09C8
:20A8A000086A093A190908080707050502032030049D050307063807063706050405084CAA
:20A8C000140728150402FD030602070409060A045B05060708170A060905080407250605FD
:20A8E000BD260605060717082706170515020110087C0702282009131A0509FD176A5809D5
:20A9000007180605070416010028148D071908272806060203030210087C170302050006DA
:20A9200003080619070806FD2917084A190817291503071005060218106D09054A1306079F
:20A94000032918AC161807070305000604171608082904FD05074A28071609181706042451
:20A9600003040000020508AD28193A0928090707050504030308FC000721061504070709DB
:20A98000080A370B4C19181B090AFC0829160418050719180A094B1A3B0A090A08FC090639
:20A9A0000714060410100403070408050A077B08092A09FC07041A020509020700281405E8
:20A9C00009071A09080B394CFC08370B0A09060304121500060208061908090A5A3BFC0A3A
:20A9E000290908060805090608020704081619070A086B090AFC1B2A0A3919080448110016
:20AA00000207290809DC0A1A3B09180A071906070816072807042501FD05060608073A1972
:20AA20003A2909082826061011FD011010020506060707081819170807060602100002046B
:20AA40001010FD01020410050704181609073A0807485927FD0806171506021401130301F8
:20AA60000403050204033504050615FD12261311073822010702080569060708198D3A48F1
:20AA800009580709FC17040702280501032916071A05071B09289AFC070807050405166B01
:20AAA0000708095A0AAC293918174806051300FD0003010603F815061506351602FD0304EE
:20AAC000020804790502063705080419171816FD07050503040405033010030001041415AA
:20AAE0000306040707083807FD48170807060205050606110306260706070819198D084AFE
:20AB0000094809071706098C06180504060013020505070608075903FD06070809282805EE
:20AB200005040606041010040416050609AD091A08093B0A09280A0927080709FC360807C0
:20AB400015170416180709484A071908095C08170627282802FD060509083A192A291908EA
:20AB600008071616040510048D05030611050606070505020603070036286C0602070518A7
:20AB8000041001FD06020703080509176A08590928182617ED16030217130602071638057F
:20ABA00017070604050004087C03050004030501040007050806090704FD080849090A4BE5
:20ABC0000807060A050906080507020511061700FD026805060738070705160605041111EE
:20ABE0004040FD0103060507060807590869280806FD0603050214100613170578160506AE
:20AC0000153627FD1406270504052816031702113614050716FD3807682716040713360268
:20AC200003051757FD08990605062403280415070406FD0505040303140402021003150120
:20AC40000006131702682506FD25490647F816050406149D2517160507020501195C0210BC
:20AC60003802031400FD0306061707280869291806480120FD0189040506170625282407E5
:20AC800001260203FD11051602000501260302053717083908170828FD07160724161725B2
:20ACA00008491728280706FD050600030104030300000104160501070749080718260807E5
:20ACC0000D26096C580503160400FD03030505070718083949381807060514032020ED03EC
:20ACE000010404071819294A18070905080006087C0506130501100002020604080602FD92
:20AD000007040806491706070658471517062807ED0829392A580928070705060025087CDB
:20AD200007060415010306050706080710FD0607012812242902FA2005060738FD2706028E
:20AD40000109121813070690030170FD010103100105141702480415FD06051906059A1619
:20AD600027060524093508178D06041503050404020303040101384C000415092625FD0761
:20AD800028080718392608041715160405070618FD17196828172617260506450415FD14D8
:20ADA000260504031705040605071708070818390718FD08271705250405041303140401E8
:20ADC000010005141606280705FD04F902030504050706150100021014CD89061708090827
:20ADE000170438030208FC07070506300506170208041905072A0859FBFC27162708498B97
:20AE000028FC070504100A090508032600031215041406071C05080600FD050506071758A4
:20AE20001807581718791908FD790817260807060404051506150403040D00299C030203E0
:20AE4000181417131804130904FD01060207010802190405FA16171605020506ED040605DB
:20AE600002152A13360908070503012000383C01020300FD010412051613452201121601BA
:20AE8000070318051609FAFD17280716052001030526296D0508130706100329FC02102890
:20AEA0000305060915DA16172605FC040537FB08690817FC0817063B050200020A040915DC
:20AEC00048230210FD000203052606573705160403051004051207FD080409166A075819D1
:20AEE000070805170301560001FD030435373616043513111604FD010703281526F91746D8
:20AF00000501FD030605060728260715060504141313310405FD06040716F81706050402E2
:20AF20000003020416FD079858070625571405FD042613011502030400030145023006037F
:20AF4000670415FD060708B90605160778FD480706150714460503040505040302040436E1
:20AF600015FD1604040305040300000102020101020505360405260708FD27F93605061796
:20AF80003807FD061925280403A702011021040514FD060335021403260200031705030864
:20AFA00011B9020302FD30021415BA01000301030503BD040504151914081715050402054E
:20AFC0000004484C05131500FD14020303050417051408690516050201029813FD02031502
:20AFE000141609358A061706FD0405091608070505041302404002020311010304FD05251E
:20B0000036043327280415F906170514FD0516150422201908123701FD1098020305174840
:20B020000707166605FD132227010002180401B91201030413FD041546F8450402FD010283
:20B04000000456E807160726FD2524270216032505030506031501041613FD0715582312B8
:20B06000C90100020403050401FD03010305043805041207043615040305021403FD040512
:20B080000506160778274817070606030450FD034001030514060706283729366AFD18066D
:20B0A000472928260725060706FD2415140214050412051603040705A8061748FD2737067C
:20B0C000050302560112031407FD060817B93817181706082307063D0402130100097C115B
:20B0E0002803012713120800FD100406020701080209057A060758690706FD6708070606C3
:20B100000405010350400101FD0204051637076826050605070316141503FD2236040515D7
:20B1200004260605062717082859A9FD18070504030100080287040324FD03020102060371
:20B1400025051604470514450869FD1605060558131223070604270524FD680305060415E5
:20B16000070408050903BA021554FD20090308052724060204700250FD020105230607F80A
:20B180000405171605FD02030200030405662817780504FD16051706792718362817FD27B8
:20B1A00025161405010170701303FD051416030704581556F90516FD1706250304030406DF
:20B1C000F9250304FD150607160706050645291806072D0406130509AC05280423171228C1
:20B1E0001419031504FD06360708A907287948FD580706050307011613051204021000025B
:20B20000040405FD0307056806077807060523570103FD05020503040401403001031204F9
:20B22000050327140628FD37F92605061718070605FD220901181207103601000127020330
:20B2400001280210FDA903040627061546281715FD0604250122041523042504230617022A
:20B2600001081429FD15CA14060706270807064519FD0806020401014040211103141503F7
:20B2800006FD041703000803C901020516170605040302FD10080701061011010310010314
:20B2A00002050306020713680425FD260708077968171806072506FD0501320012041505EB
:20B2C0001302131501061227010328FD0415F9140617180708071605FD010001080017110D
:20B2E00005000401050204010303040413030404350506FD2726181509CA1617160706042E
:20B30000FD031003091548040201020670040201020110FD04030604070528062769061726
:20B3200006076828FD3707160605050302120301000001021300010513FD163407F8262732
:20B340002879FD073628351706011502032401FD1301100004110506022723F8151605267D
:20B36000FD4726082517060415030203FD000001110405130677010203040526F80718FD07
:20B38000691807060504380210FD0107121611051402030304020503161407121811E9FD0D
:20B3A000040526171615040304280503FD14C70302015001231801F9FD00010304751403EC
:20B3C0000219FD010478151403010001F71364FD0301403701020302580103FD140503F94E
:20B3E0001021222312FD0180E9612D00FBFC046314230231FBFC703130FBFC01520384FB74
:20B40000FC331201122122FBFC40015211FBFC40117051FBFC021314230211FBFC10014053
:20B42000D1FBFC027102FBFC0372110051FBFC531251FBFC10115011120302FBFCF3FBFCE3
:20B440002302212001022304FBFC330403242332FBFC014001A0FBFCB1F0FBFC30FBFC0122
:20B460003283FBFC746352FBFC23021112A3FBFC22F1FBFC51FBFC3201521132FBFC0120EC
:20B4800031320190FBFC5130FBFC21027324FBFC43442384FBFC230283FBFC02412001F080
:20B4A000FBFC30FBFC01800112FBFC23127152FBFC8110E1FBFC0211FBFC021112830211C6
:20B4C000FBFC325314B3FBFC12B1FBFC2251FBFC124302B1FBFC023110010253FBFC02017C
:20B4E00000214241FBFC70A1FBFC6021FBFC601112010241FBFC02930211FBFC12134473F8
:20B50000FBFC144324D3FBFC221172FBFC3352FBFC43B1FBFC0203028120FBFC015021D00B
:20B52000FBFC1162FBFC0132432413FBFC526372FBFC014241FBFC0221326130FBFCF1FBA4
:20B54000FCF1FBFC116071FBFC30510243FBFC1211520342FBFC632463FBFC444322FBFC3F
:20B5600033A2FBFC0302511291FBFC122372FBFC1302610251FBFC22F1FBFC710201FBFC3C
:1AB580001241420332FBFC41522392FBFC331201EBEC2223320322020B0CDF
:02000004006694
:20A000009325F733FD9413F7B4FD43F7FD8403042384F7FD2394F7FD33B4F7FD03A4F7FD94
:20A020007332F3F7FDF4F7FDF4F7FD34F7FD13A433F7FD7403D4F7FDE3F7FD021342F7C397
:20A04000FDD4F7FD15B4F7FD05F4F7FD3473F7FD241374F7FD435443F7FD24F3F7FDA3F7E4
:20A06000FDF4F7FD941344F7FDE3F7FD242384F723FDC4F713FD24133293F7FD82D3F7FD5F
:20A08000F4F7FDF4F7FD74F7FDF3F7FDF4F7FD4473F7FD6463A4F7FD13F4F7FD0324F71383
:20A0A000FD144384F7FD8364F7FD2324032453F7FD54A3F7FD24D3F7FDF4F7FDF4F7FD148A
:20A0C0008344F7FDF3F7FD7364F7FD33B4F7FD63A4F7FD43F4F7FD1443F7FD84B3F7FD2478
:20A0E0002354F7FD431413C4F7FD33B4F7FD133413F714FD53F4F7FDF4F7FD3314D3F7FD65
:20A1000042F7FDE3F7F4FDF7B4FD33F734FD0324F3F7FD132423F7F4FDF7E4FD43F7FD5488
:20A12000F3F7FD4324F7FD031453010254F7FD130213151403044527FD4604130415F726D4
:20A140000504020113FD022425E70412230413FD1405070606151503140214050635A7FDFD
:20A1600004030405562605058636FD250403471405162615031300011402FD030504160562
:20A1800026F71716150436FD2527240603051406150204462506FD050201110201100204D6
:20A1A000020503062407780504150312FD8910023321083702041148034D0100111748FC72
:20A1C0000604020109109A03062708070603FBFC1001152604010005060507080B8C071A58
:20A1E0000607090648300300FD01040205030605173626050401010015010006030804996F
:20A2000025FD021402073818070703141201000002FD03030201101002110304030606170D
:20A220000705160203051010060517FD1618373706070818391605080107030602043D0139
:20A24000050404030001184C04131705081700FD053804030402470004160708061704253A
:20A260002807BD1919281806170211061514020000085C032710010803091606FD37150601
:20A280001406072638070407012805060709181A9D2719081407062504020004086C050702
:20A2A00002160003070418051701FD030600050326150607070826171602055808191A8D64
:20A2C0001906070826170605051409FC080507031604050807590503060502053A060708E3
:20A2E0000919FC184A0908276B093A09080A070904068C10010605581605170600FD172552
:20A30000061706050400020506041100071628081939288D28070807070605030301001034
:20A3200017FC06082809181909070805391706185A0617FC00017B0407081908591A090868
:20A340001618FC0506000504070728181909181809290805061A081719FC0818070809094B
:20A360001A1A094B0A091A390A290817FC17060603040005161705080829191A1A09290880
:20A380000907FC3716030509070A181B5A3C0B0A1819098B08070701250004050608081A2A
:20A3A00009080B1A0A0C3B3D090806020A1C070902080B05151A16060B05081C0209070AD5
:20A3C0007D001B03044C07090805040B0C070A1B080916080A0619000101071A0418130B79
:20A3E0000A1C061B082D004C172C0806010B1B061A050A260919180A17091B0A190B0C4CC3
:20A400006D07090A09080B061A050C07080B16060A0509050318000004040A26070B080C9C
:20A420000A6D044B08090A09061A000C06090B27070A05091018090A01190B076C080B0AB6
:20A440005C0B1C1B3B0A0B090A080906070A100029020416020A04092B080B090C0A4D0AB1
:20A460001B1B1A0A19090C052B0804060320101A061B040807090C060B1D024C082E0018B2
:20A480001D0A1B080C090A0B08080A060609040408120006010805080A04090B060A0C0796
:20A4A0000B4D023C27060B1C090A16090B070A04040803000706050807070908090B190AE1
:20A4C0000C0B5D075C091A09080C090B0B180A0A09090707062500050409070A03080B0591
:20A4E0000A0C182B5D091A1C091B080C090A0B08080A070609050118040003050A04090B95
:20A50000030A0C100B5D4C085A1B0C0B0A0A09090807060115200004060707060A08090B15
:20A52000190A1C0B0A4C3D1908060C070B0B180A0A09090707171600060917080A090B1910
:20A540000B6C6C0A0B1C0B1A0B0B0A090A0808090706070403000000020821080A090B0BFF
:20A560000C054C6D021809080B060A00090C02070B0005090210180517010A080B180A0C02
:20A580000B5D075C091B0A290C0B0B0A0A0709090407041000000506030807050909270BC5
:20A5A0000B6C1C191D1A1C190B0B0A070A08060905050701020500010707050A09060B0AE0
:20A5C000080C0B194D0C4D060709081C000C060B0B150A0908050302040110061009070BBB
:20A5E00001090C050A5D040B084C2A080C090B0B080A0A07080906060603000105020707BA
:20A60000060918080B0A0C090B5D085C091B09070C090B0B080A0907080804060520100045
:20A6200008080A03090B070A0C090B4D083C091A090B1C0A0A08090B07070A05040702007A
:20A640000505040606060907090B180A0C0B5D075C0A1B0A080C090B0B070A090609070526
:20A66000071010000607010908040A0A050B0C034C5D02071A071B030C070A0B06080A1319
:20A6800004090118050007060A18090B0A0C090B5D084C2A09070B0C180A0B080A070709CA
:20A6A0000410081009040A01050B04080C050A5D061B191C0A091B080C9A0A0B090905065E
:20A6C0000303100007070A090B0A0C0B5D093C1A09080B040A0C05090B14070A04180300C8
:20A6E00004030915050A070B07090C080A3D065B081A1C0B8A0B0A0A080904080307000827
:20A70000060A080B090C090A5D080B193C18070B0C180A0B090A0707090510080609371425
:20A720000A0B070C096D061A08193B0705000A0C16090B070A0706191805070A19190B0C05
:20A74000080A5D040B074C28070C290B0B0A0A0909080608260109050A040B04070C0509FF
:20A760007D001A05061B281A070901080C07060B08200A39090A061B081A090C0A4D084B1D
:20A780003A0C3B0A0B090A080804055A000201070208060A090B0A1C085B093D1805030C6A
:20A7A000080A0B19093A0808061705071B0619180C0A5D040B073C0607180B2C0A0A09094E
:20A7C00006070B15102A060305000B04071C0519085D040A073B0907160A0C68090B080A35
:20A7E0000509110809070A090B070A0C080B6D044C08090A09081B060C180A0B080A061564
:20A8000029071601060A18091B0A090B0C074C3D050602000C060B0B170A0A090926071735
:20A8200001040917070A080B080A0C090B6D073C090A1B1B0A190A0C090B07060A1604091D
:20A840001006070818080A090B170A0C0B4D043C070607040B1C070A01090B04070A000254
:20A86000082220090A0B06060C18087D0A0A4B0B1C0B0A0A08090C07060B05020A060308BF
:20A8800005000706070917090A0A0B160B0C4C3D0507180C090B0B1A0A0A08097906040090
:20A8A0000201060208070A0A0B0B1C5C2A3D09070C190B0B0A0A18080907080713070609AE
:20A8C00004080A05090B140A0C0B4D023C060709070B1C090A18090B070A17112928040573
:20A8E0000A090B090A0C080B5D054C081A08040B0C180A0B090A370809071704070916093C
:20A900000A0A0B150B0C3C4D0206180B060A1C090906080B17053A0218050419070B090C28
:20A92000080A4D060B083C19080C3A0B0B0A0A091807390607120608070A08090B070A0CFA
:20A94000050B3D003C0506053C090B080A060901083B06060727181C0719095D070A093B60
:20A960001A09080A1C090916080B063A0704061115050B04081C0009050A5D003B071807C6
:20A980000A0509BC09080807070306041706070809090A3A0B2C1BCB0B0A0A0909080706CA
:20A9A000010320021007030A160B0C08FD2A29090808060605050404101003040407070850
:20A9C0000809092A1A2D2909070C08086B090708050601050316020017030C07FD000805B1
:20A9E00009182A16090508012702041106170507080819092D1A3A090C0A0B8B090A0709ED
:20AA000016080700060307161807060C2801FD050709180807070505010200010106051720
:20AA20000405080609074A08095D1A0909070706000105FC000202201005251809083A39FB
:20AA400009080816061507FC080709180A5B090A4B0A090A080907080203000211FC03045E
:20AA6000000606081819091A0A29090807080616021407080509FC070A084B090A3B2A0AEA
:20AA8000090818070504100001040506FC0608070A082B07280A0927180706050707180650
:20AAA0000709080A09FC3B0A3B0A190A090808061705040400010106060817090AFC192BFF
:20AAC000280A0907180607071606071828090A094B1AFC0B0A190A090808060600040205C0
:20AAE0000104000504080839090A3BFC0807160A0904181617042708090A480B3CFC170B41
:20AB00000A15090803011010020404060709091A3A1B2A09FC180905180104171009050A98
:20AB2000074B090A0B2A0A090908FC0817170310100403070409070A193B1A192A0807DC3A
:20AB4000092338000609180A5B091A0908071A09FB08190705081007080619090A0ACB3B16
:20AB60000A190B080A37290A084C09093A0A2B1BFB3A0A0907090618040007010806090999
:20AB80001A0A6B4B2B0A1909DC0808040701080009020A064B08493A08096B0809060810E8
:20ABA000170308060902FC0A065B07391A0A190908081606150809060A176BFC2807160A46
:20ABC0000509030720100305070708081949FC0A3B2A0A0909080817171858097AAC290810
:20ABE0000509000801071005070400FD01040306040705080609283A07050903081016013C
:20AC00001714158D030404030004010725280307084C0507042803000110FD200406010826
:20AC20000509073A1908270908270615060401FD302001060507262604100001050504123E
:20AC400002032010DD030606080709191A183907380806010708FC060603050504060508AE
:20AC60000749080718070808192908270816FC080829090A7B1A3908170A0906072026FC20
:20AC800003082629073A0807081909180827070607FC0819390A5B5A0A0809070705011031
:20ACA000001104EC06040826190A183B17060A0539031002069D15070817094A08290809F8
:20ACC000070A7C060905070310300304060400FD15050707192808070705041000010302DD
:20ACE000000004020703080609170A5D2B280A0709050AFC040813070500041415030405D3
:20AD0000070819191A4A09080605FC59042708290A3B3A0A19090808061705FC04050204D9
:20AD20000325060708073A191A094908170506CC4A1708093A4B09080A07090608186B0760
:20AD4000062904110A140B0C0A05FD080809271807050501010014030003041616070808A2
:20AD600009293A3D080519007C1708070603020114020005010705FD0118050719080718CC
:20AD80001607050400000103041000030506070709280A3D3B07031C081A077B08190706AE
:20ADA0000803270206070808090C073AFD0004170906080507040510100202100107020961
:20ADC000060A074B182D06002C170A0904084B17070606120506062C00080509073AFD0349
:20ADE00004060709060813070604012000030401070509070A282B2D071A052C09190806B6
:20AE0000084B0814070602040005042C0408081909FD070A0829270805170104061010028E
:20AE2000030406070839092A5D080907080606020400050C06103B07160210070C0606FD4E
:20AE400003080509070A380928070605150605100004040606080829095D2A08070906180A
:20AE6000002C08160704033B060005030716080C0607FD001905041A162915060801160041
:20AE800003050002030706080849095D1A0908080717042C0805050400052B0510030705EE
:20AEA0001C041707FD01391618082717060503000203150103080709083A393D19082C0A56
:20AEC00008090707064B0803070206100507062C0618080949FD27080708050704060501CB
:20AEE0001000040505060718095A292D08062C0909080806074B070114200517010C06FD3A
:20AF00000007050818390617080606140504101004050606080839095D2A08090718041C20
:20AF2000080706060B28301A1B0708020C0606FD001805081939280807060505060313005E
:20AF4000040705080609073A5D081908090718042C0806060500022B0500040207031C0430
:20AF6000040706FD006905071908070608032500040001010605080609073A5D08190809F8
:20AF8000060800070C07064B08130714000107032C050507060908FD1719181A0709060826
:20AFA0000507040100001105030006050817093A083D19080907081C090707064B081317C6
:20AFC00000060107062C0518080909FD173A08090809060815070500020226050305080715
:20AFE00009183A3D19080906081C080705064B07100516010007030C0605FD000605070895
:20B0000039390808060612051010030601070209054A5D081908060904080C08070B4906EA
:20B020000A03290005070A08080B1709EC1A08094B1A19080A0739060500022A06084D010F
:20B040004B0618070C0A0A0BBB090A080906080405300407090A050B071C184D1A49090805
:20B06000066C0927181606080819096D064A081908070904080C18070B040A490209100816
:20B0800009040A060B08070C07097D003A0408191908060802073C380506157D0008040923
:20B0A000065A081908061C090918085B060604041000030507071C03080709FD013A0608A1
:20B0C0003909080708050620010204010706180809393A5D0709050700060C07044B080151
:20B0E000071005040307062C03080609084AFD040608071609080507020420000104040709
:20B10000060817094A282D062C0909080807074B081527010008012C060508060908FD060E
:20B120003927260807060405011410050307160809073A385D0907080417007C0814170157
:20B1400016000307270809FD06381708270706050604252306051707180819395D18060894
:20B160000317015C0816370502010800FD00020304063637251605040405251607062807B6
:20B180008D081939081708053704007C680604020506050904FD031514260330270228047D
:20B1A0001579160708FD2706180504070305020401011000020101000011111000FD040132
:20B1C0000500040106041710280302017905161746FD280417130610020101101001020283
:20B1E0001000011204FD02000313050102032505040606271738283937BD081617050503C1
:20B20000140402400002019C2911080059231604FD050606170728085949281807071516E6
:20B220000D0405FC29040514282627274628290708FC290A9B4A090807061A050609148878
:20B24000BC05030406040205042705171608FD001701050877194A291603080017036D01E2
:20B260000400151302012303029C1901020800370204020508061915FD072708094A682920
:20B28000062805061427063D15160605059C19030408022701040206030706180503FD0095
:20B2A000170401080529277A061507040536193D28040200072C08160706044B28200701B9
:20B2C00008032C15150706FD10170329779A0607060537095D180705250200AC07021603D1
:20B2E0000202000003040505040605280716FD131704080519160A056B040627162A05008E
:20B30000DC08091608070303000402031000010424160806190502FD250504051626070814
:20B320001769083938180D06FC2907062408E91003112507167C17280A3B093A5BFC190881
:20B34000070A1619051803051904016A34FC030003090438012009011A02047B070809CADD
:20B36000FC0A0908160716172906040821FC07060120000200010206060817090A18FB0987
:20B380003AFC09081716372B16050A160908FC0505010202101003040603070009042A070B
:20B3A0000839FB08FC073617680A1906070115FC021010010513060706491809FA08070589
:20B3C00010FC020507090A6B0908060A04190102074C10062802000101FD021503041706C7
:20B3E00005050206050502010002120305050607073808095A8D190807060903070106027F
:20B4000009FC033804060302492607062815030600070518167C09071A183B093AFC2B2955
:20B420000A190807080637072818390748087C17052702030105000705FD000704080709C8
:20B44000186A2908070609050804063013018D0503371516060203030501047C080007032B
:20B46000060111000417160808FD051906075A39081609080417030416022507165D161783
:20B4800004060217002C07021603024B0800070308051903052C0808190708FD0519060722
:20B4A0007A380716252903180607075D062505060200100305FC070106040705060205016B
:20B4C000070318000209061A157B0708096AFC4A09480918072706380607BC0807270617CD
:20B4E00015060706180401291605FD06181849093A2809180706060505021030116D0504D5
:20B50000070526010300159C18060704250305130306071818FD034A0708093A19080907CE
:20B520000806070505021415030625175D1816170300080C08067B090308050710040506FB
:20B5400007170809091C181AFD015B17080908070A0809070815070602030114130505460C
:20B560003D04010201AC2805060325000514020407172808FD1519067A071607060405062E
:20B58000290503012803052D142702AC09161804270115360214020701FD00040402060553
:20B5A00028172829194A3809070808FC0A17190678250415041689050605003C010311DD6D
:20B5C00005061607080719185A49070906080507FCD90604100305261716050811072C2873
:20B5E0001201AD01061507080819395A280C0A091B1B080719FC0403080207040805990445
:20B6000006071607051614382C051601FD270607083869072808171706161504FD110205C8
:20B62000242605052414201001013030FD0105261708275908171808172708071606FD047B
:20B6400005002301040504162515040310001103104001FD100405150406070718167917E7
:20B660000807040325FD1814071603021401033504030504030002120502000111FD0301B6
:20B680000000011204020005051706040805990617060506FD050302030815070611040544
:20B6A000030602250002100113031100FD0204030301010002010300020235160718164942
:20B6C00047FD48161405070326012315150615040504FD020000010102404003051506075C
:20B6E00006185749FD2658130514272516160726154D031300010000484C143500FD0106E6
:20B70000042816273906042802010217011538068D0738070617070506260408FC070706A1
:20B720000604050506061717085819BA0938FC1706077B060708091807142A05FC10190304
:20B7400008020701280426094A151605FB0301FC0204031403160407380B172AFC06031924
:20B7600004060805060605270402040826192A1705FBFC010004251406142809082BFC161E
:20B78000050A00190305070016010215100704080509040A03FB00FC0205040504231415AB
:20B7A00016084B49FC0A1819070724150110100403060107050917FC1A38FB07061504028D
:20B7C00005061728FC3B1908070A0809060602050404201003151407FC0619170A18FB07D1
:20B7E00018060211000110FC04274B0827080A071906050710040501040003FC01060508F1
:20B800000609050A167B071918377A05FC0416177B1607081706050A1308070404FC00006C
:20B82000010105020603070609181A794B0A6908FC35068A17087909089C07082417160108
:20B840000507071818094917FD08390807060802060005030401000002130304040605277A
:20B86000FD06173806041507040613050402404001FD0405150608274918071804030710B9
:20B880001502033020FD01010405060617270827064706051606051404FD03031001030411
:20B8A000061507080649370608030614055040FD1202040516072827270516060407FD053D
:20B8C0001806050714160315010336050607181727060706FD0522130130002102040405AF
:20B8E0000306044705060758FD0607162719180605070405121411020304054616FD05163E
:20B900000414120340100302042315060417FD05260879050715471806053030FD010303B0
:20B92000042405061705045613111205000401FD260304551708A91604060716050D09FC83
:20B940000818161704230829158A2637FC06153916151A03BB020617080728FC270A061951
:20B96000050308100728041609078A28FC091807060339040504033A0506379BFC082704E0
:20B9800015260A19040810170418060700FD08253916080517140603240203010100020402
:20B9A00005060617ED27481807060705060427261615050309FC043802043709FA1809079F
:20B9C00005060514FC0310060718FA492705FC06281909071806051703011814190516FAB5
:20B9E000FC4706051201100311AB05FC06070918090807180A171906080316050605FC0744
:20BA000004082509FA07180716050405030104FC0203077A0809AA190827FC0914180307E0
:20BA20000206040706081709DA281736FC140302009B01050718190807BC183A072629070E
:20BA40000538111400FD0102040415050616070605351425162405062705FD062778480764
:20BA6000070604350304150414FD03020240300103050526167705130526FD05261426175B
:20BA800048173807250706FD040200010105243605040513031102040405350667FD341546
:20BAA000C8040311000446FD15170406010400151204030605372605061405FD040313341F
:20BAC00054051405051606173726FD8617060516052604022713022824FD19053608070685
:20BAE000030411030110400203040501060327FD05063708070655062514265627FD786734
:20BB0000060705060405013030FD0102120304040505060647072605460301020104FD2782
:20BB2000050637880607181727060516062D0404020200094C23381500FD120204231697CE
:20BB40000402000123255846FD67470625260405030402FD0301011030011001021301037D
:20BB6000052426152766FDB827060504134765FD0615140405051626150504043312110537
:20BB8000FD13260203070418254916052608A70544FD0516040603251201040315152414DA
:20BBA000FD031302132410051216030704680637FD26079605041304121403670411FD03C4
:20BBC00010024803010405140706010520100201030005FD010704181509343A05090408D5
:20BBE000130706110403120100FD040105100607216804150637470615FD06050403202046
:20BC00000101040406260708491706050608FD040702060140300302040405050636174833
:20BC200017FD06152706140627150206200411020204040505069D060727181726060315B5
:20BC4000020012282C030200FD000404060507160869150604030140280748FD16150407CC
:20BC60000306120503010102030305041605260526FD050407050603152104050216130796
:20BC8000042805062599FD16040304100428030405070406130502013030FD0111030403A4
:20BCA0001504030614071603045703020310FD01C80304060706470625277D06052604058B
:20BCC00004040301010003484C0504150600FD040305251647162536040305061707885890
:20BCE000FD173607161505060607040613171D000608FC3707060423280669070819FA2809
:20BD0000FC072869DA081705FC03140507061302011902041811290204FC050A137B25061B
:20BD2000050416FA05071839FC28465A073529FC1615081706150607270809FA0869FC183F
:20BD4000271829FA081704FC23040605040502011A0416094815041C061702FD05083759B1
:20BD6000060514A8020302010345FD070416130501030314150306043706150406FD0204DA
:20BD80001102013030010304050507160859170605FD0413A801400214030702360302FD26
:20BDA00001022703040338051405070406010440012003FD010503060507064827062517B0
:20BDC000260301220768FD03240203B72002042536FD160503042020020104020615270697
:20BDE000174626FD15151604231748040627B7060514FD0301020305469615030100FD01F8
:20BE0000000137140516062505040304100203010504060517FD26383727361605450425C7
:20BE200006FD26373756060504020500161305021604FD0315010304120304032524260508
:20BE400006F757FD06150304050304152706370617FD162607162507260103020400030216
:20BE600004030202500304FD03040506010724380605371613F8020102FD0325040514063D
:20BE80000402162804165D270406050501020000084C131704181500FD040105040725388B
:20BEA00016270506041402050506060707080639FD17380807151704460315030517170690
:20BEC000184D0706061305010008FC110604021204060507060807690809FA27FC050618B9
:20BEE00009FA0A29080706FC0506050607052A14021921083732FC08031905060A05FB03B6
:20BF000005370605031001FC0517387B170400020A15D90300FC0103053635080607172621
:20BF20000819FC170A06FB070829181706040302FC0003263B151A06150918041337051618
:20BF4000080C0500FD0202040406353713160115101601000701780406FD07589707060558
:20BF600003020506375D380605070406097C076806050403042500FD031614470504030419
:20BF800000160113172408690708FD372806050327010301262005014612FD030231251416
:20BFA0000213130404152506B70405FD060534030102030801890203020366FD08070605F3
:20BFC000050404031302112233030224FD3415020401132002040116130724085906FDE787
:20BFE000180716050203054406FD1503040102202002031104060367141524FD0602050175
:02000004006793
:20A0000016020427052648F71706FD0504131405161547030112060305FD02030001012387
:20A020000201021433351406131731F8FD120304152605144328FD873413441605041375A7
:20A04000FD0213044506F7361504FD2516052627A7161514FD0341263015141113020414EB
:20A06000053605FD86B705041223A8FD020354050487152403FD01131602011502112402E6
:20A08000210304053316A7FD3403021324F83625FD0401021304252804021703020613FD43
:20A0A000250403240223030404350546142335FD02230627148815260504030487FD030473
:20A0C00005040506052406150302143125FD12260324F715143364FD57251616470726C6C7
:20A0E00025FD040302013314371514FDA802030504030465C71413FD1556061505040403ED
:20A1000013014022FD04050116030497150415031423A8FD040536050413970403010213F2
:20A12000FD440615130422430314142505FD1646F7552647FDF71605040201004124FD1751
:20A14000035206050423041405760506F7FD2504156637FD25F60403220324050415FD0484
:20A160002516050404250201021603020711980324FD0574A7250433FD9602010001023435
:20A18000B745FD040321031298030415140302FD435704035804253407067503FD1213348E
:20A1A00006F73504030110FD0103050625F71405240302FD1102131423F70240FD02030452
:20A1C00005241397020140FD22F80445044201FD104801000102030724067503040506E7C7
:20A1E000FD341301200113780415FD04031203F70220010203041504FD030250F7010203B1
:20A200003413FD01000113F70435041122FD010011F7335405FD44F7030103140506150475
:20A2200002FD0100020301870203040516F70605FD040302011201020334F735FD030211D9
:20A24000100102030201F7100113FD0122040546F70534FD230425140311F740FD0203245D
:20A2600003011001F703020314FD15160716050433F70201FD033403023102F7130415FDAF
:20A28000241315160706F705040312FD03541514F7030160FD016047010304FD03F822118A
:20A2A0001301301112FD1801020714760211021314F745FD14010001021334F733FD32035E
:20A2C000040506F707061504FD1312130241F7031403FD0403240302030405F7340536FD2D
:20A2E00005040311124703040304050603FD150102060417020328053499051625FD23082F
:20A3000007120605011302010100030234230103020514FD361302050114141303041415CD
:20A320000506761728FD792706052608170516141503FD02040102000301140204250524B7
:20A3400016031501030412011204FD03100021020103140607030804991557FD26081715DB
:20A360000614050323023401130202030405FD250405060415030506040523134030010432
:20A380000306FD020703281657796608070605FD140524251526040537360604151304FDDA
:20A3A0007040021004020600070328152679FD370615181407860312030214FD0315371651
:20A3C0000706061505040270000150FD1402030505270607883857FD970605240102030154
:20A3E000260205040505063607FD160504121250401101030205051616FD0727F83817064A
:20A40000041251FD481002270305262605051404037070FD011103040206250708A90615E8
:20A42000FD1607060504216810010314070326FD0204130536041304050202000301101079
:20A440001101400011FD00010104020503071618057916051647FD0827864625054636FDC6
:20A460000515140401A000028006FD0207030805A90605170607160504056814FD010001F4
:20A4800002132724160537040215061415FD027070020114000107051804068907FD0647C1
:20A4A0003618171436122467CD0103141506040505060605040102000308FC042706273695
:20A4C00028072928FA195AFC29080736DA37FC0627080705140903181517242802FC0129FF
:20A4E0001506FA0708096A19FC180746EA072605060706FC05060519140813572607080636
:20A5000009052A26FCAB0708193827FA1817FC16373605040A032904031118FC0317040579
:20A52000282629272A1817DB0819FC18270605030205CA57FC0604030403010379025003D5
:20A5400003FD1115000603170403582607C8191807FD16051305141735060516040501026C
:20A560006060FD021204030114031213040515140615FD1706284739A8081706050605FDDD
:20A580000305062705140602150302040101303001010403FD150203160403050416030185
:20A5A000153016072318790506FD0708271688050100110002032702FD0301067005025096
:20A5C000030215340637FD02040506033502030405064617088927FD0605032008872103A3
:20A5E000041305120605FD0104500240010304051506470605163506FD1514040515060772
:20A600000638070849173518FD073416250526161707061605040501026050FD0402060484
:20A62000570506177606040100FD1204370607485807060517140601FD150002260305168D
:20A6400037250603040101502001FD00010415060716083905040304080307010620050352
:20A66000041306FD07020804690537250807030530030110FD0203050506162707260605FF
:20A680000403013020020405050606FD07374808071706050603040113000114000406173B
:20A6A000279D0849181706080507040601094C03380100031400FD040605472706050604FA
:20A6C000040302121003010502270506FD1728281707060505030401011010030306010743
:20A6E000030826496D071818070607098C1608070506020504060607070808096904FD05B6
:20A7000007180706080407300501100301061407080549FD160504020840070603010002C0
:20A72000010503060507063807285D070716050015085C3703010002080600FD0504070733
:20A740000818291918080707060604023030030506FD0717083918170806072205044030AE
:20A76000040306FD0517461807050514040130101101040406050706FD0817393808070716
:20A780000606040330300305040705088D064907081705080206010400094C013800032455
:20A7A00000FD050516163737061605330504030405061607FD580768070605070306100571
:20A7C00004110304030504069D050706482716070406030400096C02380113001903140507
:20A7E000FD070638171827076606052403071568FD0647072616050434030211050316049C
:20A80000FD051746160504050203010240300101040306FD350708493628050403A7010092
:20A820000113FD05060748060706071516031512340110FD211526130427050625460413D5
:20A84000150130FD0627127804061726F705040302FD040200030556250615030301FD12FB
:20A86000221104130506042776581507FD06031402230322040504560506074817FD06270C
:20A8800005042356010204150504060537040114FD261103051004050316010437061516DB
:20A8A000680516FD151607061505040413023324250201020605FD2706077838070504022A
:20A8C0000740061514FD0105100607026845140701052004032101CD0304000502070518CA
:14A8E0003649050403080007086C5807050305040709070CC3
:02000004006892
:20A00000F40A2B0C071D0601090C03060B16070C0A1D180B0A0C05051A0601090A0C0A1CBE
:20A020000D1B0C0A0A4A0308060B0B1D0C0B0C08071A0604080A0C191C1D030B0B00090959
:20A04000040A0B070C1D080D0A0C0C09091A070308080C191B1D07090C04030B07040C0692
:20A06000091D050A01090C10121B15082C1A0705081B1606086C0439070602031A060719A7
:20A080001B280A0C1B1D07180A0C190B090C080A2D071B08111A1C030B2D041C09080B0C8E
:20A0A00007190B280C0B1D0C190B0C091B1807090C091AFD070509100708061908072816C5
:20A0C000180705070408071A1908060C09000B1A030C091D090A28090C040B000C06091DFB
:20A0E000081B190C091B060500080C060B1D180C0B0C06081A070318080C1A1D0702082C9A
:20A10000060301060708FD040905081016050807193918070812160708190918070C001BB7
:20A120000A044B081C1A0B07090607FC090A1B1B090804000207091A1A090806070708088B
:20A1400019090708050704FC080859090807090A0908070508060A091B1A09080607090A8A
:20A160000BFC0B0C0A0B0808050509091B1B0A0804000008090B1B0C0B090807040908FCBD
:20A180001B1B0A08060001050709191A071904070A191B080A061927BC180609081A090851
:20A1A00009061704080A0A0B0B0A0A094B17070A0A1C1B0B0A0A0909080A280A0C1C1D05B3
:20A1C0000B0C00080B11070C0A1D071B090C08091B1605080C071AED1609011803064907D9
:20A1E00006051708060500040408081A090C0A071B090117060C0A1D080B070A0C05071A07
:20A2000036060A0C1C0D0C190A0A07180A080B0A09FC0B0A0A0807000405070819190818A7
:20A220000708071706070809191A0808FC04000107090A0B0B0A0A0701000005091A1B09F7
:20A2400009000001070A0B1C0C0B8C0A080405060A0A1C0B0A0B0408001906FD180A080155
:20A2600010000408070908181729180718060709090A08095D050500040609090B0A0A0837
:20A2800009FC04050308091B1B09090406050709181A173908590806FC0708060700030623
:20A2A000070A0A1B0B0909030506080A0B0B0C0A0B060700023C07091A0B0A08091B000539
:20A2C0000304FC090A1B0B09090406030708299A2806020316FC0903080009070B190C0BAD
:20A2E00008090307070A0A1C0B0A0B061803090B0B0C6C0A0B090814060A091C1B0B2B086C
:20A300000700060708FC0A0A0B090A04170007091A1A0819100A081B1A0A08190200FC0AE9
:20A32000029B05060411000518160A1907091A1AFC0908070606070709281A1906075A08C5
:20A340001916072B199C080A04050008091B1B191A0809075B060100050409080B0A2C0B72
:20A36000FC1A0B090A18090809091A1A0909070705010000010506080729082C090A180968
:20A380002B0600030709097C1B0B0A090307000A091C1B0B090B18049A080B0B1C0C0B0A37
:20A3A000060601080A0B1C1C0B290A09090A0B0C2A1C0D0C0A0A180408060A090A1C1A1BBF
:20A3C0000B091A0A180B0B0C091C1D07040B1C081A092D051B06030A8C0708010703280638
:20A3E000050409162A011B0509030A0C041B1D00020A0C06190B070C030B1D061C080C19BD
:20A400000B1B0A080B0C072C1D06048C074B1217052A1103092B180809091A1C28081B0161
:20A4200017030C091D281B0C091B1707090C181B1D07090C05030B06050C070A1D391B0C06
:20A44000091A0418080C1B1D09080A0C07060B06030C00091D021B060C07091B0606070882
:20A460000C081AFD17081005070709190A091718181906080509081A0907090C09180B1A31
:20A480000C0A1D290B0A0C061B1805090C191B1D07090C05050B26070C0A1D1B170C091BA8
:20A4A000060717082C190908071B1901040C0807AD032824190605280200051A0706090C34
:20A4C00008070B19080C0A1D081B090C3A181B0A0C1B1D0907090C03000B06060C070A1DA2
:20A4E000040B070A0C06040B02060C171B0D0C19092B062703070C19ED02031801021917D6
:20A500001806081919180807390605002C160809090B1D080C190B0C091A1A080A0B2B1B10
:20A520000C0B091A5A03050B091C0A092B0609050A07DC2919082807160705060607282812
:20A540000707060807FD0619070607000301050708180908050503060608271918081919B4
:20A560005D0818070609080A09090C3A061B00060C091D090A08090C19070B080C180B1DD6
:20A580000C390B0C091A070A0C1A1C1D080B0C04180B030C050B1D080C090B0C08081A06E6
:20A5A0000027080C1B1D02090B07020A06050B070A4C090B0A0A090707040807AD04190769
:20A5C0000507000502070406010100050309171A0C18081B0719092C1B0A08091B07050614
:20A5E000070C070A1D280B0A0C061B060407090C191B1D18090C060B19070C0AFD080B09AC
:20A600000A0718010609081A09080906080539070601000A021B000C171A1B180B1C1C2968
:20A620000B0B190A280B0B1C1C070B0A280808070A0A0C091B0D070C08091B070506070C5B
:20A6400028091D0A09AC09061705171806170405180705060107052D0609190A090C9A0523
:20A660000B030C091D1B0C091A06090C1B1D080A0C07160B180C0A1D0A1B4B0C080A0309D2
:20A68000062B19FC083A1608070916180819090807070608091A1B09094C07060608090BBD
:20A6A0000A1C090B051B0A0009060C1A0A1D0B080A0C17080B070C060A1D081C1A0C0A1BD8
:20A6C000090837090C0B1D0C0B0C06181B03060A0C081B1D0610090C070B06080C040A1DB8
:20A6E000100B0A0C01061B000404090C071B1D0614090C060B16070C0A1D081B190C091BAF
:20A700000808070A0C081B1D0510090C050B01070C000B1D040C060B0C03071A1000080CE1
:20A72000061B1D0820090B0009010B160A1D0C080B0C17081A05080A0C0A1C1D0B0A0A0C58
:20A7400007000B05010D000B1E070C290B0D070B000A0A090C1B1C1D0A0A0B080009070190
:20A760000B280A1D1C0C060A1A010603090C071C1D09160A0B1009100B0A1D050C090B0C0E
:20A7800008080907000709070B1B0B1D0C2A0A0B0117045B0A0B0C0C0B0A08000002070817
:20A7A000FC0A1B0B0909150709091B1B0A0A07490306180708062708FC096A08292A090952
:20A7C000070808090A1A0B0A080500028C010A091C1B0A07020206090B1B1C0B091A0A029A
:20A7E00019070C0B1D1A0C0B0C08071A0605080A0C191C0D0C0A0A0A190108030A0A0A1CAB
:20A800004B0B0A0A070300060809AC1A0B0A0805000003060819090707010402080807FD69
:20A8200079080705170503071A19090706000505090A1A0B095D0801030007080A0A0B1921
:20A840000AFC080407080A0A0B0B0A0A0807050607081909080707150819060518018C064C
:20A860000A191B070A0409070A0A0B0B0A0A095B080507080A0B0B0C0A0B071A2A04080C13
:20A880000B1D090C080B0C06080B05040C02091D071B190C081A080006050C020A1D050B45
:20A8A000070A0C18181B090A0C0A1B0D190C091B080426070C0A1D0B380A0C071B06090C94
:20A8C000191B1D280A0C180B0C270A1D1B0C06091B020501070C170A1D0B04090C00000A94
:20A8E00006010B180A1D1C090C060A1A0507060A0C091C1D0A180A0B010907050B180B1DAA
:20A900000C090B0C070819050008090C091C1D0A180A0B010907020B090A1D1A1C0C080AA6
:20A920000A2408090B0C1D1D08160C0B1A09030B010C1D051D080B190B0709050A0A0A1B50
:20A940001C1C4A0A090506060A0A0C0B0D090A0C08061B1400080C071A1D0503080C050347
:20A960000B07000C0604FD00671506170506080809090808070614030406050504018D1002
:20A9800010040606373718064C08060708090A0A0B090A0B170609000A08090C191B1D06B8
:20A9A000091C1705070D090A1E080B060A0D03041C0002060A0D081C0E010D070A0C10042E
:20A9C0000B070C040B1D080C290B0C091A073A090C1B0D0C090A190309040A1A091C0A4B52
:20A9E000090B060A040B080C19ED0A090618030719090838070614071005070719190C0ADA
:20AA0000071B2900060C1A1D0807090C06040B05000C00091D011B070C08091B06010206C8
:20AA20000C270A1D0B0A0C18070B050C07082D061A0800091C05080609ED031A070609108B
:20AA400008291410180519170715030609091E060A01090D07071C080619081D1A1A0C081A
:20AA60001B090428070C0A1D0B170A0C081B0607080A1C091C1A0B0B08191904090A0B1BEA
:20AA80007B0C0B0909050708090B1B0C0B09094A0508080A0B1C0C0B0B09080908050A07BC
:20AAA000090C181B1D06090C00100B040C05091D170B0A0C16061A0007080C081B1D0908E6
:20AAC0000A0C06180B070C080B1D1A0C0B0C09081A18050A0C091C1D0A070B0B06080904D5
:20AAE000090B060C1D080D0A0C0C090A1A0709060B0C071D0D080C090C0A041A07000B04EA
:20AB00000C1D070D090C0C080A1917070A0C091C1D0A080A0B061008040B050A1D070C099A
:20AB20000B0C07080805000704090B171C1D040A0A0510000108070A0C090C0D170B0B07CA
:20AB40000500000205080B180B1D0C070A0C03050B05060C060A1D081B690C081B05080C42
:20AB60001AFD0908072716070818091A0908090658021502007D04190706080207060809BF
:20AB8000091A080C19080B050C08091D091B0A0C09091A070204070C000B1D160C0B0C0329
:20ABA000080A07060B190A0D1C0E070D080A0B07040A16070C0B1D190C0B0C060719070011
:20ABC00008090B191B1C08091B2705060C091D050A04092C070400000506BD031807050730
:20ABE000120627040100080509181A01191C06180A1D1B090C3A0A1B08090C1B1D190A0C3B
:20AC000018060B030C07091D081B090C0A091B080306070C080A1D260B0A0C070B07050CA5
:20AC200005082D061A0806080C07000B09050C3A0A1D0B0A6C270908060511010607086DB3
:20AC4000011A170906080709180A092C0906070708091D061A070C08081B1702070C090B5B
:20AC60001D3A0C0B0C090B050C19092D1B0A06090C01010B05050C070A1D191B0C28091BC9
:20AC8000080A0C091B1D0804090C00020B04050C050A1D280B0A0C061B050206090C091B36
:20ACA0001D0A09090C38040B050C091D0B090A0C28071A00080C191B1D08090C03010B00CD
:20ACC000060C040B1D090C0A0B0C0808190705080A0C091C1D0A070A0B150309060B170BF1
:20ACE0001D0C080B0C05080A10000B090D061C0E050D080A0B07030906060B080B1D091CE6
:20AD00000A0C080A1916060A0C081C1D09060A0B051009000B070A1D091C0A0C0809191788
:20AD200000090C091C1D0A080A0B041008010B000A1D040C080B0C040719000001090C05D8
:20AD40001C1D09080A0C06010B05000C07091D191B0C08081A070006070C050A1D140B0A64
:20AD60000C08180B090C080A2D171B000A2C16090A391B1D0A0C191B08090B0C0A1C1D0988
:20AD8000060B0C05090B080A0C091C1D0A190B0B070907060A080A0C091C0D080C260A0920
:20ADA00007080A0B080C1D070D050C0B040907050509080A0C091C0D1A0C0A090804070744
:20ADC000070B060B1D070C090B0C08081A0706590A0C1C0D0C0A090208050A3A091C0B0A85
:20ADE0001B0629020C08BD0A0A09090717052618370507080701161C0719091D1A0A0CAB09
:20AE0000081A04070B191C070B040A020B07DC190A082927081617071808070610010708B1
:20AE20001D081A090C0A081B090418070C0A1D070B010A0C00060B14040C092D071B09155E
:20AE4000091C0606080D080A1E070B160A0D061C050306091D071B090C0A091B0906080863
:20AE60000C490A1D0B0A0C070B030C18071D1A090C1A081B0509070C080A1D071B160C0ACE
:20AE80001B0809190A0C1B1D08060A0C08181B097A091C1A0B081A07090B1A1C09081B084C
:20AEA0000415050C0A1D061B070C06091A0707280A0C1C0D0C090A1A080403070C040B1DE8
:20AEC000070C280B0C090A060B070A0D081C0E000D270A0B0409070B190B1D0C0A0B0C09CD
:20AEE000081A080009090C1A1C1D090A0C07050B05070C070B1D090C0A0B0C09081A0803CE
:20AF000009080C1A1B1D08090C05010B16060C0A1D070B280A0C071B0019050C18AD0604DA
:20AF2000061014010310010405070708080604101C0809082D081A0916080C040B28070C90
:20AF40001AFD09090604000003051707060612240301100006071929070C100B2A0C091D69
:20AF60001B5B0C081A00050C0A1D0B0A0A0C08050B07000C04092D081B0A06090C01010B10
:20AF800005050C070A1D080B090A0C08071B1700062C08190A39071B04060C08AD1809084E
:20AFA000170708185917080908084C1905070A19FB080B030A000B081C1A0B081904080B87
:20AFC0001B1C0A0A080607080A092C1B0A0809051B070108005C190809080806060508189D
:20AFE00004FD05071005260102100506050818090806060007040A091B0A085D09020600F0
:20B0000009081B0A090A08FC1800060B0A0C0B0B0A0906010005090A0B0B0A0A060700061F
:20B020000408091A0A09FC091708090A1A1B090A0718060709191A07090108000A052B385C
:20B04000EC0A29091A08090217000609090A0A090908080609090C0B1B1D0A08090C0701A0
:20B060000B18050C0A1D090B080A0C03051A020006090C191B0D0C2A090A0209080B0B0B46
:20B080001C1C0C0B0A0B08053A06080A0C1C1D080A0C03030B04060C080B1D9A0C0B0C096D
:20B0A0001A04090C1B0D0C090A0009010A0B091BFC0A090904050108081A1A08090308044D
:20B0C0001926180709181A07AC1906072A0A0B090802050008081A2A098B18090A097B1AF6
:20B0E0001807162A070C091D090A18090C050B09030C08091D071B180C081B1404090C0884
:20B100001B1D19090C28100B0C091D0A1B4B0C0A0A0709082B1AFC090918070809591A298D
:20B12000080807070809090A0A090906FC1600070A0A0B0B0A0A08070008070B1A1C080AE3
:20B140000208030A091C0B0A0BFC08070206080A1B1B0A08060301070619080708030701D4
:20B16000080609275AFC0849191A0A090808100508091A1B07090106FC0008081B1A0907D1
:20B18000110308091B1B09091600060A0A0B0B0A0A0707FC00050509091B0A080810000776
:20B1A000090B1A0C0B0809060708091A1B0909EC140708080A0A1B09071A00040B071C0929
:20B1C000070B1019060B191C0B0A080B19000A040C080A1D490B0A0C071B05072C08190976
:20B1E00007071B060007070D080B1E070C010B0C07071A0505070A0C291C0D0C0A1A0803CD
:20B2000004070C050B1D070C060B0C05081B0106180A1D1C1A0C0A0A180307070A090B1C93
:20B220004A1C0A0B080A0A0B0B0B1C0C2A0B0B091A05AB081B190A081907182A07080B0A47
:20B240001C19FC0B061A00051B090A0A0707000507090A1B0B0A0A070806090A1B1CFC0A89
:20B260000B0719105A050604261905070A081B09070AFC0309040A081B0908091002040827
:20B28000091B1B090A12090A071B09080A9C03080009045A07380609000A3B050B092C0A0A
:20B2A0000909051B070006090C081B1D07040A0C00060B01080C050B1D271C0C0A1A1609F4
:20B2C0000B0C181C1D060B0C02190B010C060B2D080C090B05091C160608FD031A070509D3
:20B2E0000028010506070415030617070505010400070619080D05080C06060B18070C0A24
:20B300002D190B0A05071C2601071D1A080C09081B070100060C020A1D041B050C07091B67
:20B32000060707090C091B1D08070A0C16070B040C03091D041B150C091A0608050A0C078A
:20B340001C1D09080B0C05190B060C050B1D080C090B0C38081A03080C1B1D0918090B0111
:20B36000070902090A0A0C0B1C0D0A0C390A080506090B0C1D080D040C0A061A000008015D
:20B380000C0C061D0D000B070B061309030B0B171D1D060B0B03050701030A060B1D071D31
:20B3A000090B080B051608040A0B180C1D0D050C0B061A09040A070C0C081D0D030C020C1B
:20B3C0001A051B060B381C1C0B2B1A0627FB2C045B07051605043A070605065B04163B087A
:20B3E000590A0A09090A0A0B1B1C08030A1B020805090C270B1D0C0B0C08090B17080C0A61
:20B400002D091C0A080A0C07080B18090C0B1D070C180B0C191B07080B0C091C1D07040B4F
:20B42000DC071A05061B180A272905181009071A39091B07080C080A1D060B010A0C00054C
:20B440001A050008090C091B0D080C09090B07010A18070C0B1D390C0B0C081A051A0A0C36
:20B460001C0D190C0A0A180309070B090B1D080C090B0C08081B060308090C0A1B1D080133
:20B480000A0C00180B070C080A1D170B0A2C0808070708085D03290506071A0807090C09C9
:20B4A000180B1A0C0A1D290B0A0C181B08090A0C0A1B0D090C0A091B1904060C1A0A1D0B88
:20B4C000390A0C071A00090B1A1B1C09090B17040A060B080A1C6A1B0B0919070A0B1C1C10
:20B4E000090B0B05190A010B050B1D040C070B0C16091A07070A0C081C1D09050A0B0406D3
:20B500000915080B0B1D060C080B0B07070305000107090B191C1D060A0B04050903080BDB
:20B52000050C1D070D090C0C070919060108090C0A1C0D1B0C0A090A000129040A0B1D0D77
:20B540000A0C0C0809070901040A090B1B1C1D4A0A0A1004090A0C0C0D390B0C071A00070F
:20B560000C1A0A1D0B190A2C0707080909FD171A0409012814022703060706060502020036
:20B58000050507070806077D030500020213011004070319040C58071B03080C0A1D0B09CE
:05B5A0000C06030C0382
:020000040000FA
:206317005D6F2600547BE680B220110610ED6A17933001833FED6A10F65FEBC906097D6CEA
:146337002600CB1DED6AED523001193F1710F5CB10505FC9B6
:20634B004F3A54C4FE062807D6092810C3696379E60F878787874779E60FB0C979C979C97C
:20636B00303132333435363738394142434445462E003E0FCD5B65210BC4360021000022FF
:20638B000CC43A54C4B72817FE012862FE02281DFE032827FE062831D609283BC3F76321DF
:2063AB000AC436032128002221C4C3F963210AC436032120002221C4C3F963210AC43603A5
:2063CB002120002221C4C3F963210AC436182100012221C4C3F963210AC436182E003EFF1E
:2063EB00CD5B652100012221C4C3F963AFC93E01C94F2120C4ED6779ED6F7EE60F28043DE4
:20640B00281FC93A54C4FE062809FE082805D6092808C921F666221EC4C921C765221EC434
:20642B00C9210268221EC4C9DDE5DD210000DD39F5F5EB7AB32042ED4B040021080009EB9D
:20644B002106C436080107C43E08022108C436062109C43608211BC43601211CC436FF2111
:20646B001DC436FFED5323C40A4F06007B914F7A9847ED4325C4C30865210400194D446B3E
:20648B00622323237EDD77FC6B6223237EDD77FD6B62237EF5E60FDD77FEF107070707E6D9
:2064AB000FDD77FF1AF5E60F5FF107070707E60F572106C4722107C4732108C4DD7EFF7739
:2064CB002109C4DD7EFE77211BC4DD7EFD77211CC4DD7EFC77DD7EFCDD96FD3C321DC4ED52
:2064EB004323C4C5DD66FD2E005506082930011910FAC179954F789C47ED4325C4DDF9DD0F
:20650B00E1C94F453A54C4FE062805D6092820C978878787875FB03227C47BB13228C4793C
:20652B00878787875FB03229C47BB1322AC4C92127C4702128C4702129C470212AC47121D9
:20654B002BC471212CC470212DC471212EC471C9DDE5DD210000DD393B4FDD75FF3A54C47C
:20656B00D6063E0017EE0128201E007BD60C300B210EC4160019711CC37665211AC4DD7E4B
:20658B00FF77DD6EFF79CD0D6533DDE1C9EB3A54C4D6063E0017EE01C80E0079D60CD069F7
:2065AB00260019463E0E816F3EC4CE0067700CC3A665CD3364AFCDFC63C37B63DDE5DD21EE
:2065CB000000DD3921FAFF39F95FED4B25C43A07C4C5672E005506082930011910FAC109C5
:2065EB00E32A00C0DD75FCDD74FDDD36FF002107C446DD7EFF90D29F66211AC44E3E0EDDAC
:20660B0086FF6F3EC4CE0067466978CD0D65DD7EFADD86FF4FDD7EFBCE00470ADD77FE070A
:20662B0007E60326006F291127C4194E2346D1E1E5D5712370DD4EFCDD46FD0303DD7EFEBF
:20664B0007070707E6036F2600291127C4195E235669607323720303DD7EFE0F0FE6036FDA
:20666B002600291127C4195E235669607323720303DD7EFEE6036F2600291127C4195E2367
:20668B005669607323720303DD71FCDD70FDDD34FFC3F965DD70FCDD36FD00ED4B0CC43A62
:2066AB000BC4DD77FEDD36FF00ED5B00C0215AC4DD7EFE7723DD7EFF77ED435CC421080018
:2066CB00225EC42160C4DD7EFC7723DD7EFD771A3262C42163C436002164C436F0D5CDD590
:2066EB0071D1EBCD0072DDF9DDE1C9DDE5DD210000DD3921FBFF39F95FED4B25C43A07C41E
:20670B00C5672E005506082930011910FAC109E32A00C0DD75FDDD74FEDD36FF002107C401
:20672B0046DD7EFF903079211AC44E3E0EDD86FF6F3EC4CE0067466978CD0D65DD7EFBDD3B
:20674B0086FF6FDD7EFCCE00674E790707E6035F2127C41600197ED1E1E5D577DD5EFDDDE0
:20676B0056FE137907070707E6030600C6276F78CEC4677E1213790F0FE6032600C6276FB1
:20678B007CCEC4677E121379E6034F06002127C4097E1213DD73FDDD72FEDD34FFC328676B
:2067AB00DD70FCDD36FD00ED4B0CC43A0BC4DD77FEDD36FF00ED5B00C0215AC4DD7EFE77E9
:2067CB0023DD7EFF77ED435CC4210800225EC42160C4DD7EFC7723DD7EFD771A3262C42165
:2067EB0063C436002164C436F0D5CDD571D1EBCD0072DDF9DDE1C9DDE5DD210000DD39F5B7
:20680B003B5FED4B25C43A07C4C5672E005506082930011910FAC109E3ED4B0CC4ED435C32
:20682B00C42163C436002164C43650DD36FF002107C4DD7EFF96D200690162C43E0EDD863D
:20684B00FF5F3EC4CE00571A023A0BC44F0600ED435AC4DD7EFDDD86FF6FDD7EFECE006729
:20686B004ECB792805C5CDD571C1ED5B5AC413ED535AC4CB712805C5CDD571C1ED5B5AC476
:20688B0013ED535AC4CB692805C5CDD571C1ED5B5AC413ED535AC4CB612805C5CDD571C1B9
:2068AB00ED5B5AC413ED535AC4CB592805C5CDD571C1ED5B5AC413ED535AC4CB512805C527
:2068CB00CDD571C1ED5B5AC413ED535AC4CB492805C5CDD571C1ED5B5AC413ED535AC4CB86
:2068EB00412803CDD571ED4B5CC403ED435CC4DD34FFC33A68DDF9DDE1C93A54C4D6063E25
:20690B000017EE01C83A1AC4CD4B634FED5B21C4210000225AC4225CC4ED535EC42ED42266
:20692B0060C42162C4712163C436002164C436C0CDD571C38971DDE5DD210000DD3921FBF1
:20694B00FF39F95F3A54C4D6063E0017EE01CAED693A08C4672E005506082930011910FA8F
:20696B00EB210BC44E69AF67ED523006110000C38469260069BFED52EB211AC44ED579CD4E
:20698B004B63D1DD77FB3A09C4DD77FCDD36FD003A0BC406006B624FBFED42DD75FEDD74FD
:2069AB00FFED4B0CC4ED535AC4ED435CC4215EC4DD7EFE7723DD7EFF772160C4DD7EFC77FD
:2069CB0023DD7EFD772162C4DD7EFB772163C436002164C436C0D5CDD571D1210BC473CD00
:2069EB008971DDF9DDE1C92A1EC4CD8C77010BC40A2108C45E8302C94F06007895D0E5C50A
:206A0B0079CDF269C1E104C3066AEB1A4FB7C8D6092021210BC44E3A08C4210AC446803DC8
:206A2B0081320BC4210BC44E3A0AC43D2FA1320BC4C3756A79D60A2019210BC43600ED4BE3
:206A4B000CC43A09C426006F094D44ED430CC4C3756A79D620200D010BC40A2108C46E852D
:206A6B0002C3756AD579CDF269D113C3166A6F01800078D608D07DA12806113100C38E6A6B
:206A8B00113000E5C57BCDF269C1E1CB3904C37D6A5F016B637B07070707E60F6F260009B1
:206AAB0056C5D57ACDF269D1C116007BE60F6F2600094E79C3F2694CE579CD9C6AE17DC300
:206ACB009C6ADDE5DD210000DD39FD21F6FFFD39FDF94D4450CB7A280DC53E2DCDF269C11C
:206AEB00AF914F9F9047210000393600E5FDE1DD71FEDD70FFFDE5E123DD7EFED60ADD7E21
:206B0B00FF173F1FDE80382EE5FDE1E5FDE5110A00DD6EFEDD66FFCDA379FDE1E17BC630E9
:206B2B0077FDE5110A00DD6EFEDD66FFCDBF794B42FDE1C3FA6A79C630777EB7280B2B4FEC
:206B4B00E579CDF269E1C3456BDDF9DDE1C9DDE5DD210000DD3921F5FF39F921110039E388
:206B6B00DD7E04DD77FEDD7E05DD77FFDD6EFEDD66FF7EDD77FDB7CA936EDD7EFDD625C2B5
:206B8B002C6EDD6EFEDD66FF23DD36F7004E79D630380C3E3991380779C6D0DD77F723DDE6
:206BAB0075FEDD74FFDD6EFEDD66FF7EDD77FDD63038233E39DD96FD381CDD6EF74D292930
:206BCB000929DD7EFDC6D085DD77F7DD34FE20D5DD34FFC3B06BDD7EFDD6692807DD7EFDAA
:206BEB00D6642047DD7EF5C602DD77FADD7EF6CE00DD77FBDD7EFADD77F5DD7EFBDD77F6D7
:206C0B00DD7EFAC6FEDD77FCDD7EFBCEFFDD77FDDD6EFCDD66FD7EDD77FC237EDD77FDDD68
:206C2B006EFCDD66FDCDCD6AC3876EDD7EFDD6752047DD7EF5C602DD77FADD7EF6CE00DD77
:206C4B0077FBDD7EFADD77F5DD7EFBDD77F6DD7EFAC6FEDD77FCDD7EFBCEFFDD77FDDD6E51
:206C6B00FCDD66FD7EDD77FC237EDD77FDDD6EFCDD66FDCDCD6AC3876EDD7EFDD678C292D0
:206C8B006DDD7EF7B72004DD36F704DD7EF5C602DD77FADD7EF6CE00DD77FBDD7EFADD77C4
:206CAB00F5DD7EFBDD77F6DD7EFAC6FEDD77FCDD7EFBCEFFDD77FDDD6EFCDD66FD7EDD77FE
:206CCB00F8237EDD77F93E03DD96F73014DD7EF907070707E60F4F0600216B63097ECDF2E5
:206CEB00693E02DD96F73033DD7EF9DD77FDDD77FCDD36FD00DD7EFCE60FDD77FADD36FB66
:206D0B00003E6BDD86FADD77FC3E63DD8EFBDD77FDDD6EFCDD66FD7ECDF2693E01DD96F7E4
:206D2B003052DD7EF8DD77FCDD7EF9DD77FDDDCBFD3EDDCBFC1EDDCBFD3EDDCBFC1EDDCB8C
:206D4B00FD3EDDCBFC1EDDCBFD3EDDCBFC1EDD7EFCE60FDD77FADD36FB003E6BDD86FADDFB
:206D6B0077FC3E63DD8EFBDD77FDDD6EFCDD66FD7ECDF269DD7EF8E60F4F0600216B63097B
:206D8B007ECDF269C3876EDD7EFDD6622053DD7EF7B72004DD36F710C1C503033333C50B7E
:206DAB000B0ADD77FC030ADD77FDDD46F70521010004C3C16D2910FD7CB5CA876E7DDDA6A9
:206DCB00FC4F7CDDA6FDB1280AE53E31CDF269E1C3E56DE53E30CDF269E1CB3CCB1DC3C33B
:206DEB006DDD7EFDD6632010E1E523233333E52B2B7ECDF269C3876EDD7EFDD6732013E19A
:206E0B00E523233333E52B2B4E236669CD156AC3876EDD7EFDD62520633E25CDF269C387AC
:206E2B006EDD7EFDD609201B010BC40A5F3A08C4210AC456823D83025F3A0AC43D2FA30227
:206E4B00C3876EDD7EFDD60A2018210BC43600ED4B0CC43A09C46F260009EBED530CC4C36E
:206E6B00876EDD7EFDD620200D010BC40A2108C45E8302C3876EDD7EFDCDF269DD34FEC2E4
:0D6E8B00776BDD34FFC3776BDDF9DDE1C906
:206E98005F3A39C4E6E76FCB432802CBE5CB4B2802CBDD3E01CD56733A38C4E6F14F7BCBC1
:206EB8003FE60EB16FAFC356733E01CD986E110000210000CD9973110008210000C3957409
:206ED8003E02CD986E110008210000CD9973110000210000C39574AFCD986E1100182100AA
:206EF80000CD9973110020210000CDFC73110000210000C395743E04CD986E1100182100B6
:206F180000CD9973110020210000CDFC73110000210000C395740100001100002E007DD661
:206F380008D07BC5FDE1E5C5D5E5210040E3F533FDE5D1AFCDB870D1C1E178C640473001B3
:206F5800132CC3366FAFD3993E8ED399FD210200FD397BF3D3997AE63FF640FBD3990E980D
:206F7800FD7E00A7CA826F47EDB3FD7E01A7CA916F0600EDB33DC3856FE1F1E94FAFD39989
:206F98003E8ED3997BF3D3997AE63FF640D399FDE1D179431B14D39810FC15C2AE6FFBFD89
:206FB800E9AFD3993E8ED399FD210200FD397DF3D3997CE63FFBD399EB0E98FD7E00A7CAC6
:206FD800DD6F47EDB2FD7E01A7CAEC6F0600EDB23DC3E06FE1F1E9AFD3993E8ED3997DF3AD
:206FF800D3997CE63FD39900FBDB98C947AFD3993E8ED3997BF3D3997AE63FF640D399789C
:20701800FBD398C93E0CCD986E110000210000C399733E1CCD986E110000210000C39973DD
:20703800F3D3993E8FD399DB996FAFD3993E8FFBD3997DC94FCD8971693E12C34A73AFF337
:20705800D3993E90FBD3990E9A0620EDB3C9F3D3993E90D3997BD39A7AFBD39AC9FD2102F4
:2070780000FD39FD7E0087874F7A0707E60381F3D3993E8ED3997BD3997AE63FF640FBD3D7
:20709800990E98FD7E01A7CAA57047EDB3FD7E02A7CAB4700600EDB33DC3A870E1F133E9F2
:2070B80047FD210200FD39FD7E0087874F7A0707E60381F3D3993E8ED3997BD3997AE63F34
:2070D800F640FBD399FD5E01FD560278431B14D39810FC15C2E770E1F133E9FD210200FDB0
:2070F80039FD7E0087874F7C0707E60381F3D3993E8ED3997DD3997CE63FFBD399FD6E017F
:20711800FD66020E98FD7E03A7CA277147EDB2FD7E04A7CA36710600EDB23DC32A71E1F136
:20713800F133E947FD210200FD39FD7E0087874F7A0707E60381F3D3993E8ED3997BD39945
:207158007AE63FF640D39978FBD398E133E9FDE13BD17A87874F7C0707E60381F3D3993EA9
:207178008ED3997DD3997CE63FD39900FBDB98FDE93E02F3D3993E8FD399DB991F3E00D337
:20719800993E8FFBD399DA8971C9CD89713E20F3D3993E91FBD3992156C40E9BF3EDA3ED5F
:2071B800A3EDA3EDA3EDA3EDA3EDA3EDA3EDA3EDA3EDA3EDA3EDA3EDA3FBEDA3C9CD897139
:2071D8003E24F3D3993E91FBD399215AC40E9BF3EDA3EDA3EDA3EDA3EDA3EDA3EDA3EDA345
:2071F800EDA3EDA3FBEDA3C93EACF3D3993E91D3993E02D3993E8FD399230E9BDB991FD269
:207218001F72EDA3C31472AFD3993E8FFBD399C921DFF31138C4010800EDB021E7FF1140D6
:20723800C4011000EDB021D8C43601C94F3AD8C4B72005C5CD2872C12154C47977B7281CF5
:20725800793D282079FE022823FE032827FE06282BFE09282FD60A2823C3A172C5CDC16E8D
:20727800C1C3A172C5CDD86EC1C3A172C5CDEF6EC1C3A172C5CD0E6FC1C3A172C5CD1C70A6
:20729800C1C3A172C5CD2A70C1C53E40F5332EBF3E01CD69733E20F5332EDF3E01CD697397
:2072B8003E02F5332EFD3E08CD6973C179D6063E0017EE01280E3E80F5332E7F3E09CD6994
:2072D80073C3E672AFF5332E7F3E09CD6973AFF5332EF73E09CD6973AFF5332EFB3E09CD94
:2072F8006973C9CD1A73C83E01F3D3993E8FD399DB99E63E0F08AFD3993E8FFBD39908C012
:207318003CC9AFF3D3993E8FD399DB99DB99A7F224733E02D3993E8FD399DB9908AFD39975
:207338003E8FD3993AE6F3D3993E87FBD39908E640C9677DF3D3997CC680FBD399C94F7D59
:2073580006002138C40977F3D39979C680FBD399C9DDE5DD210000DD394F5D2138C406007F
:20737800097EA3DDB6046F79CD5673DDE1E133E9DB99C94F0F0F0FE6E0F61F6F3E02C3569F
:2073980073DDE5DD210000DD39F5F53333D5DD75FEDD74FFE1E52265C4DD5EFDDD56FEDD70
:2073B8006EFF0602CB3DCB1ACB1B10F83A54C4FE042813FE062818FE072814FE08280ED63F
:2073D80009280AC3EB737BF6035FC3EB73CB3B7BF61F5F6B3E02CD4A73DD7EFE326BC4DD84
:2073F800F9DDE1C9DDE5DD210000DD39F5F53333D5DD75FEDD74FFE1E52267C4C1C5CB38BE
:20741800CB19CB38CB19CB38CB19CB38CB19CB38CB19CB38CB193A54C4FE032833FE042815
:2074380013FE05282BFE0F2812FE102815D6112818C36C7479F6074FC36C7479F61F4FC367
:207458006C7479F63F4FC36C7479F65F4FC36C7479F67F4F693E03CD4A73DD6EFDDD4EFEF2
:20747800DD5EFF0606CB3BCB19CB1D10F83E0ACD4A73DD7EFE326CC4DDF9DDE1C9DDE5DD4B
:20749800210000DD39F5F53333D5DD75FEDD74FFE1E52269C4DD5EFDDD56FEDD6EFF060307
:2074B800CB3DCB1ACB1B10F83A54C4FE032819FE052815FE102807D6112808C3E474CBC308
:2074D800C3E474CBCBC3E4747BF6035F6B3E04CD4A73DD7EFE326DC4DDF9DDE1C9DDE5DD06
:2074F800210000DD39F54D44DD7E04B72006210008C31475DD6E042600292929E3DD6E05E3
:207518002600292929FD2A69C4EBFD19C5FDE5DD6EFEDD66FFE53A6DC4F533FDE5D1696037
:20753800CD7570FDE1C1110008FD19C5FDE5DD6EFEDD66FFE53A6DC4F533FDE5D16960CDC0
:207558007570FDE1C1FDE5D121000819EBE1E5E53A6DC4F5336960CD7570DDF9DDE1E1F190
:20757800E9DDE5DD210000DD39F54D44DD7E04B72006210008C39875DD6E04260029292989
:20759800E3DD6E052600292929FD2A67C4EBFD19C5FDE5DD6EFEDD66FFE53A6CC4F533FD06
:2075B800E5D16960CD7570FDE1C1110008FD19C5FDE5DD6EFEDD66FFE53A6CC4F533FDE529
:2075D800D16960CD7570FDE1C1FDE5D121000819EBE1E5E53A6CC4F5336960CD7570DDF93A
:2075F800DDE1E1F1E9DDE5DD210000DD39F5F5DD75FEDD74FFDD6E0526002929292929ED6A
:207618004B65C409DD4E04060009E30E0079DD96073035DD5E061600C5D53A6BC4F533DDEF
:207638005EFCDD56FDDD6EFEDD66FFCD7570C1DD7EFEDD8606DD77FE3003DD34FFD1D5218C
:20765800200019E30CC32576DDF9DDE1E1F1F1E9DDE5DD210000DD39F5DD77FE4DDD6E0493
:2076780026002929292929ED5B65C4190600094D44DD36FF00DD7EFFDD96063021DD5E055F
:207698001600C5D53A6BC4F5335950DD7EFECDB870C1212000094D44DD34FFC38D76DDF952
:0676B800DDE1E1F133E920
:017A5900002C
:2076BE0067E6CF6F3E0FF3D3A07DD3A13E0FD3A07CD3A13E0ED3A0FBDBA2E63FC93E0FF368
:2076DE00D3A0DBA2CBB7B5D3A13E0ED3A0FBDBA26FC9DBAAE6F0B5D3AADBA96FC95FE60FE5
:2076FE006FCDF0764DCB3BCB3BCB3BCB3B2101001CC31377291D20FC06007DA14F7CA047A2
:20771E0079B7B03E01C8AFC94D44AF6FB00610200406087929CB111730011910F7EBC9C9E2
:20773E003EFFD32EC94FB7CA3E77C9015477E5C5CD7D77F1F1C9257300DDE5DD210000DDBF
:20775E0039DD5E041600017777D5E5C5CD7D7721060039F9DDE1E133E925733A25640021BE
:20777E000200393E01D32E7DD32F7CD32FC9E9CD0000C90A0D24004D447A0707E6036FC5BA
:20779E00D57DCD9E78D1C1696036F703696077037B02037A02C9EBCD0C00FBC9FDE5FD217B
:2077BE000400FD396B62FD5E00CD1400FDE1FBE133E9DDE52E0067E5FDE1D5DDE1CD1C00FC
:2077DE00FBDDE1C90F0FE6C0446778CD2400FBC94F45CD4700C9EBCD4D00C9FD210200FD11
:2077FE00394B42FD7E00CD5600E133E9FD210200FD39FD4E00FD4601CD5900E1F1E9FD2126
:20781E000200FD39FD4E00FD4601CD5C00E1F1E9DDE5DD210000DD3922D1F3ED53D3F3DD00
:20783E006E04DD660522D5F3DD6E06DD660722D7F3DD6E08DD660922D9F3DD7E0A32E9F3FF
:20785E00DD7E0B32EAF3DD7E0C32EBF3CD7500DDE1E1FD210900FD39FDF9E9CD8400EBC9FC
:20787E00CD8700EBC95DCD9300C92E00CD9C00C8CD9F00C9AFCDC300C967CDC600C9FDE917
:20789E005FCB2343DBA84F04C3AB78CB3910FC79E6034F21C1FC0600097E073034DBA8471D
:2078BE00F378E63F6F790F0FE6C0B5D3A8CBF93AFFFF6F26007D2F6F7C2F671CC3E178CB7D
:2078DE002CCB1D1D20F97DE6038787B14F78D3A8FB79C9C94FE680CA297979E603570F0FDB
:2078FE00E6C0B257DBA847E63CB2F3D3A8790F0FE63FE603573AFFFF2FE6FCB232FFFF7810
:20791E00E6C047DBA8E63FB0D3A8C979E60357DBA847E6FCB2F3D3A8C9DDE5DD210000DDD5
:20793E00393B01000078D604304D11C1FC7B805F3001141A07302C78E603DD77FF0E0079C0
:20795E00FE04302EE6038787DDB6FF5FCBFBE5C5D57BCD8C77D1C1E1B728047BC397790C81
:20797E00C35D79E5C578CD8C77C1E1B7280479C397790448C343793EFF33DDE1C95D6FCD32
:20799E00B779C3E579CDBF79C3E5795D6FCD1963EBC9CD1C63EBC95D6F7D079F677B079F12
:2079BE00577CAA177CF517300697956F9F9467CB7A280697935F9F9257CD1C63F1D04797B3
:1179DE00935F9F925778C917EBD097935F9F9257C931
:00000001FF
